"C:/PG/GFFproject/GFFproject.uproject" 1
"../../../Engine/Plugins/AudioGameplay/AudioGameplay.uplugin" 2
"../../../Engine/Plugins/Bridge/Bridge.uplugin" 3
"../../../Engine/Plugins/AudioGameplayVolume/AudioGameplayVolume.uplugin" 4
"../../../Engine/Plugins/EnhancedInput/EnhancedInput.uplugin" 5
"../../../Engine/Plugins/LightWeightInstancesEditor/LightWeightInstancesEditor.uplugin" 6
"../../../Engine/Plugins/XGEController/XGEController.uplugin" 7
"../../../Engine/Plugins/RenderGraphInsights/RenderGraphInsights.uplugin" 8
"../../../Engine/Plugins/JsonBlueprintUtilities/JsonBlueprintUtilities.uplugin" 9
"../../../Engine/Plugins/TraceUtilities/TraceUtilities.uplugin" 10
"../../../Engine/Plugins/ScriptPlugin/ScriptPlugin.uplugin" 11
"../../../Engine/Plugins/FastBuildController/FastBuildController.uplugin" 12
"../../../Engine/Plugins/MeshPainting/MeshPainting.uplugin" 13
"../../../Engine/Plugins/BlueprintFileUtils/BlueprintFileUtils.uplugin" 14
"../../../Engine/Plugins/Animation/ControlRigSpline/ControlRigSpline.uplugin" 15
"../../../Engine/Plugins/Animation/AnimationWarping/AnimationWarping.uplugin" 16
"../../../Engine/Plugins/Animation/AnimToTexture/AnimToTexture.uplugin" 17
"../../../Engine/Plugins/Animation/ControlRig/ControlRig.uplugin" 18
"../../../Engine/Plugins/Animation/DeformerGraph/DeformerGraph.uplugin" 19
"../../../Engine/Plugins/Animation/GameplayInsights/GameplayInsights.uplugin" 20
"../../../Engine/Plugins/Animation/LiveLinkCurveDebugUI/LiveLinkCurveDebugUI.uplugin" 21
"../../../Engine/Plugins/Animation/IKRig/IKRig.uplugin" 22
"../../../Engine/Plugins/Messaging/UdpMessaging/UdpMessaging.uplugin" 23
"../../../Engine/Plugins/Slate/SlateInsights/SlateInsights.uplugin" 24
"../../../Engine/Plugins/Animation/RigLogic/RigLogic.uplugin" 25
"../../../Engine/Plugins/Messaging/TcpMessaging/TcpMessaging.uplugin" 26
"../../../Engine/Plugins/Animation/MotionWarping/MotionWarping.uplugin" 27
"../../../Engine/Plugins/Animation/AnimationModifierLibrary/AnimationModifierLibrary.uplugin" 28
"../../../Engine/Plugins/Slate/SlateScripting/SlateScripting.uplugin" 29
"../../../Engine/Plugins/Tests/EditorTests/EditorTests.uplugin" 30
"../../../Engine/Plugins/Tests/FunctionalTestingEditor/FunctionalTestingEditor.uplugin" 31
"../../../Engine/Plugins/Animation/LiveLink/LiveLink.uplugin" 32
"../../../Engine/Plugins/Marketplace/Chestory/Chestory.uplugin" 33
"../../../Engine/Plugins/Marketplace/FabLauncher/FabLauncher.uplugin" 34
"../../../Engine/Plugins/Tests/FbxAutomationTestBuilder/FbxAutomationTestBuilder.uplugin" 35
"../../../Engine/Plugins/Tests/RuntimeTests/RuntimeTests.uplugin" 36
"../../../Engine/Plugins/Performance/PerformanceMonitor/PerformanceMonitor.uplugin" 37
"../../../Engine/Plugins/Enterprise/AxFImporter/AxFImporter.uplugin" 38
"../../../Engine/Plugins/Tests/InterchangeTests/InterchangeTests.uplugin" 39
"../../../Engine/Plugins/Tests/PythonAutomationTest/PythonAutomationTest.uplugin" 40
"../../../Engine/Plugins/Enterprise/DatasmithGLTFImporter/DatasmithGLTFImporter.uplugin" 41
"../../../Engine/Plugins/Enterprise/DatasmithC4DImporter/DatasmithC4DImporter.uplugin" 42
"../../../Engine/Plugins/Tests/RHITests/RHITests.uplugin" 43
"../../../Engine/Plugins/Enterprise/DatasmithIFCImporter/DatasmithIFCImporter.uplugin" 44
"../../../Engine/Plugins/Enterprise/DatasmithFBXImporter/DatasmithFBXImporter.uplugin" 45
"../../../Engine/Plugins/Enterprise/DatasmithContent/DatasmithContent.uplugin" 46
"../../../Engine/Plugins/FX/ExampleCustomDataInterface/ExampleCustomDataInterface.uplugin" 47
"../../../Engine/Plugins/Protocols/MQTT/MQTT.uplugin" 48
"../../../Engine/Plugins/FX/CascadeToNiagaraConverter/CascadeToNiagaraConverter.uplugin" 49
"../../../Engine/Plugins/Enterprise/DatasmithImporter/DatasmithImporter.uplugin" 50
"../../../Engine/Plugins/Enterprise/VariantManager/VariantManager.uplugin" 51
"../../../Engine/Plugins/Enterprise/DatasmithCADImporter/DatasmithCADImporter.uplugin" 52
"../../../Engine/Plugins/Tests/TestSamples/TestSamples.uplugin" 53
"../../../Engine/Plugins/FX/NiagaraFluids/NiagaraFluids.uplugin" 54
"../../../Engine/Plugins/VirtualProduction/CameraCalibration/CameraCalibration.uplugin" 55
"../../../Engine/Plugins/VirtualProduction/LiveLinkMasterLockit/LiveLinkMasterLockit.uplugin" 56
"../../../Engine/Plugins/VirtualProduction/DataCharts/DataCharts.uplugin" 57
"../../../Engine/Plugins/VirtualProduction/LiveLinkFreeD/LiveLinkFreeD.uplugin" 58
"../../../Engine/Plugins/FX/Niagara/Niagara.uplugin" 59
"../../../Engine/Plugins/Enterprise/MDLImporter/MDLImporter.uplugin" 60
"../../../Engine/Plugins/FX/NiagaraSimCaching/NiagaraSimCaching.uplugin" 61
"../../../Engine/Plugins/VirtualProduction/LiveLinkPrestonMDR/LiveLinkPrestonMDR.uplugin" 62
"../../../Engine/Plugins/VirtualProduction/EpicStageApp/EpicStageApp.uplugin" 63
"../../../Engine/Plugins/Enterprise/GLTFExporter/GLTFExporter.uplugin" 64
"../../../Engine/Plugins/Enterprise/VariantManagerContent/VariantManagerContent.uplugin" 65
"../../../Engine/Plugins/VirtualProduction/MultiUserTakes/MultiUserTakes.uplugin" 66
"../../../Engine/Plugins/VirtualProduction/ICVFX/ICVFX.uplugin" 67
"../../../Engine/Plugins/VirtualProduction/LiveLinkCamera/LiveLinkCamera.uplugin" 68
"../../../Engine/Plugins/VirtualProduction/LiveLinkXR/LiveLinkXR.uplugin" 69
"../../../Engine/Plugins/VirtualProduction/RemoteControlInterception/RemoteControlInterception.uplugin" 70
"../../../Engine/Plugins/VirtualProduction/RemoteControlProtocolMIDI/RemoteControlProtocolMIDI.uplugin" 71
"../../../Engine/Plugins/VirtualProduction/LiveLinkLens/LiveLinkLens.uplugin" 72
"../../../Engine/Plugins/VirtualProduction/RemoteControl/RemoteControl.uplugin" 73
"../../../Engine/Plugins/VirtualProduction/StageMonitoring/StageMonitoring.uplugin" 74
"../../../Engine/Plugins/Experimental/AppleVision/AppleVision.uplugin" 75
"../../../Engine/Plugins/VirtualProduction/RemoteControlProtocolOSC/RemoteControlProtocolOSC.uplugin" 76
"../../../Engine/Plugins/Experimental/ActorPalette/ActorPalette.uplugin" 77
"../../../Engine/Plugins/VirtualProduction/LiveLinkVRPN/LiveLinkVRPN.uplugin" 78
"../../../Engine/Plugins/VirtualProduction/TextureShare/TextureShare.uplugin" 79
"../../../Engine/Plugins/VirtualProduction/SequencerPlaylists/SequencerPlaylists.uplugin" 80
"../../../Engine/Plugins/Experimental/AssetPlacementEdMode/AssetPlacementEdMode.uplugin" 81
"../../../Engine/Plugins/Experimental/BlueprintStats/BlueprintStats.uplugin" 82
"../../../Engine/Plugins/Experimental/ChaosEditor/ChaosEditor.uplugin" 83
"../../../Engine/Plugins/Enterprise/LidarPointCloud/LidarPointCloud.uplugin" 84
"../../../Engine/Plugins/VirtualProduction/CompositePlane/CompositePlane.uplugin" 85
"../../../Engine/Plugins/Animation/BlendSpaceMotionAnalysis/BlendSpaceMotionAnalysis.uplugin" 86
"../../../Engine/Plugins/Experimental/ChaosUserDataPT/ChaosUserDataPT.uplugin" 87
"../../../Engine/Plugins/Experimental/AutomationUtils/AutomationUtils.uplugin" 88
"../../../Engine/Plugins/VirtualProduction/RemoteControlProtocolDMX/RemoteControlProtocolDMX.uplugin" 89
"../../../Engine/Plugins/Experimental/AbilitySystemGameFeatureActions/AbilitySystemGameFeatureActions.uplugin" 90
"../../../Engine/Plugins/VirtualProduction/CameraCalibrationCore/CameraCalibrationCore.uplugin" 91
"../../../Engine/Plugins/VirtualProduction/TimedDataMonitor/TimedDataMonitor.uplugin" 92
"../../../Engine/Plugins/Experimental/CharacterAI/CharacterAI.uplugin" 93
"../../../Engine/Plugins/Animation/AnimationLocomotionLibrary/AnimationLocomotionLibrary.uplugin" 94
"../../../Engine/Plugins/Experimental/BlueprintSnapNodes/BlueprintSnapNodes.uplugin" 95
"../../../Engine/Plugins/Experimental/ChaosCaching/ChaosCaching.uplugin" 96
"../../../Engine/Plugins/VirtualProduction/RemoteControlWebInterface/RemoteControlWebInterface.uplugin" 97
"../../../Engine/Plugins/Experimental/BackChannel/BackChannel.uplugin" 98
"../../../Engine/Plugins/Experimental/ChaosSolverPlugin/ChaosSolverPlugin.uplugin" 99
"../../../Engine/Plugins/Experimental/ColorCorrectRegions/ColorCorrectRegions.uplugin" 100
"../../../Engine/Plugins/Experimental/ChaosVehiclesPlugin/ChaosVehiclesPlugin.uplugin" 101
"../../../Engine/Plugins/Tests/AutomationDriverTests/AutomationDriverTests.uplugin" 102
"../../../Engine/Plugins/Experimental/Chooser/Chooser.uplugin" 103
"../../../Engine/Plugins/Experimental/Dataflow/Dataflow.uplugin" 104
"../../../Engine/Plugins/Experimental/CodeView/CodeView.uplugin" 105
"../../../Engine/Plugins/Experimental/ControlFlows/ControlFlows.uplugin" 106
"../../../Engine/Plugins/Experimental/CommonUI/CommonUI.uplugin" 107
"../../../Engine/Plugins/Experimental/CodeEditor/CodeEditor.uplugin" 108
"../../../Engine/Plugins/Experimental/DataInterface/DataInterface.uplugin" 109
"../../../Engine/Plugins/Experimental/CommonConversation/CommonConversation.uplugin" 110
"../../../Engine/Plugins/Experimental/FieldSystemPlugin/FieldSystemPlugin.uplugin" 111
"../../../Engine/Plugins/Experimental/ChaosNiagara/ChaosNiagara.uplugin" 112
"../../../Engine/Plugins/Experimental/Gauntlet/Gauntlet.uplugin" 113
"../../../Engine/Plugins/Experimental/GameplayBehaviors/GameplayBehaviors.uplugin" 114
"../../../Engine/Plugins/Experimental/FullBodyIK/FullBodyIK.uplugin" 115
"../../../Engine/Plugins/Experimental/ImpostorBaker/ImpostorBaker.uplugin" 116
"../../../Engine/Plugins/Experimental/HairModelingToolset/HairModelingToolset.uplugin" 117
"../../../Engine/Plugins/Experimental/GPULightmass/GPULightmass.uplugin" 118
"../../../Engine/Plugins/Experimental/Landmass/Landmass.uplugin" 119
"../../../Engine/Plugins/Experimental/DataInterfaceGraph/DataInterfaceGraph.uplugin" 120
"../../../Engine/Plugins/Experimental/ChaosCloth/ChaosCloth.uplugin" 121
"../../../Engine/Plugins/Experimental/GeometryCacheAbcFile/GeometryCacheAbcFile.uplugin" 122
"../../../Engine/Plugins/Messaging/MessagingDebugger/MessagingDebugger.uplugin" 123
"../../../Engine/Plugins/Experimental/ModularGameplay/ModularGameplay.uplugin" 124
"../../../Engine/Plugins/Marketplace/TargetSystemComponent/TargetSystem.uplugin" 125
"../../../Engine/Plugins/VirtualProduction/LevelSnapshots/LevelSnapshots.uplugin" 126
"../../../Engine/Plugins/Enterprise/DataprepEditor/DataprepEditor.uplugin" 127
"../../../Engine/Plugins/Experimental/GeometryCollectionPlugin/GeometryCollectionPlugin.uplugin" 128
"../../../Engine/Plugins/Experimental/LandscapePatch/LandscapePatch.uplugin" 129
"../../../Engine/Plugins/Experimental/MeshModelingToolsetExp/MeshModelingToolsetExp.uplugin" 130
"../../../Engine/Plugins/Experimental/LiveLinkFaceImporter/LiveLinkFaceImporter.uplugin" 131
"../../../Engine/Plugins/VirtualProduction/Takes/Takes.uplugin" 132
"../../../Engine/Plugins/Experimental/GameFeatures/GameFeatures.uplugin" 133
"../../../Engine/Plugins/Experimental/GeometryScripting/GeometryScripting.uplugin" 134
"../../../Engine/Plugins/Experimental/Iris/Iris.uplugin" 135
"../../../Engine/Plugins/Experimental/LiveLinkControlRig/LiveLinkControlRig.uplugin" 136
"../../../Engine/Plugins/Experimental/DefaultInstallBundleManager/DefaultInstallBundleManager.uplugin" 137
"../../../Engine/Plugins/Experimental/ExampleAssetEditor/ExampleAssetEditor.uplugin" 138
"../../../Engine/Plugins/Experimental/OpenImageDenoise/OpenImageDenoise.uplugin" 139
"../../../Engine/Plugins/Experimental/OptiXDenoise/OptiXDenoise.uplugin" 140
"../../../Engine/Plugins/Experimental/NNI/NeuralNetworkInference.uplugin" 141
"../../../Engine/Plugins/Experimental/GizmoEdMode/GizmoEdMode.uplugin" 142
"../../../Engine/Plugins/Experimental/NaniteDisplacedMesh/NaniteDisplacedMesh.uplugin" 143
"../../../Engine/Plugins/VirtualProduction/Switchboard/Switchboard.uplugin" 144
"../../../Engine/Plugins/Experimental/PhysicsControl/PhysicsControl.uplugin" 145
"../../../Engine/Plugins/Experimental/RenderGrid/RenderGrid.uplugin" 146
"../../../Engine/Plugins/Experimental/GeometryFlow/GeometryFlow.uplugin" 147
"../../../Engine/Plugins/Experimental/MotoSynth/MotoSynth.uplugin" 148
"../../../Engine/Plugins/Experimental/GizmoFramework/GizmoFramework.uplugin" 149
"../../../Engine/Plugins/Experimental/MeshLODToolset/MeshLODToolset.uplugin" 150
"../../../Engine/Plugins/Experimental/PythonFoundationPackages/PythonFoundationPackages.uplugin" 151
"../../../Engine/Plugins/Experimental/ChaosClothEditor/ChaosClothEditor.uplugin" 152
"../../../Engine/Plugins/Experimental/PlanarCutPlugin/PlanarCut.uplugin" 153
"../../../Engine/Plugins/Experimental/ImagePlate/ImagePlate.uplugin" 154
"../../../Engine/Plugins/Experimental/PlatformCrypto/PlatformCrypto.uplugin" 155
"../../../Engine/Plugins/Experimental/MotorSimOutputMotoSynth/MotorSimOutputMotoSynth.uplugin" 156
"../../../Engine/Plugins/Experimental/RawInput/RawInput.uplugin" 157
"../../../Engine/Plugins/Experimental/PanoramicCapture/PanoramicCapture.uplugin" 158
"../../../Engine/Plugins/Experimental/ProxyLODPlugin/ProxyLODPlugin.uplugin" 159
"../../../Engine/Plugins/Experimental/JWT/JWT.uplugin" 160
"../../../Engine/Plugins/Experimental/StructUtils/StructUtils.uplugin" 161
"../../../Engine/Plugins/Experimental/RemoteSession/RemoteSession.uplugin" 162
"../../../Engine/Plugins/Experimental/Mutable/Mutable.uplugin" 163
"../../../Engine/Plugins/Experimental/ScreenReader/ScreenReader.uplugin" 164
"../../../Engine/Plugins/Experimental/CinematicPrestreaming/CinematicPrestreaming.uplugin" 165
"../../../Engine/Plugins/Experimental/SampleToolsEditorMode/SampleToolsEditorMode.uplugin" 166
"../../../Engine/Plugins/Experimental/TextToSpeech/TextToSpeech.uplugin" 167
"../../../Engine/Plugins/Experimental/SkeletalReduction/SkeletalReduction.uplugin" 168
"../../../Engine/Plugins/Experimental/Text3D/Text3D.uplugin" 169
"../../../Engine/Plugins/AI/AISupport/AISupport.uplugin" 170
"../../../Engine/Plugins/Experimental/StaticMeshEditorModeling/StaticMeshEditorModeling.uplugin" 171
"../../../Engine/Plugins/Experimental/PythonScriptPlugin/PythonScriptPlugin.uplugin" 172
"../../../Engine/Plugins/Experimental/WidgetEditorToolPalette/WidgetEditorToolPalette.uplugin" 173
"../../../Engine/Plugins/Experimental/VirtualScouting/VirtualScouting.uplugin" 174
"../../../Engine/Plugins/Experimental/SlateScreenReader/SlateScreenReader.uplugin" 175
"../../../Engine/Plugins/Experimental/Volumetrics/Volumetrics.uplugin" 176
"../../../Engine/Plugins/AI/MLAdapter/MLAdapter.uplugin" 177
"../../../Engine/Plugins/Experimental/UIFramework/UIFramework.uplugin" 178
"../../../Engine/Plugins/Experimental/UVEditor/UVEditor.uplugin" 179
"../../../Engine/Plugins/Experimental/SimpleHMD/SimpleHMD.uplugin" 180
"../../../Engine/Plugins/Media/AndroidMedia/AndroidMedia.uplugin" 181
"../../../Engine/Plugins/Media/BinkMedia/BinkMedia.uplugin" 182
"../../../Engine/Plugins/Experimental/WaterExtras/WaterExtras.uplugin" 183
"../../../Engine/Plugins/AI/MassAI/MassAI.uplugin" 184
"../../../Engine/Plugins/Media/BlackmagicMedia/BlackmagicMedia.uplugin" 185
"../../../Engine/Plugins/Media/ElectraCDM/ElectraCDM.uplugin" 186
"../../../Engine/Plugins/Experimental/Water/Water.uplugin" 187
"../../../Engine/Plugins/Media/AndroidCamera/AndroidCamera.uplugin" 188
"../../../Engine/Plugins/Media/ElectraUtil/ElectraUtil.uplugin" 189
"../../../Engine/Plugins/Media/ElectraPlayer/ElectraPlayer.uplugin" 190
"../../../Engine/Plugins/Experimental/WebSocketNetworking/WebSocketNetworking.uplugin" 191
"../../../Engine/Plugins/Experimental/WaveFunctionCollapse/WaveFunctionCollapse.uplugin" 192
"../../../Engine/Plugins/Media/ImgMedia/ImgMedia.uplugin" 193
"../../../Engine/Plugins/Media/AppleProResMedia/AppleProResMedia.uplugin" 194
"../../../Engine/Plugins/Media/MediaFrameworkUtilities/MediaFrameworkUtilities.uplugin" 195
"../../../Engine/Plugins/Experimental/Shotgrid/Shotgrid.uplugin" 196
"../../../Engine/Plugins/Media/AvidDNxMedia/AvidDNxMedia.uplugin" 197
"../../../Engine/Plugins/AI/HTNPlanner/HTNPlanner.uplugin" 198
"../../../Engine/Plugins/Media/HLMedia/HLMedia.uplugin" 199
"../../../Engine/Plugins/Media/HAPMedia/HAPMedia.uplugin" 200
"../../../Engine/Plugins/Media/WebMMedia/WebMMedia.uplugin" 201
"../../../Engine/Plugins/Media/TimecodeSynchronizer/TimecodeSynchronizer.uplugin" 202
"../../../Engine/Plugins/Web/HttpBlueprint/HttpBlueprint.uplugin" 203
"../../../Engine/Plugins/Media/MediaIOFramework/MediaIOFramework.uplugin" 204
"../../../Engine/Plugins/Media/WmfMedia/WmfMedia.uplugin" 205
"../../../Engine/Plugins/Media/MediaMovieStreamer/MediaMovieStreamer.uplugin" 206
"../../../Engine/Plugins/AI/EnvironmentQueryEditor/EnvironmentQueryEditor.uplugin" 207
"../../../Engine/Plugins/Media/PixelStreamingPlayer/PixelStreamingPlayer.uplugin" 208
"../../../Engine/Plugins/Experimental/VirtualProductionUtilities/VirtualProductionUtilities.uplugin" 209
"../../../Engine/Plugins/Media/PixelCapture/PixelCapture.uplugin" 210
"../../../Engine/Plugins/Media/PixelStreaming/PixelStreaming.uplugin" 211
"../../../Engine/Plugins/AI/MassCrowd/MassCrowd.uplugin" 212
"../../../Engine/Plugins/Media/LinearTimecode/LinearTimecode.uplugin" 213
"../../../Engine/Plugins/Media/HardwareEncoders/HardwareEncoders.uplugin" 214
"../../../Engine/Plugins/Developer/BlankPlugin/BlankPlugin.uplugin" 215
"../../../Engine/Plugins/Compositing/OpenColorIO/OpenColorIO.uplugin" 216
"../../../Engine/Plugins/Media/AvfMedia/AvfMedia.uplugin" 217
"../../../Engine/Plugins/Developer/DumpGPUServices/DumpGPUServices.uplugin" 218
"../../../Engine/Plugins/Importers/AlembicImporter/AlembicImporter.uplugin" 219
"../../../Engine/Plugins/Experimental/VirtualHeightfieldMesh/VirtualHeightfieldMesh.uplugin" 220
"../../../Engine/Plugins/Developer/AnimationSharing/AnimationSharing.uplugin" 221
"../../../Engine/Plugins/NetcodeUnitTest/NUTUnrealEngine/NUTUnrealEngine.uplugin" 222
"../../../Engine/Plugins/Importers/AlembicHairImporter/AlembicHairImporter.uplugin" 223
"../../../Engine/Plugins/Compositing/LensDistortion/LensDistortion.uplugin" 224
"../../../Engine/Plugins/Developer/PerforceSourceControl/PerforceSourceControl.uplugin" 225
"../../../Engine/Plugins/Media/MediaPlate/MediaPlate.uplugin" 226
"../../../Engine/Plugins/Developer/KDevelopSourceCodeAccess/KDevelopSourceCodeAccess.uplugin" 227
"../../../Engine/Plugins/Media/AjaMedia/AjaMedia.uplugin" 228
"../../../Engine/Plugins/Developer/GitSourceControl/GitSourceControl.uplugin" 229
"../../../Engine/Plugins/Developer/OneSkyLocalizationService/OneSkyLocalizationService.uplugin" 230
"../../../Engine/Plugins/Experimental/PCG/PCG.uplugin" 231
"../../../Engine/Plugins/Developer/PlasticSourceControl/PlasticSourceControl.uplugin" 232
"../../../Engine/Plugins/Developer/CodeLiteSourceCodeAccess/CodeLiteSourceCodeAccess.uplugin" 233
"../../../Engine/Plugins/Media/MediaCompositing/MediaCompositing.uplugin" 234
"../../../Engine/Plugins/Experimental/VirtualCamera/VirtualCamera.uplugin" 235
"../../../Engine/Plugins/Developer/PluginUtils/PluginUtils.uplugin" 236
"../../../Engine/Plugins/Developer/TraceSourceFiltering/TraceSourceFilters.uplugin" 237
"../../../Engine/Plugins/Developer/RiderSourceCodeAccess/RiderSourceCodeAccess.uplugin" 238
"../../../Engine/Plugins/Compositing/Composure/Composure.uplugin" 239
"../../../Engine/Plugins/Developer/VisualStudioCodeSourceCodeAccess/VisualStudioCodeSourceCodeAccess.uplugin" 240
"../../../Engine/Plugins/Developer/PropertyAccessNode/PropertyAccessNode.uplugin" 241
"../../../Engine/Plugins/NetcodeUnitTest/NetcodeUnitTest/NetcodeUnitTest.uplugin" 242
"../../../Engine/Plugins/Developer/TraceDataFiltering/TraceDataFilters.uplugin" 243
"../../../Engine/Plugins/Importers/USDImporter/USDImporter.uplugin" 244
"../../../Engine/Plugins/Developer/SubversionSourceControl/SubversionSourceControl.uplugin" 245
"../../../Engine/Plugins/Online/EOSShared/EOSShared.uplugin" 246
"../../../Engine/Plugins/Developer/TextureFormatOodle/TextureFormatOodle.uplugin" 247
"../../../Engine/Plugins/Online/OnlineFramework/OnlineFramework.uplugin" 248
"../../../Engine/Plugins/Developer/CLionSourceCodeAccess/CLionSourceCodeAccess.uplugin" 249
"../../../Engine/Plugins/Developer/RenderDocPlugin/RenderDocPlugin.uplugin" 250
"../../../Engine/Plugins/Compositing/OpenCVLensDistortion/OpenCVLensDistortion.uplugin" 251
"../../../Engine/Plugins/Importers/USDMultiUser/USDMultiUser.uplugin" 252
"../../../Engine/Plugins/Online/OnlineServices/OnlineServices.uplugin" 253
"../../../Engine/Plugins/Developer/XCodeSourceCodeAccess/XCodeSourceCodeAccess.uplugin" 254
"../../../Engine/Plugins/Developer/UObjectPlugin/UObjectPlugin.uplugin" 255
"../../../Engine/Plugins/Developer/XcodeGPUDebuggerPlugin/XcodeGPUDebuggerPlugin.uplugin" 256
"../../../Engine/Plugins/Media/AudioCaptureTimecodeProvider/AudioCaptureTimecodeProvider.uplugin" 257
"../../../Engine/Plugins/Media/ElectraSubtitles/ElectraSubtitles.uplugin" 258
"../../../Engine/Plugins/Online/OnlineBase/OnlineBase.uplugin" 259
"../../../Engine/Plugins/Online/OnlineServicesEOS/OnlineServicesEOS.uplugin" 260
"../../../Engine/Plugins/Developer/VisualStudioSourceCodeAccess/VisualStudioSourceCodeAccess.uplugin" 261
"../../../Engine/Plugins/Online/OnlineServicesNull/OnlineServicesNull.uplugin" 262
"../../../Engine/Plugins/Developer/PixWinPlugin/PixWinPlugin.uplugin" 263
"../../../Engine/Plugins/Developer/NullSourceCodeAccess/NullSourceCodeAccess.uplugin" 264
"../../../Engine/Plugins/Online/OnlineSubsystemEOS/OnlineSubsystemEOS.uplugin" 265
"../../../Engine/Plugins/Online/OnlineSubsystem/OnlineSubsystem.uplugin" 266
"../../../Engine/Plugins/Media/MfMedia/MfMedia.uplugin" 267
"../../../Engine/Plugins/Online/OnlineSubsystemGoogle/OnlineSubsystemGoogle.uplugin" 268
"../../../Engine/Plugins/Online/OnlineSubsystemNull/OnlineSubsystemNull.uplugin" 269
"../../../Engine/Plugins/Online/OnlineSubsystemApple/OnlineSubsystemApple.uplugin" 270
"../../../Engine/Plugins/Online/OnlineSubsystemSteam/OnlineSubsystemSteam.uplugin" 271
"../../../Engine/Plugins/Online/OnlineSubsystemUtils/OnlineSubsystemUtils.uplugin" 272
"../../../Engine/Plugins/Online/OnlineSubsystemTencent/OnlineSubsystemTencent.uplugin" 273
"../../../Engine/Plugins/Runtime/AndroidFileServer/AndroidFileServer.uplugin" 274
"../../../Engine/Plugins/Runtime/ActorLayerUtilities/ActorLayerUtilities.uplugin" 275
"../../../Engine/Plugins/Online/OnlineServicesOSSAdapter/OnlineServicesOSSAdapter.uplugin" 276
"../../../Engine/Plugins/Online/OnlineSubsystemOculus/OnlineSubsystemOculus.uplugin" 277
"../../../Engine/Plugins/Runtime/AndroidDeviceProfileSelector/AndroidDeviceProfileSelector.uplugin" 278
"../../../Engine/Plugins/Runtime/ApexDestruction/ApexDestruction.uplugin" 279
"../../../Engine/Plugins/Online/OnlineServicesEOSGS/OnlineServicesEOSGS.uplugin" 280
"../../../Engine/Plugins/Online/WebAuth/WebAuth.uplugin" 281
"../../../Engine/Plugins/Online/OnlineSubsystemFacebook/OnlineSubsystemFacebook.uplugin" 282
"../../../Engine/Plugins/Runtime/AndroidPermission/AndroidPermission.uplugin" 283
"../../../Engine/Plugins/Runtime/AndroidBackgroundService/AndroidBackgroundService.uplugin" 284
"../../../Engine/Plugins/Runtime/AnimationBudgetAllocator/AnimationBudgetAllocator.uplugin" 285
"../../../Engine/Plugins/Online/SocketSubsystemEOS/SocketSubsystemEOS.uplugin" 286
"../../../Engine/Plugins/Runtime/ArchVisCharacter/ArchVisCharacter.uplugin" 287
"../../../Engine/Plugins/Runtime/AudioSynesthesia/AudioSynesthesia.uplugin" 288
"../../../Engine/Plugins/Runtime/AudioWidgets/AudioWidgets.uplugin" 289
"../../../Engine/Plugins/Runtime/AndroidMoviePlayer/AndroidMoviePlayer.uplugin" 290
"../../../Engine/Plugins/Runtime/AppleImageUtils/AppleImageUtils.uplugin" 291
"../../../Engine/Plugins/Runtime/AudioCapture/AudioCapture.uplugin" 292
"../../../Engine/Plugins/Runtime/AppleMoviePlayer/AppleMoviePlayer.uplugin" 293
"../../../Engine/Plugins/Online/OnlineSubsystemAmazon/OnlineSubsystemAmazon.uplugin" 294
"../../../Engine/Plugins/Runtime/AssetTags/AssetTags.uplugin" 295
"../../../Engine/Plugins/Media/MediaPlayerEditor/MediaPlayerEditor.uplugin" 296
"../../../Engine/Plugins/Runtime/ComputeFramework/ComputeFramework.uplugin" 297
"../../../Engine/Plugins/Runtime/AudioMotorSim/AudioMotorSim.uplugin" 298
"../../../Engine/Plugins/Runtime/ExampleDeviceProfileSelector/ExampleDeviceProfileSelector.uplugin" 299
"../../../Engine/Plugins/Runtime/CableComponent/CableComponent.uplugin" 300
"../../../Engine/Plugins/Runtime/DataRegistry/DataRegistry.uplugin" 301
"../../../Engine/Plugins/Runtime/CustomMeshComponent/CustomMeshComponent.uplugin" 302
"../../../Engine/Plugins/Runtime/GoogleCloudMessaging/GoogleCloudMessaging.uplugin" 303
"../../../Engine/Plugins/Runtime/Firebase/Firebase.uplugin" 304
"../../../Engine/Plugins/Runtime/HDRIBackdrop/HDRIBackdrop.uplugin" 305
"../../../Engine/Plugins/Runtime/GameplayStateTree/GameplayStateTree.uplugin" 306
"../../../Engine/Plugins/Runtime/GooglePAD/GooglePAD.uplugin" 307
"../../../Engine/Plugins/Runtime/InputDebugging/InputDebugging.uplugin" 308
"../../../Engine/Plugins/Runtime/GameplayAbilities/GameplayAbilities.uplugin" 309
"../../../Engine/Plugins/Runtime/HTTPChunkInstaller/HTTPChunkInstaller.uplugin" 310
"../../../Engine/Plugins/Runtime/LinuxDeviceProfileSelector/LinuxDeviceProfileSelector.uplugin" 311
"../../../Engine/Plugins/Runtime/GameplayInteractions/GameplayInteractions.uplugin" 312
"../../../Engine/Plugins/Runtime/IOSReplayKit/IOSReplayKit.uplugin" 313
"../../../Engine/Plugins/Runtime/LiveLinkOvernDisplay/LiveLinkOverNDisplay.uplugin" 314
"../../../Engine/Plugins/Runtime/MassGameplay/MassGameplay.uplugin" 315
"../../../Engine/Plugins/Runtime/GeometryCache/GeometryCache.uplugin" 316
"../../../Engine/Plugins/Runtime/GeoReferencing/GeoReferencing.uplugin" 317
"../../../Engine/Plugins/Runtime/HPMotionController/HPMotionController.uplugin" 318
"../../../Engine/Plugins/Runtime/LocationServicesBPLibrary/LocationServicesBPLibrary.uplugin" 319
"../../../Engine/Plugins/Runtime/GeometryProcessing/GeometryProcessing.uplugin" 320
"../../../Engine/Plugins/Runtime/MeshModelingToolset/MeshModelingToolset.uplugin" 321
"../../../Engine/Plugins/Runtime/AudioModulation/AudioModulation.uplugin" 322
"../../../Engine/Plugins/Runtime/MobilePatchingUtils/MobilePatchingUtils.uplugin" 323
"../../../Engine/Plugins/Runtime/HairStrands/HairStrands.uplugin" 324
"../../../Engine/Plugins/Runtime/LocationServicesIOSImpl/LocationServicesIOSImpl.uplugin" 325
"../../../Engine/Plugins/Runtime/GameplayBehaviorSmartObjects/GameplayBehaviorSmartObjects.uplugin" 326
"../../../Engine/Plugins/Runtime/NavCorridor/NavCorridor.uplugin" 327
"../../../Engine/Plugins/Runtime/nDisplay/nDisplay.uplugin" 328
"../../../Engine/Plugins/Runtime/ChunkDownloader/ChunkDownloader.uplugin" 329
"../../../Engine/Plugins/Runtime/NetworkPredictionExtras/NetworkPredictionExtras.uplugin" 330
"../../../Engine/Plugins/Runtime/LocationServicesAndroidImpl/LocationServicesAndroidImpl.uplugin" 331
"../../../Engine/Plugins/Runtime/ModelViewViewModel/ModelViewViewModel.uplugin" 332
"../../../Engine/Plugins/Runtime/MassEntity/MassEntity.uplugin" 333
"../../../Engine/Plugins/Runtime/nDisplayModularFeatures/nDisplayModularFeatures.uplugin" 334
"../../../Engine/Plugins/Runtime/MixedRealityCaptureFramework/MixedRealityCaptureFramework.uplugin" 335
"../../../Engine/Plugins/Runtime/Metasound/Metasound.uplugin" 336
"../../../Engine/Plugins/Runtime/OpenXRHandTracking/OpenXRHandTracking.uplugin" 337
"../../../Engine/Plugins/Runtime/MIDIDevice/MIDIDevice.uplugin" 338
"../../../Engine/Plugins/Runtime/MicrosoftSpatialAudio/MicroSoftSpatialSound.uplugin" 339
"../../../Engine/Plugins/Runtime/OSC/OSC.uplugin" 340
"../../../Engine/Plugins/Runtime/NetworkPredictionInsights/NetworkPredictionInsights.uplugin" 341
"../../../Engine/Plugins/Runtime/IOSDeviceProfileSelector/IOSDeviceProfileSelector.uplugin" 342
"../../../Engine/Plugins/Runtime/OpenXR/OpenXR.uplugin" 343
"../../../Engine/Plugins/Runtime/NetworkPrediction/NetworkPrediction.uplugin" 344
"../../../Engine/Plugins/Runtime/OptionalMobileFeaturesBPLibrary/OptionalMobileFeaturesBPLibrary.uplugin" 345
"../../../Engine/Plugins/Runtime/OSCModulationMixing/OSCModulationMixing.uplugin" 346
"../../../Engine/Plugins/Runtime/ReplicationSystemTestPlugin/ReplicationSystemTestPlugin.uplugin" 347
"../../../Engine/Plugins/Runtime/SignificanceManager/SignificanceManager.uplugin" 348
"../../../Engine/Plugins/Runtime/PreLoadScreenMoviePlayer/PreLoadScreenMoviePlayer.uplugin" 349
"../../../Engine/Plugins/Runtime/OpenXREyeTracker/OpenXREyeTracker.uplugin" 350
"../../../Engine/Plugins/Runtime/SoundCueTemplates/SoundCueTemplates.uplugin" 351
"../../../Engine/Plugins/Runtime/ResonanceAudio/ResonanceAudio.uplugin" 352
"../../../Engine/Plugins/Runtime/ReplicationGraph/ReplicationGraph.uplugin" 353
"../../../Engine/Plugins/Runtime/SkeletalMerging/SkeletalMerging.uplugin" 354
"../../../Engine/Plugins/Runtime/OpenCV/OpenCV.uplugin" 355
"../../../Engine/Plugins/Runtime/RenderTrace/RenderTrace.uplugin" 356
"../../../Engine/Plugins/Runtime/Soundscape/Soundscape.uplugin" 357
"../../../Engine/Plugins/Runtime/ProceduralMeshComponent/ProceduralMeshComponent.uplugin" 358
"../../../Engine/Plugins/Runtime/PropertyAccess/PropertyAccessEditor.uplugin" 359
"../../../Engine/Plugins/Runtime/SoundFields/SoundFields.uplugin" 360
"../../../Engine/Plugins/Runtime/StateTree/StateTree.uplugin" 361
"../../../Engine/Plugins/Runtime/SunPosition/SunPosition.uplugin" 362
"../../../Engine/Plugins/Runtime/WaveTable/WaveTable.uplugin" 363
"../../../Engine/Plugins/Runtime/WarpUtils/WarpUtils.uplugin" 364
"../../../Engine/Plugins/Runtime/Synthesis/Synthesis.uplugin" 365
"../../../Engine/Plugins/Runtime/WebBrowserWidget/WebBrowserWidget.uplugin" 366
"../../../Engine/Plugins/Runtime/WindowsMoviePlayer/WindowsMoviePlayer.uplugin" 367
"../../../Engine/Plugins/Runtime/SmartObjects/SmartObjects.uplugin" 368
"../../../Engine/Plugins/Runtime/WebBrowserNativeProxy/WebBrowserNativeProxy.uplugin" 369
"../../../Engine/Plugins/Runtime/ZoneGraphAnnotations/ZoneGraphAnnotations.uplugin" 370
"../../../Engine/Plugins/Runtime/SoundUtilities/SoundUtilities.uplugin" 371
"../../../Engine/Plugins/Runtime/WindowsDeviceProfileSelector/WindowsDeviceProfileSelector.uplugin" 372
"../../../Engine/Plugins/Runtime/MobileFSR/MobileFSR.uplugin" 373
"../../../Engine/Plugins/Interchange/Editor/InterchangeEditor.uplugin" 374
"../../../Engine/Plugins/MovieScene/ReplayTracks/ReplayTracks.uplugin" 375
"../../../Engine/Plugins/MovieScene/LevelSequenceEditor/LevelSequenceEditor.uplugin" 376
"../../../Engine/Plugins/Runtime/SoundMod/SoundMod.uplugin" 377
"../../../Engine/Plugins/Compression/OodleNetwork/OodleNetwork.uplugin" 378
"../../../Engine/Plugins/MovieScene/ActorSequence/ActorSequence.uplugin" 379
"../../../Engine/Plugins/MovieScene/SequencerScripting/SequencerScripting.uplugin" 380
"../../../Engine/Plugins/Runtime/Spatialization/Spatialization.uplugin" 381
"../../../Engine/Plugins/MovieScene/MoviePipelineMaskRenderPass/MoviePipelineMaskRenderPass.uplugin" 382
"../../../Engine/Plugins/Runtime/ZoneGraph/ZoneGraph.uplugin" 383
"../../../Engine/Plugins/MovieScene/TemplateSequence/TemplateSequence.uplugin" 384
"../../../Engine/Plugins/Runtime/WebMMoviePlayer/WebMMoviePlayer.uplugin" 385
"../../../Engine/Plugins/Cameras/CameraShakePreviewer/CameraShakePreviewer.uplugin" 386
"../../../Engine/Plugins/Cameras/GameplayCameras/GameplayCameras.uplugin" 387
"../../../Engine/Plugins/Editor/AssetManagerEditor/AssetManagerEditor.uplugin" 388
"../../../Engine/Plugins/Editor/AssetSearch/AssetSearch.uplugin" 389
"../../../Engine/Plugins/2D/Paper2D/Paper2D.uplugin" 390
"../../../Engine/Plugins/Editor/DisplayClusterLaunch/DisplayClusterLaunch.uplugin" 391
"../../../Engine/Plugins/Editor/AssetReferenceRestrictions/AssetReferenceRestrictions.uplugin" 392
"../../../Engine/Plugins/Editor/FacialAnimation/FacialAnimation.uplugin" 393
"../../../Engine/Plugins/Editor/EditorDebugTools/EditorDebugTools.uplugin" 394
"../../../Engine/Plugins/Editor/CryptoKeys/CryptoKeys.uplugin" 395
"../../../Engine/Plugins/Editor/BlueprintHeaderView/BlueprintHeaderView.uplugin" 396
"../../../Engine/Plugins/Editor/EditorScriptingUtilities/EditorScriptingUtilities.uplugin" 397
"../../../Engine/Plugins/Editor/AssetRegistryExport/AssetRegistryExport.uplugin" 398
"../../../Engine/Plugins/Editor/GLTFImporter/GLTFImporter.uplugin" 399
"../../../Engine/Plugins/Editor/GameplayTagsEditor/GameplayTagsEditor.uplugin" 400
"../../../Engine/Plugins/Editor/MakeCookedEditorAsDLC/MakeCookedEditorAsDLC.uplugin" 401
"../../../Engine/Plugins/Editor/GeometryMode/GeometryMode.uplugin" 402
"../../../Engine/Plugins/Editor/GuidedTutorials/GuidedTutorials.uplugin" 403
"../../../Engine/Plugins/Editor/ConsoleVariablesEditor/ConsoleVariables.uplugin" 404
"../../../Engine/Plugins/Interchange/Runtime/Interchange.uplugin" 405
"../../../Engine/Plugins/MovieScene/MovieRenderPipeline/MovieRenderPipeline.uplugin" 406
"../../../Engine/Plugins/Editor/BlueprintMaterialTextureNodes/BlueprintMaterialTextureNodes.uplugin" 407
"../../../Engine/Plugins/Editor/MobileLauncherProfileWizard/MobileLauncherProfileWizard.uplugin" 408
"../../../Engine/Plugins/Editor/MacGraphicsSwitching/MacGraphicsSwitching.uplugin" 409
"../../../Engine/Plugins/Editor/MaterialAnalyzer/MaterialAnalyzer.uplugin" 410
"../../../Engine/Plugins/Editor/ModelingToolsEditorMode/ModelingToolsEditorMode.uplugin" 411
"../../../Engine/Plugins/Editor/StylusInput/StylusInput.uplugin" 412
"../../../Engine/Plugins/Editor/CurveEditorTools/CurveEditorTools.uplugin" 413
"../../../Engine/Plugins/Editor/WorldPartitionHLODUtilities/WorldPartitionHLODUtilities.uplugin" 414
"../../../Engine/Plugins/Editor/PluginBrowser/PluginBrowser.uplugin" 415
"../../../Engine/Plugins/MovieScene/CustomizableSequencerTracks/CustomizableSequencerTracks.uplugin" 416
"../../../Engine/Plugins/Editor/WaveformEditor/WaveformEditor.uplugin" 417
"../../../Engine/Plugins/Editor/DataValidation/DataValidation.uplugin" 418
"../../../Engine/Plugins/Portal/LauncherChunkInstaller/LauncherChunkInstaller.uplugin" 419
"../../../Engine/Plugins/Editor/SequencerAnimTools/SequencerAnimTools.uplugin" 420
"../../../Engine/Plugins/Experimental/Enterprise/DataprepGeometryOperations/DataprepGeometryOperations.uplugin" 421
"../../../Engine/Plugins/Runtime/OpenXRMsftHandInteraction/OpenXRMsftHandInteraction.uplugin" 422
"../../../Engine/Plugins/Editor/ObjectMixer/LightMixer/LightMixer.uplugin" 423
"../../../Engine/Plugins/Online/Android/OnlineSubsystemGooglePlay/OnlineSubsystemGooglePlay.uplugin" 424
"../../../Engine/Plugins/Editor/SpeedTreeImporter/SpeedTreeImporter.uplugin" 425
"../../../Engine/Plugins/Runtime/Advertising/IOSTapJoy/IOSTapJoy.uplugin" 426
"../../../Engine/Plugins/VirtualProduction/DMX/DMXDisplayCluster/DMXDisplayCluster.uplugin" 427
"../../../Engine/Plugins/Experimental/Enterprise/DatasmithInterchange/DatasmithInterchange.uplugin" 428
"../../../Engine/Plugins/Runtime/Oculus/OculusVR/OculusVR.uplugin" 429
"../../../Engine/Plugins/VirtualProduction/DMX/DMXFixtures/DMXFixtures.uplugin" 430
"../../../Engine/Plugins/Editor/ContentBrowser/ContentBrowserAssetDataSource/ContentBrowserAssetDataSource.uplugin" 431
"../../../Engine/Plugins/Editor/ContentBrowser/ContentBrowserAliasDataSoure/ContentBrowserAliasDataSource.uplugin" 432
"../../../Engine/Plugins/VirtualProduction/DMX/DMXModularFeatures/DMXModularFeatures.uplugin" 433
"../../../Engine/Plugins/Editor/ContentBrowser/ContentBrowserFileDataSource/ContentBrowserFileDataSource.uplugin" 434
"../../../Engine/Plugins/Runtime/MeshReconstruction/DummyMeshReconstructor/DummyMeshReconstructor.uplugin" 435
"../../../Engine/Plugins/Editor/ObjectMixer/ObjectMixer/ObjectMixer.uplugin" 436
"../../../Engine/Plugins/Editor/ContentBrowser/ContentBrowserClassDataSource/ContentBrowserClassDataSource.uplugin" 437
"../../../Engine/Plugins/VirtualProduction/DMX/DatasmithMVR/DatasmithMVR.uplugin" 438
"../../../Engine/Plugins/Online/Android/AndroidFetchBackgroundDownload/AndroidFetchBackgroundDownload.uplugin" 439
"../../../Engine/Plugins/Experimental/Enterprise/DatasmithRuntime/DatasmithRuntime.uplugin" 440
"../../../Engine/Plugins/Experimental/Animation/Optimus/Optimus.uplugin" 441
"../../../Engine/Plugins/Runtime/Oculus/OculusAudio/OculusAudio.uplugin" 442
"../../../Engine/Plugins/VirtualProduction/DMX/DMXProtocol/DMXProtocol.uplugin" 443
"../../../Engine/Plugins/VirtualProduction/DMX/DMXPixelMapping/DMXPixelMapping.uplugin" 444
"../../../Engine/Plugins/Runtime/Analytics/Adjust/Adjust.uplugin" 445
"../../../Engine/Plugins/Experimental/Animation/SkeletalMeshModelingTools/SkeletalMeshModelingTools.uplugin" 446
"../../../Engine/Plugins/VirtualProduction/DMX/DMXEngine/DMXEngine.uplugin" 447
"../../../Engine/Plugins/Runtime/Analytics/FileLogging/FileLogging.uplugin" 448
"../../../Engine/Plugins/Runtime/Analytics/Flurry/Flurry.uplugin" 449
"../../../Engine/Plugins/Runtime/Database/DatabaseSupport/DatabaseSupport.uplugin" 450
"../../../Engine/Plugins/Runtime/Database/SQLiteSupport/SQLiteSupport.uplugin" 451
"../../../Engine/Plugins/Experimental/Animation/PoseSearch/PoseSearch.uplugin" 452
"../../../Engine/Plugins/Runtime/Analytics/AnalyticsBlueprintLibrary/AnalyticsBlueprintLibrary.uplugin" 453
"../../../Engine/Plugins/Runtime/Analytics/AnalyticsMulticast/AnalyticsMulticast.uplugin" 454
"../../../Engine/Plugins/Experimental/AR/PointCloud/PointCloud.uplugin" 455
"../../../Engine/Plugins/Runtime/Steam/SteamAudio/SteamAudio.uplugin" 456
"../../../Engine/Plugins/Online/VoiceChat/VoiceChat/VoiceChat.uplugin" 457
"../../../Engine/Plugins/Experimental/Animation/CurveExpression/CurveExpression.uplugin" 458
"../../../Engine/Plugins/Runtime/Steam/SteamShared/SteamShared.uplugin" 459
"../../../Engine/Plugins/Runtime/Database/RemoteDatabaseSupport/RemoteDatabaseSupport.uplugin" 460
"../../../Engine/Plugins/Runtime/Steam/SteamVR/SteamVR.uplugin" 461
"../../../Engine/Plugins/Runtime/Steam/SteamSockets/SteamSockets.uplugin" 462
"../../../Engine/Plugins/Runtime/Database/SQLiteCore/SQLiteCore.uplugin" 463
"../../../Engine/Plugins/Online/IOS/OnlineSubsystemIOS/OnlineSubsystemIOS.uplugin" 464
"../../../Engine/Plugins/Online/VoiceChat/EOSVoiceChat/EOSVoiceChat.uplugin" 465
"../../../Engine/Plugins/VirtualProduction/Rivermax/RivermaxCore/RivermaxCore.uplugin" 466
"../../../Engine/Plugins/Runtime/XR/XRVisualization/XRVisualization.uplugin" 467
"../../../Engine/Plugins/Experimental/Animation/MotionTrajectory/MotionTrajectory.uplugin" 468
"../../../Engine/Plugins/Developer/Concert/ConcertMain/ConcertMain.uplugin" 469
"../../../Engine/Plugins/Experimental/Animation/ContextualAnimation/ContextualAnimation.uplugin" 470
"../../../Engine/Plugins/Runtime/Nvidia/GeForceNOWWrapper/GeForceNOWWrapper.uplugin" 471
"../../../Engine/Plugins/VirtualProduction/Rivermax/RivermaxMedia/RivermaxMedia.uplugin" 472
"../../../Engine/Plugins/Animation/MLDeformer/MLDeformerFramework/MLDeformerFramework.uplugin" 473
"../../../Engine/Plugins/Experimental/Web/WebAPI/WebAPI.uplugin" 474
"../../../Engine/Plugins/Animation/MLDeformer/NearestNeighborModel/NearestNeighborModel.uplugin" 475
"../../../Engine/Plugins/Runtime/Windows/WinDualShock/WinDualShock.uplugin" 476
"../../../Engine/Plugins/Animation/MLDeformer/NeuralMorphModel/NeuralMorphModel.uplugin" 477
"../../../Engine/Plugins/Runtime/Database/ADOSupport/ADOSupport.uplugin" 478
"../../../Engine/Plugins/Experimental/VirtualProduction/LedWallCalibration/LedWallCalibration.uplugin" 479
"../../../Engine/Plugins/Runtime/Nvidia/Reflex/Reflex.uplugin" 480
"../../../Engine/Plugins/Runtime/AR/AzureSpatialAnchorsForARKit/AzureSpatialAnchorsForARKit.uplugin" 481
"../../../Engine/Plugins/Runtime/AR/AzureSpatialAnchorsForARCore/AzureSpatialAnchorsForARCore.uplugin" 482
"../../../Engine/Plugins/Runtime/PacketHandlers/AESGCMHandlerComponent/AESGCMHandlerComponent.uplugin" 483
"../../../Engine/Plugins/Runtime/AR/AppleAR/AppleARKit/AppleARKit.uplugin" 484
"../../../Engine/Plugins/Runtime/Steam/SteamController/SteamController.uplugin" 485
"../../../Engine/Plugins/Runtime/AR/ARUtilities/ARUtilities.uplugin" 486
"../../../Engine/Plugins/Animation/MLDeformer/VertexDeltaModel/VertexDeltaModel.uplugin" 487
"../../../Engine/Plugins/Runtime/AR/AzureSpatialAnchors/AzureSpatialAnchors.uplugin" 488
"../../../Engine/Plugins/Runtime/PacketHandlers/AESHandlerComponent/AESHandlerComponent.uplugin" 489
"../../../Engine/Plugins/Developer/Concert/ConcertSync/ConcertSyncTest/ConcertSyncTest.uplugin" 490
"../../../Engine/Plugins/Runtime/PacketHandlers/DTLSHandlerComponent/DTLSHandlerComponent.uplugin" 491
"../../../Engine/Plugins/Runtime/AR/AppleAR/AppleARKitFaceSupport/AppleARKitFaceSupport.uplugin" 492
"../../../Engine/Plugins/Developer/Concert/ConcertSync/ConcertSyncServer/ConcertSyncServer.uplugin" 493
"../../../Engine/Plugins/Developer/Concert/ConcertApp/DisasterRecoveryClient/DisasterRecoveryClient.uplugin" 494
"../../../Engine/Plugins/Developer/Concert/ConcertUI/ConcertClientSharedSlate/ConcertClientSharedSlate.uplugin" 495
"../../../Engine/Plugins/Developer/Concert/ConcertSync/ConcertSyncClient/ConcertSyncClient.uplugin" 496
"../../../Engine/Plugins/Developer/Concert/ConcertApp/MultiUserServer/MultiUserServer.uplugin" 497
"../../../Engine/Plugins/Developer/Concert/ConcertSync/ConcertSyncCore/ConcertSyncCore.uplugin" 498
"../../../Engine/Plugins/Runtime/AR/Google/GoogleARCoreServices/GoogleARCoreServices.uplugin" 499
"../../../Engine/Plugins/Developer/Concert/ConcertUI/ConcertSharedSlate/ConcertSharedSlate.uplugin" 500
"../../../Engine/Plugins/Developer/Concert/ConcertApp/MultiUserClient/MultiUserClient.uplugin" 501
"../../../Engine/Plugins/Runtime/AR/Google/GoogleARCore/GoogleARCore.uplugin" 502
"../../../Engine/Platforms/HoloLens/Plugins/Media/BinkMedia/BinkMedia_HoloLens.uplugin" 503
"../../../Engine/Platforms/HoloLens/Plugins/Online/OnlineServicesEOS/OnlineServicesEOS_HoloLens.uplugin" 504
"../../../Engine/Platforms/HoloLens/Plugins/Online/OnlineServicesEOSGS/OnlineServicesEOSGS_HoloLens.uplugin" 505
"../../../Engine/Platforms/HoloLens/Plugins/Media/HLMedia/HLMedia_HoloLens.uplugin" 506
"../../../Engine/Platforms/HoloLens/Plugins/Runtime/OpenXRMsftHandInteraction/OpenXRMsftHandInteraction_HoloLens.uplugin" 507
"../../../Engine/Platforms/HoloLens/Plugins/Runtime/AR/AzureSpatialAnchors/AzureSpatialAnchors_HoloLens.uplugin" 508
"../../../Engine/Platforms/HoloLens/Plugins/Runtime/OpenXRHandTracking/OpenXRHandTracking_HoloLens.uplugin" 509
"../../../Engine/Platforms/HoloLens/Plugins/Runtime/GeoReferencing/GeoReferencing_HoloLens.uplugin" 510
"../../../Engine/Platforms/HoloLens/Plugins/Runtime/OpenXREyeTracker/OpenXREyeTracker_HoloLens.uplugin" 511
"../../../Engine/Platforms/HoloLens/Plugins/Runtime/OpenXR/OpenXR_HoloLens.uplugin" 512
"../../../Engine/Platforms/HoloLens/Plugins/Runtime/MicrosoftSpatialAudio/MicroSoftSpatialSound_HoloLens.uplugin" 513
"../../../Engine/Platforms/HoloLens/Plugins/Media/MfMedia/MfMedia_HoloLens.uplugin" 514
"../../../Engine/Platforms/HoloLens/Plugins/Runtime/ApexDestruction/ApexDestruction_HoloLens.uplugin" 515
"../../../Engine/Platforms/HoloLens/Plugins/Compression/OodleNetwork/OodleNetwork_HoloLens.uplugin" 516
"../../../Engine/Content/Internationalization/icudt64l/cnvalias.icu" 517
"../../../Engine/Content/Internationalization/icudt64l/res_index.res" 518
"../../../Engine/Content/Internationalization/icudt64l/plurals.res" 519
"../../../Engine/Content/Internationalization/icudt64l/lang/ja_JP.res" 520
"../../../Engine/Content/Internationalization/icudt64l/lang/pool.res" 521
"../../../Engine/Content/Internationalization/icudt64l/lang/ja.res" 522
"../../../Engine/Content/Internationalization/icudt64l/lang/root.res" 523
"../../../Engine/Content/Internationalization/icudt64l/region/ja_JP.res" 524
"../../../Engine/Content/Internationalization/icudt64l/region/pool.res" 525
"../../../Engine/Content/Internationalization/icudt64l/region/ja.res" 526
"../../../Engine/Content/Internationalization/icudt64l/region/root.res" 527
"../../../Engine/Content/Internationalization/icudt64l/lang/en.res" 528
"../../../Engine/Content/Internationalization/icudt64l/region/en.res" 529
"../../../Engine/Content/Internationalization/icudt64l/windowsZones.res" 530
"../../../Engine/Content/Internationalization/icudt64l/zoneinfo64.res" 531
"../../../Engine/Content/Internationalization/icudt64l/keyTypeData.res" 532
"../../../Engine/Content/Internationalization/icudt64l/timezoneTypes.res" 533
"../../../Engine/Content/Internationalization/icudt64l/likelySubtags.res" 534
"../../../Engine/Content/Internationalization/icudt64l/ja_JP.res" 535
"../../../Engine/Content/Internationalization/icudt64l/pool.res" 536
"../../../Engine/Content/Internationalization/icudt64l/ja.res" 537
"../../../Engine/Content/Internationalization/icudt64l/root.res" 538
"../../../Engine/Content/Internationalization/icudt64l/supplementalData.res" 539
"../../../Engine/Config/ConfigRedirects.ini" 540
"C:/Users/kbc12306156/AppData/Local/UnrealEngine/5.1/Saved/Config/WindowsEditor/Manifest.ini" 541
"../../../Engine/Config/Base.ini" 542
"../../../Engine/Config/BaseEngine.ini" 543
"../../../Engine/Config/IOS/BaseIOSEngine.ini" 544
"../../../Engine/Config/Windows/BaseWindowsEngine.ini" 545
"../../../Engine/Config/Android/BaseAndroidEngine.ini" 546
"../../../Engine/Config/Mac/BaseMacEngine.ini" 547
"../../../../../../PG/GFFproject/Config/DefaultEngine.ini" 548
"../../../Engine/Config/Linux/BaseLinuxEngine.ini" 549
"../../../Engine/Config/HoloLens/HoloLensEngine.ini" 550
"../../../Engine/Config/IOS/IOSEngine.ini" 551
"../../../Engine/Config/Android/AndroidEngine.ini" 552
"../../../../../../PG/GFFproject/Platforms/HoloLens/Config/HoloLensEngine.ini" 553
"../../../Engine/Config/Unix/UnixEngine.ini" 554
"../../../Engine/Config/Mac/MacEngine.ini" 555
"../../../Engine/Config/TVOS/TVOSEngine.ini" 556
"../../../Engine/Config/Windows/WindowsEngine.ini" 557
"../../../Engine/Config/LinuxArm64/LinuxArm64Engine.ini" 558
"../../../Engine/Config/Linux/LinuxEngine.ini" 559
"../../../Engine/Config/BaseGame.ini" 560
"C:/PG/GFFproject/Saved/Config/WindowsEditor/Engine.ini" 561
"../../../Engine/Config/IOS/BaseIOSGame.ini" 562
"../../../../../../PG/GFFproject/Config/DefaultGame.ini" 563
"../../../Engine/Config/Android/BaseAndroidGame.ini" 564
"../../../Engine/Config/Mac/MacGame.ini" 565
"../../../Engine/Config/IOS/IOSGame.ini" 566
"../../../Engine/Config/HoloLens/HoloLensGame.ini" 567
"../../../Engine/Config/BaseInput.ini" 568
"../../../Engine/Config/Windows/WindowsGame.ini" 569
"../../../../../../PG/GFFproject/Config/DefaultInput.ini" 570
"../../../Engine/Config/Linux/LinuxGame.ini" 571
"C:/PG/GFFproject/Saved/Config/WindowsEditor/Game.ini" 572
"../../../Engine/Config/BaseDeviceProfiles.ini" 573
"../../../Engine/Config/BaseGameUserSettings.ini" 574
"C:/PG/GFFproject/Saved/Config/WindowsEditor/Input.ini" 575
"../../../Engine/Config/BaseScalability.ini" 576
"C:/PG/GFFproject/Saved/Config/WindowsEditor/DeviceProfiles.ini" 577
"../../../Engine/Config/BaseRuntimeOptions.ini" 578
"../../../Engine/Config/IOS/IOSScalability.ini" 579
"../../../Engine/Config/BaseInstallBundle.ini" 580
"C:/PG/GFFproject/Saved/Config/WindowsEditor/GameUserSettings.ini" 581
"../../../Engine/Config/BaseHardware.ini" 582
"C:/PG/GFFproject/Saved/Config/WindowsEditor/Scalability.ini" 583
"../../../Engine/Config/Android/AndroidScalability.ini" 584
"C:/PG/GFFproject/Saved/Config/WindowsEditor/RuntimeOptions.ini" 585
"C:/PG/GFFproject/Saved/Config/WindowsEditor/Hardware.ini" 586
"../../../Engine/Config/BaseCompat.ini" 587
"C:/PG/GFFproject/Saved/Config/WindowsEditor/Compat.ini" 588
"../../../Engine/Config/BaseLightmass.ini" 589
"C:/PG/GFFproject/Saved/Config/WindowsEditor/Lightmass.ini" 590
"../../../Engine/Config/BaseEditor.ini" 591
"../../../../../../PG/GFFproject/Config/DefaultEditor.ini" 592
"C:/PG/GFFproject/Saved/Config/WindowsEditor/Editor.ini" 593
"../../../Engine/Config/BaseEditorPerProjectUserSettings.ini" 594
"../../../../../../PG/GFFproject/Config/DefaultEditorPerProjectUserSettings.ini" 595
"../../../Engine/Config/Windows/WindowsEditorPerProjectUserSettings.ini" 596
"C:/PG/GFFproject/Saved/Config/WindowsEditor/EditorPerProjectUserSettings.ini" 597
"../../../Engine/Config/BaseEditorSettings.ini" 598
"C:/Users/kbc12306156/AppData/Local/UnrealEngine/5.1/Saved/Config/WindowsEditor/EditorSettings.ini" 599
"../../../Engine/Config/BaseEditorKeyBindings.ini" 600
"C:/Users/kbc12306156/AppData/Local/UnrealEngine/5.1/Saved/Config/WindowsEditor/EditorKeyBindings.ini" 601
"C:/Users/kbc12306156/AppData/Local/UnrealEngine/5.1/Saved/Config/WindowsEditor/EditorLayout.ini" 602
"../../../Engine/Binaries/Win64/BootstrapPackagedGame-Win64-Shipping.target" 603
"../../../Engine/Binaries/Win64/BuildPatchTool-Win64-Shipping.target" 604
"../../../Engine/Binaries/Win64/CrashReportClient-Win64-Shipping.target" 605
"../../../Engine/Binaries/Win64/CrashReportClientEditor-Win64-Shipping.target" 606
"../../../Engine/Binaries/Win64/DatasmithCADWorker.target" 607
"../../../Engine/Binaries/Win64/EpicWebHelper.target" 608
"../../../Engine/Binaries/Win64/LiveCodingConsole.target" 609
"../../../Engine/Binaries/Win64/ShaderCompileWorker.target" 610
"../../../Engine/Binaries/Win64/SwitchboardListener.target" 611
"../../../Engine/Binaries/Win64/UnrealEditor-Win64-DebugGame.target" 612
"../../../Engine/Binaries/Win64/UnrealEditor.target" 613
"../../../Engine/Plugins/EnhancedInput/Config/BaseEnhancedInput.ini" 614
"C:/PG/GFFproject/Saved/Config/WindowsEditor/EnhancedInput.ini" 615
"../../../Engine/Plugins/Animation/ControlRig/Config/BaseControlRig.ini" 616
"C:/PG/GFFproject/Saved/Config/WindowsEditor/ControlRig.ini" 617
"../../../Engine/Plugins/Animation/IKRig/Config/BaseIKRig.ini" 618
"../../../Engine/Plugins/Animation/LiveLink/Config/BaseLiveLink.ini" 619
"C:/PG/GFFproject/Saved/Config/WindowsEditor/LiveLink.ini" 620
"../../../Engine/Plugins/Enterprise/GLTFExporter/Config/BaseGLTFExporter.ini" 621
"../../../Engine/Plugins/Enterprise/GLTFExporter/Config/DefaultGLTFExporter.ini" 622
"C:/PG/GFFproject/Saved/Config/WindowsEditor/GLTFExporter.ini" 623
"../../../Engine/Plugins/Enterprise/VariantManagerContent/Config/BaseVariantManagerContent.ini" 624
"C:/PG/GFFproject/Saved/Config/WindowsEditor/VariantManagerContent.ini" 625
"../../../Engine/Plugins/Enterprise/DatasmithContent/Config/BaseDatasmithContent.ini" 626
"C:/PG/GFFproject/Saved/Config/WindowsEditor/DatasmithContent.ini" 627
"../../../Engine/Plugins/FX/Niagara/Config/BaseNiagara.ini" 628
"C:/PG/GFFproject/Saved/Config/WindowsEditor/Niagara.ini" 629
"../../../Engine/Plugins/Enterprise/MDLImporter/Config/BaseMDLImporter.ini" 630
"C:/PG/GFFproject/Saved/Config/WindowsEditor/MDLImporter.ini" 631
"../../../Engine/Plugins/Experimental/FullBodyIK/Config/BaseFullBodyIK.ini" 632
"C:/PG/GFFproject/Saved/Config/WindowsEditor/FullBodyIK.ini" 633
"../../../Engine/Plugins/Developer/TraceDataFiltering/Config/BaseTraceDataFilters.ini" 634
"C:/PG/GFFproject/Saved/Config/WindowsEditor/TraceDataFilters.ini" 635
"../../../Engine/Plugins/Runtime/HairStrands/Config/BaseHairStrands.ini" 636
"C:/PG/GFFproject/Saved/Config/WindowsEditor/HairStrands.ini" 637
"../../../Engine/Plugins/Runtime/Metasound/Config/BaseMetasound.ini" 638
"C:/PG/GFFproject/Saved/Config/WindowsEditor/Metasound.ini" 639
"../../../Engine/Plugins/Runtime/Synthesis/Config/BaseSynthesis.ini" 640
"C:/PG/GFFproject/Saved/Config/WindowsEditor/Synthesis.ini" 641
"../../../Engine/Plugins/2D/Paper2D/Config/BasePaper2D.ini" 642
"C:/PG/GFFproject/Saved/Config/WindowsEditor/Paper2D.ini" 643
"../../../Engine/Plugins/Editor/EditorScriptingUtilities/Config/BaseEditorScriptingUtilities.ini" 644
"C:/PG/GFFproject/Saved/Config/WindowsEditor/EditorScriptingUtilities.ini" 645
"../../../Engine/Plugins/Interchange/Runtime/Config/BaseInterchange.ini" 646
"C:/PG/GFFproject/Saved/Config/WindowsEditor/Interchange.ini" 647
"../../../Engine/Plugins/Interchange/Runtime/Config/Game.ini" 648
"../../../Engine/Plugins/Developer/Concert/ConcertSync/ConcertSyncCore/Config/BaseConcertSyncCore.ini" 649
"C:/PG/GFFproject/Saved/Config/WindowsEditor/ConcertSyncCore.ini" 650
"../../../Engine/Plugins/Editor/ModelingToolsEditorMode/Binaries/Win64/UnrealEditor.modules" 651
"../../../Engine/Plugins/Runtime/MeshModelingToolset/Binaries/Win64/UnrealEditor.modules" 652
"../../../Engine/Plugins/Experimental/MeshModelingToolsetExp/Binaries/Win64/UnrealEditor.modules" 653
"../../../Engine/Plugins/Experimental/MeshLODToolset/Binaries/Win64/UnrealEditor.modules" 654
"../../../Engine/Plugins/Editor/StylusInput/Binaries/Win64/UnrealEditor.modules" 655
"../../../Engine/Plugins/Runtime/GeometryProcessing/Binaries/Win64/UnrealEditor.modules" 656
"../../../Engine/Plugins/Experimental/ProxyLODPlugin/Binaries/Win64/UnrealEditor.modules" 657
"../../../Engine/Plugins/Experimental/GeometryFlow/Binaries/Win64/UnrealEditor.modules" 658
"../../../Engine/Plugins/Editor/EditorScriptingUtilities/Binaries/Win64/UnrealEditor.modules" 659
"../../../Engine/Plugins/Bridge/Binaries/Win64/UnrealEditor.modules" 660
"../../../Engine/Plugins/FastBuildController/Binaries/Win64/UnrealEditor.modules" 661
"../../../Engine/Plugins/TraceUtilities/Binaries/Win64/UnrealEditor.modules" 662
"../../../Engine/Plugins/XGEController/Binaries/Win64/UnrealEditor.modules" 663
"../../../Engine/Plugins/MeshPainting/Binaries/Win64/UnrealEditor.modules" 664
"../../../Engine/Plugins/Interchange/Editor/Binaries/Win64/UnrealEditor.modules" 665
"../../../Engine/Plugins/Interchange/Runtime/Binaries/Win64/UnrealEditor.modules" 666
"../../../Engine/Plugins/Editor/GLTFImporter/Binaries/Win64/UnrealEditor.modules" 667
"../../../Engine/Plugins/Enterprise/VariantManagerContent/Binaries/Win64/UnrealEditor.modules" 668
"../../../Engine/Plugins/Enterprise/VariantManager/Binaries/Win64/UnrealEditor.modules" 669
"../../../Engine/Plugins/EnhancedInput/Binaries/Win64/UnrealEditor.modules" 670
"../../../Engine/Plugins/Animation/ControlRig/Binaries/Win64/UnrealEditor.modules" 671
"../../../Engine/Plugins/Experimental/PythonScriptPlugin/Binaries/Win64/UnrealEditor.modules" 672
"../../../Engine/Plugins/MovieScene/LevelSequenceEditor/Binaries/Win64/UnrealEditor.modules" 673
"../../../Engine/Plugins/Runtime/PropertyAccess/Binaries/Win64/UnrealEditor.modules" 674
"../../../Engine/Plugins/MovieScene/SequencerScripting/Binaries/Win64/UnrealEditor.modules" 675
"../../../Engine/Plugins/Editor/ContentBrowser/ContentBrowserFileDataSource/Binaries/Win64/UnrealEditor.modules" 676
"../../../Engine/Plugins/Animation/ControlRigSpline/Binaries/Win64/UnrealEditor.modules" 677
"../../../Engine/Plugins/Animation/IKRig/Binaries/Win64/UnrealEditor.modules" 678
"../../../Engine/Plugins/Experimental/FullBodyIK/Binaries/Win64/UnrealEditor.modules" 679
"../../../Engine/Plugins/Animation/AnimationModifierLibrary/Binaries/Win64/UnrealEditor.modules" 680
"../../../Engine/Plugins/Messaging/UdpMessaging/Binaries/Win64/UnrealEditor.modules" 681
"../../../Engine/Plugins/Messaging/TcpMessaging/Binaries/Win64/UnrealEditor.modules" 682
"../../../Engine/Plugins/Marketplace/FabLauncher/Binaries/Win64/UnrealEditor.modules" 683
"../../../Engine/Plugins/Importers/USDImporter/Binaries/Win64/UnrealEditor.modules" 684
"../../../Engine/Plugins/Importers/AlembicImporter/Binaries/Win64/UnrealEditor.modules" 685
"../../../Engine/Plugins/Runtime/Analytics/AnalyticsBlueprintLibrary/Binaries/Win64/UnrealEditor.modules" 686
"../../../Engine/Plugins/Runtime/GeometryCache/Binaries/Win64/UnrealEditor.modules" 687
"../../../Engine/Plugins/Animation/LiveLink/Binaries/Win64/UnrealEditor.modules" 688
"../../../Engine/Plugins/Enterprise/MDLImporter/Binaries/Win64/UnrealEditor.modules" 689
"../../../Engine/Plugins/Runtime/HairStrands/Binaries/Win64/UnrealEditor.modules" 690
"../../../Engine/Plugins/FX/Niagara/Binaries/Win64/UnrealEditor.modules" 691
"../../../Engine/Plugins/VirtualProduction/Takes/Binaries/Win64/UnrealEditor.modules" 692
"../../../Engine/Plugins/Developer/Concert/ConcertSync/ConcertSyncClient/Binaries/Win64/UnrealEditor.modules" 693
"../../../Engine/Plugins/Developer/Concert/ConcertSync/ConcertSyncCore/Binaries/Win64/UnrealEditor.modules" 694
"../../../Engine/Plugins/Developer/Concert/ConcertMain/Binaries/Win64/UnrealEditor.modules" 695
"../../../Engine/Plugins/Runtime/Database/SQLiteCore/Binaries/Win64/UnrealEditor.modules" 696
"../../../Engine/Plugins/Tests/InterchangeTests/Binaries/Win64/UnrealEditor.modules" 697
"../../../Engine/Plugins/Enterprise/GLTFExporter/Binaries/Win64/UnrealEditor.modules" 698
"../../../Engine/Plugins/Enterprise/DatasmithContent/Binaries/Win64/UnrealEditor.modules" 699
"../../../Engine/Plugins/Animation/BlendSpaceMotionAnalysis/Binaries/Win64/UnrealEditor.modules" 700
"../../../Engine/Plugins/Experimental/BackChannel/Binaries/Win64/UnrealEditor.modules" 701
"../../../Engine/Plugins/Experimental/AutomationUtils/Binaries/Win64/UnrealEditor.modules" 702
"../../../Engine/Plugins/Experimental/ChaosEditor/Binaries/Win64/UnrealEditor.modules" 703
"../../../Engine/Plugins/Experimental/PlanarCutPlugin/Binaries/Win64/UnrealEditor.modules" 704
"../../../Engine/Plugins/Experimental/GeometryCollectionPlugin/Binaries/Win64/UnrealEditor.modules" 705
"../../../Engine/Plugins/Runtime/ProceduralMeshComponent/Binaries/Win64/UnrealEditor.modules" 706
"../../../Engine/Plugins/Experimental/ChaosSolverPlugin/Binaries/Win64/UnrealEditor.modules" 707
"../../../Engine/Plugins/Experimental/Dataflow/Binaries/Win64/UnrealEditor.modules" 708
"../../../Engine/Plugins/Experimental/ChaosUserDataPT/Binaries/Win64/UnrealEditor.modules" 709
"../../../Engine/Plugins/Experimental/CharacterAI/Binaries/Win64/UnrealEditor.modules" 710
"../../../Engine/Plugins/Experimental/ChaosCloth/Binaries/Win64/UnrealEditor.modules" 711
"../../../Engine/Plugins/Experimental/ChaosCaching/Binaries/Win64/UnrealEditor.modules" 712
"../../../Engine/Plugins/Experimental/ChaosClothEditor/Binaries/Win64/UnrealEditor.modules" 713
"../../../Engine/Plugins/Experimental/ChaosNiagara/Binaries/Win64/UnrealEditor.modules" 714
"../../../Engine/Plugins/Experimental/Iris/Binaries/Win64/UnrealEditor.modules" 715
"../../../Engine/Plugins/Experimental/OpenImageDenoise/Binaries/Win64/UnrealEditor.modules" 716
"../../../Engine/Plugins/Experimental/PlatformCrypto/Binaries/Win64/UnrealEditor.modules" 717
"../../../Engine/Plugins/Experimental/SkeletalReduction/Binaries/Win64/UnrealEditor.modules" 718
"../../../Engine/Plugins/AI/AISupport/Binaries/Win64/UnrealEditor.modules" 719
"../../../Engine/Plugins/Experimental/UVEditor/Binaries/Win64/UnrealEditor.modules" 720
"../../../Engine/Plugins/Media/AndroidMedia/Binaries/Win64/UnrealEditor.modules" 721
"../../../Engine/Plugins/Media/ImgMedia/Binaries/Win64/UnrealEditor.modules" 722
"../../../Engine/Plugins/Media/MediaCompositing/Binaries/Win64/UnrealEditor.modules" 723
"../../../Engine/Plugins/Media/MediaPlate/Binaries/Win64/UnrealEditor.modules" 724
"../../../Engine/Plugins/Media/MediaPlayerEditor/Binaries/Win64/UnrealEditor.modules" 725
"../../../Engine/Plugins/AI/EnvironmentQueryEditor/Binaries/Win64/UnrealEditor.modules" 726
"../../../Engine/Plugins/Media/WmfMedia/Binaries/Win64/UnrealEditor.modules" 727
"../../../Engine/Plugins/Media/AvfMedia/Binaries/Win64/UnrealEditor.modules" 728
"../../../Engine/Plugins/Developer/DumpGPUServices/Binaries/Win64/UnrealEditor.modules" 729
"../../../Engine/Plugins/Developer/AnimationSharing/Binaries/Win64/UnrealEditor.modules" 730
"../../../Engine/Plugins/Runtime/SignificanceManager/Binaries/Win64/UnrealEditor.modules" 731
"../../../Engine/Plugins/Developer/PerforceSourceControl/Binaries/Win64/UnrealEditor.modules" 732
"../../../Engine/Plugins/Developer/GitSourceControl/Binaries/Win64/UnrealEditor.modules" 733
"../../../Engine/Plugins/Developer/PlasticSourceControl/Binaries/Win64/UnrealEditor.modules" 734
"../../../Engine/Plugins/Developer/PluginUtils/Binaries/Win64/UnrealEditor.modules" 735
"../../../Engine/Plugins/Developer/CLionSourceCodeAccess/Binaries/Win64/UnrealEditor.modules" 736
"../../../Engine/Plugins/Developer/SubversionSourceControl/Binaries/Win64/UnrealEditor.modules" 737
"../../../Engine/Plugins/Developer/RiderSourceCodeAccess/Binaries/Win64/UnrealEditor.modules" 738
"../../../Engine/Plugins/Developer/TextureFormatOodle/Binaries/Win64/UnrealEditor.modules" 739
"../../../Engine/Plugins/Developer/VisualStudioCodeSourceCodeAccess/Binaries/Win64/UnrealEditor.modules" 740
"../../../Engine/Plugins/Developer/PropertyAccessNode/Binaries/Win64/UnrealEditor.modules" 741
"../../../Engine/Plugins/Developer/TraceDataFiltering/Binaries/Win64/UnrealEditor.modules" 742
"../../../Engine/Plugins/Online/OnlineBase/Binaries/Win64/UnrealEditor.modules" 743
"../../../Engine/Plugins/Developer/VisualStudioSourceCodeAccess/Binaries/Win64/UnrealEditor.modules" 744
"../../../Engine/Plugins/Developer/UObjectPlugin/Binaries/Win64/UnrealEditor.modules" 745
"../../../Engine/Plugins/Developer/PixWinPlugin/Binaries/Win64/UnrealEditor.modules" 746
"../../../Engine/Plugins/Online/OnlineSubsystem/Binaries/Win64/UnrealEditor.modules" 747
"../../../Engine/Plugins/Online/OnlineSubsystemUtils/Binaries/Win64/UnrealEditor.modules" 748
"../../../Engine/Plugins/Online/OnlineServices/Binaries/Win64/UnrealEditor.modules" 749
"../../../Engine/Plugins/Online/OnlineSubsystemNull/Binaries/Win64/UnrealEditor.modules" 750
"../../../Engine/Plugins/Runtime/ActorLayerUtilities/Binaries/Win64/UnrealEditor.modules" 751
"../../../Engine/Plugins/Runtime/AndroidFileServer/Binaries/Win64/UnrealEditor.modules" 752
"../../../Engine/Plugins/Runtime/AndroidDeviceProfileSelector/Binaries/Win64/UnrealEditor.modules" 753
"../../../Engine/Plugins/Runtime/AndroidPermission/Binaries/Win64/UnrealEditor.modules" 754
"../../../Engine/Plugins/Runtime/ArchVisCharacter/Binaries/Win64/UnrealEditor.modules" 755
"../../../Engine/Plugins/Runtime/AudioCapture/Binaries/Win64/UnrealEditor.modules" 756
"../../../Engine/Plugins/Runtime/AppleImageUtils/Binaries/Win64/UnrealEditor.modules" 757
"../../../Engine/Plugins/Runtime/AssetTags/Binaries/Win64/UnrealEditor.modules" 758
"../../../Engine/Plugins/Runtime/ExampleDeviceProfileSelector/Binaries/Win64/UnrealEditor.modules" 759
"../../../Engine/Plugins/Runtime/CableComponent/Binaries/Win64/UnrealEditor.modules" 760
"../../../Engine/Plugins/Runtime/CustomMeshComponent/Binaries/Win64/UnrealEditor.modules" 761
"../../../Engine/Plugins/Runtime/GooglePAD/Binaries/Win64/UnrealEditor.modules" 762
"../../../Engine/Plugins/Runtime/InputDebugging/Binaries/Win64/UnrealEditor.modules" 763
"../../../Engine/Plugins/Runtime/LocationServicesBPLibrary/Binaries/Win64/UnrealEditor.modules" 764
"../../../Engine/Plugins/Runtime/MobilePatchingUtils/Binaries/Win64/UnrealEditor.modules" 765
"../../../Engine/Plugins/Runtime/ChunkDownloader/Binaries/Win64/UnrealEditor.modules" 766
"../../../Engine/Plugins/Runtime/Metasound/Binaries/Win64/UnrealEditor.modules" 767
"../../../Engine/Plugins/Runtime/AudioWidgets/Binaries/Win64/UnrealEditor.modules" 768
"../../../Engine/Plugins/Runtime/AudioSynesthesia/Binaries/Win64/UnrealEditor.modules" 769
"../../../Engine/Plugins/Runtime/WaveTable/Binaries/Win64/UnrealEditor.modules" 770
"../../../Engine/Plugins/Runtime/ResonanceAudio/Binaries/Win64/UnrealEditor.modules" 771
"../../../Engine/Plugins/Runtime/SoundFields/Binaries/Win64/UnrealEditor.modules" 772
"../../../Engine/Plugins/Runtime/Synthesis/Binaries/Win64/UnrealEditor.modules" 773
"../../../Engine/Plugins/Runtime/WindowsMoviePlayer/Binaries/Win64/UnrealEditor.modules" 774
"../../../Engine/Plugins/MovieScene/ActorSequence/Binaries/Win64/UnrealEditor.modules" 775
"../../../Engine/Plugins/Runtime/WindowsDeviceProfileSelector/Binaries/Win64/UnrealEditor.modules" 776
"../../../Engine/Plugins/Compression/OodleNetwork/Binaries/Win64/UnrealEditor.modules" 777
"../../../Engine/Plugins/Runtime/WebMMoviePlayer/Binaries/Win64/UnrealEditor.modules" 778
"../../../Engine/Plugins/Media/WebMMedia/Binaries/Win64/UnrealEditor.modules" 779
"../../../Engine/Plugins/Cameras/CameraShakePreviewer/Binaries/Win64/UnrealEditor.modules" 780
"../../../Engine/Plugins/Cameras/GameplayCameras/Binaries/Win64/UnrealEditor.modules" 781
"../../../Engine/Plugins/MovieScene/TemplateSequence/Binaries/Win64/UnrealEditor.modules" 782
"../../../Engine/Plugins/Editor/AssetManagerEditor/Binaries/Win64/UnrealEditor.modules" 783
"../../../Engine/Plugins/Editor/CryptoKeys/Binaries/Win64/UnrealEditor.modules" 784
"../../../Engine/Plugins/2D/Paper2D/Binaries/Win64/UnrealEditor.modules" 785
"../../../Engine/Plugins/Editor/BlueprintHeaderView/Binaries/Win64/UnrealEditor.modules" 786
"../../../Engine/Plugins/Editor/GameplayTagsEditor/Binaries/Win64/UnrealEditor.modules" 787
"../../../Engine/Plugins/Editor/FacialAnimation/Binaries/Win64/UnrealEditor.modules" 788
"../../../Engine/Plugins/Editor/EditorDebugTools/Binaries/Win64/UnrealEditor.modules" 789
"../../../Engine/Plugins/Editor/GeometryMode/Binaries/Win64/UnrealEditor.modules" 790
"../../../Engine/Plugins/Editor/MaterialAnalyzer/Binaries/Win64/UnrealEditor.modules" 791
"../../../Engine/Plugins/Editor/MobileLauncherProfileWizard/Binaries/Win64/UnrealEditor.modules" 792
"../../../Engine/Plugins/Editor/CurveEditorTools/Binaries/Win64/UnrealEditor.modules" 793
"../../../Engine/Plugins/Editor/PluginBrowser/Binaries/Win64/UnrealEditor.modules" 794
"../../../Engine/Plugins/Editor/SequencerAnimTools/Binaries/Win64/UnrealEditor.modules" 795
"../../../Engine/Plugins/Editor/WorldPartitionHLODUtilities/Binaries/Win64/UnrealEditor.modules" 796
"../../../Engine/Plugins/Portal/LauncherChunkInstaller/Binaries/Win64/UnrealEditor.modules" 797
"../../../Engine/Plugins/Editor/SpeedTreeImporter/Binaries/Win64/UnrealEditor.modules" 798
"../../../Engine/Plugins/Editor/DataValidation/Binaries/Win64/UnrealEditor.modules" 799
"../../../Engine/Plugins/Editor/ObjectMixer/LightMixer/Binaries/Win64/UnrealEditor.modules" 800
"../../../Engine/Plugins/Editor/ObjectMixer/ObjectMixer/Binaries/Win64/UnrealEditor.modules" 801
"../../../Engine/Plugins/Editor/ContentBrowser/ContentBrowserAssetDataSource/Binaries/Win64/UnrealEditor.modules" 802
"../../../Engine/Plugins/Editor/ContentBrowser/ContentBrowserClassDataSource/Binaries/Win64/UnrealEditor.modules" 803
"../../../Engine/Content/Certificates/ThirdParty/cacert.pem" 804
"../../../Engine/Config/ConsoleVariables.ini" 805
"../../../Engine/Binaries/Win64/Android/UnrealEditor.modules" 806
"../../../Engine/Binaries/Win64/IOS/UnrealEditor.modules" 807
"../../../Engine/Binaries/Win64/Linux/UnrealEditor.modules" 808
"../../../Engine/Binaries/Win64/LinuxArm64/UnrealEditor.modules" 809
"C:\Program Files\Epic Games\UE_5.1\Engine\Binaries\ThirdParty\ShaderConductor\Win64\dxcompiler.dll" 810
"C:\Program Files\Epic Games\UE_5.1\Engine\Binaries\ThirdParty\ShaderConductor\Win64\dxil.dll" 811
"C:\Program Files\Epic Games\UE_5.1\Engine\Binaries\ThirdParty\ShaderConductor\Win64\ShaderConductor.dll" 812
"../../../Engine/Content/Localization/Editor/ja/Editor.locres" 813
"../../../Engine/Content/Localization/EditorTutorials/ja/EditorTutorials.locres" 814
"../../../Engine/Content/Localization/Keywords/ja/Keywords.locres" 815
"../../../Engine/Content/Localization/Category/ja/Category.locres" 816
"../../../Engine/Content/Localization/ToolTips/ja/ToolTips.locres" 817
"../../../Engine/Content/Localization/PropertyNames/ja/PropertyNames.locres" 818
"../../../Engine/Content/Localization/Engine/ja/Engine.locres" 819
"../../../Engine/Plugins/Online/OnlineSubsystem/Content/Localization/OnlineSubsystem/ja/OnlineSubsystem.locres" 820
"../../../Engine/Plugins/Online/OnlineSubsystemUtils/Content/Localization/OnlineSubsystemUtils/ja/OnlineSubsystemUtils.locres" 821
"../../../Engine/Plugins/Online/Android/OnlineSubsystemGooglePlay/Content/Localization/OnlineSubsystemGooglePlay/ja/OnlineSubsystemGooglePlay.locres" 822
"../../../Engine/Plugins/Online/IOS/OnlineSubsystemIOS/Content/Localization/OnlineSubsystemIOS/ja/OnlineSubsystemIOS.locres" 823
"../../../Engine/Content/Internationalization/icudt64l/numberingSystems.res" 824
"../../../Engine/Content/Internationalization/icudt64l/curr/supplementalData.res" 825
"../../../Engine/Content/Internationalization/icudt64l/curr/ja_JP.res" 826
"../../../Engine/Content/Internationalization/icudt64l/curr/pool.res" 827
"../../../Engine/Content/Internationalization/icudt64l/curr/ja.res" 828
"../../../Engine/Content/Internationalization/icudt64l/curr/root.res" 829
"../../../Engine/Content/Internationalization/icudt64l/lang/af.res" 830
"../../../Engine/Content/Internationalization/icudt64l/region/af.res" 831
"../../../Engine/Content/Internationalization/icudt64l/lang/agq.res" 832
"../../../Engine/Content/Internationalization/icudt64l/region/agq.res" 833
"../../../Engine/Content/Internationalization/icudt64l/lang/ak.res" 834
"../../../Engine/Content/Internationalization/icudt64l/region/ak.res" 835
"../../../Engine/Content/Internationalization/icudt64l/lang/am.res" 836
"../../../Engine/Content/Internationalization/icudt64l/region/am.res" 837
"../../../Engine/Content/Internationalization/icudt64l/lang/ar.res" 838
"../../../Engine/Content/Internationalization/icudt64l/region/ar.res" 839
"../../../Engine/Content/Internationalization/icudt64l/region/ar_AE.res" 840
"../../../Engine/Content/Internationalization/icudt64l/lang/ar_EG.res" 841
"../../../Engine/Content/Internationalization/icudt64l/lang/ar_LY.res" 842
"../../../Engine/Content/Internationalization/icudt64l/region/ar_LY.res" 843
"../../../Engine/Content/Internationalization/icudt64l/lang/ar_SA.res" 844
"../../../Engine/Content/Internationalization/icudt64l/region/ar_SA.res" 845
"../../../Engine/Content/Internationalization/icudt64l/lang/as.res" 846
"../../../Engine/Content/Internationalization/icudt64l/region/as.res" 847
"../../../Engine/Content/Internationalization/icudt64l/lang/asa.res" 848
"../../../Engine/Content/Internationalization/icudt64l/region/asa.res" 849
"../../../Engine/Content/Internationalization/icudt64l/lang/ast.res" 850
"../../../Engine/Content/Internationalization/icudt64l/region/ast.res" 851
"../../../Engine/Content/Internationalization/icudt64l/lang/az.res" 852
"../../../Engine/Content/Internationalization/icudt64l/lang/az_Cyrl.res" 853
"../../../Engine/Content/Internationalization/icudt64l/lang/az_AZ.res" 854
"../../../Engine/Content/Internationalization/icudt64l/lang/az_Latn_AZ.res" 855
"../../../Engine/Content/Internationalization/icudt64l/lang/az_Latn.res" 856
"../../../Engine/Content/Internationalization/icudt64l/region/az_AZ.res" 857
"../../../Engine/Content/Internationalization/icudt64l/region/az_Latn_AZ.res" 858
"../../../Engine/Content/Internationalization/icudt64l/region/az_Latn.res" 859
"../../../Engine/Content/Internationalization/icudt64l/region/az.res" 860
"../../../Engine/Content/Internationalization/icudt64l/region/az_Cyrl.res" 861
"../../../Engine/Content/Internationalization/icudt64l/lang/bas.res" 862
"../../../Engine/Content/Internationalization/icudt64l/region/bas.res" 863
"../../../Engine/Content/Internationalization/icudt64l/lang/be.res" 864
"../../../Engine/Content/Internationalization/icudt64l/region/be.res" 865
"../../../Engine/Content/Internationalization/icudt64l/lang/bem.res" 866
"../../../Engine/Content/Internationalization/icudt64l/region/bem.res" 867
"../../../Engine/Content/Internationalization/icudt64l/lang/bez.res" 868
"../../../Engine/Content/Internationalization/icudt64l/region/bez.res" 869
"../../../Engine/Content/Internationalization/icudt64l/lang/bg.res" 870
"../../../Engine/Content/Internationalization/icudt64l/region/bg.res" 871
"../../../Engine/Content/Internationalization/icudt64l/lang/bm.res" 872
"../../../Engine/Content/Internationalization/icudt64l/region/bm.res" 873
"../../../Engine/Content/Internationalization/icudt64l/lang/bn.res" 874
"../../../Engine/Content/Internationalization/icudt64l/region/bn.res" 875
"../../../Engine/Content/Internationalization/icudt64l/lang/bn_IN.res" 876
"../../../Engine/Content/Internationalization/icudt64l/region/bn_IN.res" 877
"../../../Engine/Content/Internationalization/icudt64l/lang/bo.res" 878
"../../../Engine/Content/Internationalization/icudt64l/region/bo.res" 879
"../../../Engine/Content/Internationalization/icudt64l/region/bo_IN.res" 880
"../../../Engine/Content/Internationalization/icudt64l/lang/br.res" 881
"../../../Engine/Content/Internationalization/icudt64l/region/br.res" 882
"../../../Engine/Content/Internationalization/icudt64l/lang/brx.res" 883
"../../../Engine/Content/Internationalization/icudt64l/region/brx.res" 884
"../../../Engine/Content/Internationalization/icudt64l/lang/bs.res" 885
"../../../Engine/Content/Internationalization/icudt64l/lang/bs_Cyrl.res" 886
"../../../Engine/Content/Internationalization/icudt64l/lang/bs_BA.res" 887
"../../../Engine/Content/Internationalization/icudt64l/lang/bs_Latn_BA.res" 888
"../../../Engine/Content/Internationalization/icudt64l/lang/bs_Latn.res" 889
"../../../Engine/Content/Internationalization/icudt64l/region/bs_BA.res" 890
"../../../Engine/Content/Internationalization/icudt64l/region/bs_Latn_BA.res" 891
"../../../Engine/Content/Internationalization/icudt64l/region/bs_Latn.res" 892
"../../../Engine/Content/Internationalization/icudt64l/region/bs.res" 893
"../../../Engine/Content/Internationalization/icudt64l/region/bs_Cyrl.res" 894
"../../../Engine/Content/Internationalization/icudt64l/lang/ca.res" 895
"../../../Engine/Content/Internationalization/icudt64l/region/ca.res" 896
"../../../Engine/Content/Internationalization/icudt64l/lang/ccp.res" 897
"../../../Engine/Content/Internationalization/icudt64l/region/ccp.res" 898
"../../../Engine/Content/Internationalization/icudt64l/lang/ce.res" 899
"../../../Engine/Content/Internationalization/icudt64l/region/ce.res" 900
"../../../Engine/Content/Internationalization/icudt64l/lang/ceb.res" 901
"../../../Engine/Content/Internationalization/icudt64l/region/ceb.res" 902
"../../../Engine/Content/Internationalization/icudt64l/lang/cgg.res" 903
"../../../Engine/Content/Internationalization/icudt64l/region/cgg.res" 904
"../../../Engine/Content/Internationalization/icudt64l/lang/chr.res" 905
"../../../Engine/Content/Internationalization/icudt64l/region/chr.res" 906
"../../../Engine/Content/Internationalization/icudt64l/lang/ckb.res" 907
"../../../Engine/Content/Internationalization/icudt64l/region/ckb.res" 908
"../../../Engine/Content/Internationalization/icudt64l/lang/cs.res" 909
"../../../Engine/Content/Internationalization/icudt64l/region/cs.res" 910
"../../../Engine/Content/Internationalization/icudt64l/lang/cy.res" 911
"../../../Engine/Content/Internationalization/icudt64l/region/cy.res" 912
"../../../Engine/Content/Internationalization/icudt64l/lang/da.res" 913
"../../../Engine/Content/Internationalization/icudt64l/region/da.res" 914
"../../../Engine/Content/Internationalization/icudt64l/lang/dav.res" 915
"../../../Engine/Content/Internationalization/icudt64l/region/dav.res" 916
"../../../Engine/Content/Internationalization/icudt64l/lang/de.res" 917
"../../../Engine/Content/Internationalization/icudt64l/lang/de_AT.res" 918
"../../../Engine/Content/Internationalization/icudt64l/region/de_AT.res" 919
"../../../Engine/Content/Internationalization/icudt64l/region/de.res" 920
"../../../Engine/Content/Internationalization/icudt64l/lang/de_CH.res" 921
"../../../Engine/Content/Internationalization/icudt64l/region/de_CH.res" 922
"../../../Engine/Content/Internationalization/icudt64l/lang/de_LU.res" 923
"../../../Engine/Content/Internationalization/icudt64l/lang/dje.res" 924
"../../../Engine/Content/Internationalization/icudt64l/region/dje.res" 925
"../../../Engine/Content/Internationalization/icudt64l/lang/dsb.res" 926
"../../../Engine/Content/Internationalization/icudt64l/region/dsb.res" 927
"../../../Engine/Content/Internationalization/icudt64l/lang/dua.res" 928
"../../../Engine/Content/Internationalization/icudt64l/region/dua.res" 929
"../../../Engine/Content/Internationalization/icudt64l/lang/dyo.res" 930
"../../../Engine/Content/Internationalization/icudt64l/region/dyo.res" 931
"../../../Engine/Content/Internationalization/icudt64l/lang/dz.res" 932
"../../../Engine/Content/Internationalization/icudt64l/region/dz.res" 933
"../../../Engine/Content/Internationalization/icudt64l/lang/ebu.res" 934
"../../../Engine/Content/Internationalization/icudt64l/region/ebu.res" 935
"../../../Engine/Content/Internationalization/icudt64l/lang/ee.res" 936
"../../../Engine/Content/Internationalization/icudt64l/region/ee.res" 937
"../../../Engine/Content/Internationalization/icudt64l/lang/el.res" 938
"../../../Engine/Content/Internationalization/icudt64l/region/el.res" 939
"../../../Engine/Content/Internationalization/icudt64l/lang/en_001.res" 940
"../../../Engine/Content/Internationalization/icudt64l/lang/en_150.res" 941
"../../../Engine/Content/Internationalization/icudt64l/region/en_150.res" 942
"../../../Engine/Content/Internationalization/icudt64l/lang/en_AG.res" 943
"../../../Engine/Content/Internationalization/icudt64l/region/en_AG.res" 944
"../../../Engine/Content/Internationalization/icudt64l/lang/en_AI.res" 945
"../../../Engine/Content/Internationalization/icudt64l/region/en_AI.res" 946
"../../../Engine/Content/Internationalization/icudt64l/lang/en_AT.res" 947
"../../../Engine/Content/Internationalization/icudt64l/region/en_AT.res" 948
"../../../Engine/Content/Internationalization/icudt64l/lang/en_AU.res" 949
"../../../Engine/Content/Internationalization/icudt64l/region/en_AU.res" 950
"../../../Engine/Content/Internationalization/icudt64l/lang/en_BB.res" 951
"../../../Engine/Content/Internationalization/icudt64l/region/en_BB.res" 952
"../../../Engine/Content/Internationalization/icudt64l/lang/en_BE.res" 953
"../../../Engine/Content/Internationalization/icudt64l/region/en_BE.res" 954
"../../../Engine/Content/Internationalization/icudt64l/lang/en_BM.res" 955
"../../../Engine/Content/Internationalization/icudt64l/region/en_BM.res" 956
"../../../Engine/Content/Internationalization/icudt64l/lang/en_BS.res" 957
"../../../Engine/Content/Internationalization/icudt64l/region/en_BS.res" 958
"../../../Engine/Content/Internationalization/icudt64l/lang/en_BW.res" 959
"../../../Engine/Content/Internationalization/icudt64l/region/en_BW.res" 960
"../../../Engine/Content/Internationalization/icudt64l/lang/en_BZ.res" 961
"../../../Engine/Content/Internationalization/icudt64l/region/en_BZ.res" 962
"../../../Engine/Content/Internationalization/icudt64l/lang/en_CA.res" 963
"../../../Engine/Content/Internationalization/icudt64l/region/en_CA.res" 964
"../../../Engine/Content/Internationalization/icudt64l/lang/en_CC.res" 965
"../../../Engine/Content/Internationalization/icudt64l/region/en_CC.res" 966
"../../../Engine/Content/Internationalization/icudt64l/lang/en_CH.res" 967
"../../../Engine/Content/Internationalization/icudt64l/region/en_CH.res" 968
"../../../Engine/Content/Internationalization/icudt64l/lang/en_CK.res" 969
"../../../Engine/Content/Internationalization/icudt64l/region/en_CK.res" 970
"../../../Engine/Content/Internationalization/icudt64l/lang/en_CM.res" 971
"../../../Engine/Content/Internationalization/icudt64l/region/en_CM.res" 972
"../../../Engine/Content/Internationalization/icudt64l/lang/en_CX.res" 973
"../../../Engine/Content/Internationalization/icudt64l/region/en_CX.res" 974
"../../../Engine/Content/Internationalization/icudt64l/lang/en_CY.res" 975
"../../../Engine/Content/Internationalization/icudt64l/region/en_CY.res" 976
"../../../Engine/Content/Internationalization/icudt64l/lang/en_DE.res" 977
"../../../Engine/Content/Internationalization/icudt64l/region/en_DE.res" 978
"../../../Engine/Content/Internationalization/icudt64l/lang/en_DG.res" 979
"../../../Engine/Content/Internationalization/icudt64l/region/en_DG.res" 980
"../../../Engine/Content/Internationalization/icudt64l/lang/en_DK.res" 981
"../../../Engine/Content/Internationalization/icudt64l/region/en_DK.res" 982
"../../../Engine/Content/Internationalization/icudt64l/lang/en_DM.res" 983
"../../../Engine/Content/Internationalization/icudt64l/region/en_DM.res" 984
"../../../Engine/Content/Internationalization/icudt64l/lang/en_ER.res" 985
"../../../Engine/Content/Internationalization/icudt64l/region/en_ER.res" 986
"../../../Engine/Content/Internationalization/icudt64l/lang/en_FI.res" 987
"../../../Engine/Content/Internationalization/icudt64l/region/en_FI.res" 988
"../../../Engine/Content/Internationalization/icudt64l/lang/en_FJ.res" 989
"../../../Engine/Content/Internationalization/icudt64l/region/en_FJ.res" 990
"../../../Engine/Content/Internationalization/icudt64l/lang/en_FK.res" 991
"../../../Engine/Content/Internationalization/icudt64l/region/en_FK.res" 992
"../../../Engine/Content/Internationalization/icudt64l/lang/en_FM.res" 993
"../../../Engine/Content/Internationalization/icudt64l/region/en_FM.res" 994
"../../../Engine/Content/Internationalization/icudt64l/lang/en_GB.res" 995
"../../../Engine/Content/Internationalization/icudt64l/region/en_GB.res" 996
"../../../Engine/Content/Internationalization/icudt64l/lang/en_GD.res" 997
"../../../Engine/Content/Internationalization/icudt64l/region/en_GD.res" 998
"../../../Engine/Content/Internationalization/icudt64l/lang/en_GG.res" 999
"../../../Engine/Content/Internationalization/icudt64l/region/en_GG.res" 1000
"../../../Engine/Content/Internationalization/icudt64l/lang/en_GH.res" 1001
"../../../Engine/Content/Internationalization/icudt64l/region/en_GH.res" 1002
"../../../Engine/Content/Internationalization/icudt64l/lang/en_GI.res" 1003
"../../../Engine/Content/Internationalization/icudt64l/region/en_GI.res" 1004
"../../../Engine/Content/Internationalization/icudt64l/lang/en_GM.res" 1005
"../../../Engine/Content/Internationalization/icudt64l/region/en_GM.res" 1006
"../../../Engine/Content/Internationalization/icudt64l/lang/en_GY.res" 1007
"../../../Engine/Content/Internationalization/icudt64l/region/en_GY.res" 1008
"../../../Engine/Content/Internationalization/icudt64l/lang/en_HK.res" 1009
"../../../Engine/Content/Internationalization/icudt64l/region/en_HK.res" 1010
"../../../Engine/Content/Internationalization/icudt64l/lang/en_IE.res" 1011
"../../../Engine/Content/Internationalization/icudt64l/region/en_IE.res" 1012
"../../../Engine/Content/Internationalization/icudt64l/lang/en_IL.res" 1013
"../../../Engine/Content/Internationalization/icudt64l/region/en_IL.res" 1014
"../../../Engine/Content/Internationalization/icudt64l/lang/en_IM.res" 1015
"../../../Engine/Content/Internationalization/icudt64l/region/en_IM.res" 1016
"../../../Engine/Content/Internationalization/icudt64l/lang/en_IN.res" 1017
"../../../Engine/Content/Internationalization/icudt64l/region/en_IN.res" 1018
"../../../Engine/Content/Internationalization/icudt64l/lang/en_IO.res" 1019
"../../../Engine/Content/Internationalization/icudt64l/region/en_IO.res" 1020
"../../../Engine/Content/Internationalization/icudt64l/lang/en_JE.res" 1021
"../../../Engine/Content/Internationalization/icudt64l/region/en_JE.res" 1022
"../../../Engine/Content/Internationalization/icudt64l/lang/en_JM.res" 1023
"../../../Engine/Content/Internationalization/icudt64l/region/en_JM.res" 1024
"../../../Engine/Content/Internationalization/icudt64l/lang/en_KE.res" 1025
"../../../Engine/Content/Internationalization/icudt64l/region/en_KE.res" 1026
"../../../Engine/Content/Internationalization/icudt64l/lang/en_KI.res" 1027
"../../../Engine/Content/Internationalization/icudt64l/region/en_KI.res" 1028
"../../../Engine/Content/Internationalization/icudt64l/lang/en_KN.res" 1029
"../../../Engine/Content/Internationalization/icudt64l/region/en_KN.res" 1030
"../../../Engine/Content/Internationalization/icudt64l/lang/en_KY.res" 1031
"../../../Engine/Content/Internationalization/icudt64l/region/en_KY.res" 1032
"../../../Engine/Content/Internationalization/icudt64l/lang/en_LC.res" 1033
"../../../Engine/Content/Internationalization/icudt64l/region/en_LC.res" 1034
"../../../Engine/Content/Internationalization/icudt64l/lang/en_LR.res" 1035
"../../../Engine/Content/Internationalization/icudt64l/region/en_LR.res" 1036
"../../../Engine/Content/Internationalization/icudt64l/lang/en_LS.res" 1037
"../../../Engine/Content/Internationalization/icudt64l/region/en_LS.res" 1038
"../../../Engine/Content/Internationalization/icudt64l/lang/en_MG.res" 1039
"../../../Engine/Content/Internationalization/icudt64l/region/en_MG.res" 1040
"../../../Engine/Content/Internationalization/icudt64l/lang/en_MO.res" 1041
"../../../Engine/Content/Internationalization/icudt64l/region/en_MO.res" 1042
"../../../Engine/Content/Internationalization/icudt64l/lang/en_MS.res" 1043
"../../../Engine/Content/Internationalization/icudt64l/region/en_MS.res" 1044
"../../../Engine/Content/Internationalization/icudt64l/lang/en_MT.res" 1045
"../../../Engine/Content/Internationalization/icudt64l/region/en_MT.res" 1046
"../../../Engine/Content/Internationalization/icudt64l/lang/en_MU.res" 1047
"../../../Engine/Content/Internationalization/icudt64l/region/en_MU.res" 1048
"../../../Engine/Content/Internationalization/icudt64l/lang/en_MW.res" 1049
"../../../Engine/Content/Internationalization/icudt64l/region/en_MW.res" 1050
"../../../Engine/Content/Internationalization/icudt64l/lang/en_MY.res" 1051
"../../../Engine/Content/Internationalization/icudt64l/region/en_MY.res" 1052
"../../../Engine/Content/Internationalization/icudt64l/lang/en_NA.res" 1053
"../../../Engine/Content/Internationalization/icudt64l/region/en_NA.res" 1054
"../../../Engine/Content/Internationalization/icudt64l/lang/en_NF.res" 1055
"../../../Engine/Content/Internationalization/icudt64l/region/en_NF.res" 1056
"../../../Engine/Content/Internationalization/icudt64l/lang/en_NG.res" 1057
"../../../Engine/Content/Internationalization/icudt64l/region/en_NG.res" 1058
"../../../Engine/Content/Internationalization/icudt64l/lang/en_NL.res" 1059
"../../../Engine/Content/Internationalization/icudt64l/region/en_NL.res" 1060
"../../../Engine/Content/Internationalization/icudt64l/lang/en_NR.res" 1061
"../../../Engine/Content/Internationalization/icudt64l/region/en_NR.res" 1062
"../../../Engine/Content/Internationalization/icudt64l/lang/en_NU.res" 1063
"../../../Engine/Content/Internationalization/icudt64l/region/en_NU.res" 1064
"../../../Engine/Content/Internationalization/icudt64l/lang/en_NZ.res" 1065
"../../../Engine/Content/Internationalization/icudt64l/region/en_NZ.res" 1066
"../../../Engine/Content/Internationalization/icudt64l/lang/en_PG.res" 1067
"../../../Engine/Content/Internationalization/icudt64l/region/en_PG.res" 1068
"../../../Engine/Content/Internationalization/icudt64l/lang/en_PH.res" 1069
"../../../Engine/Content/Internationalization/icudt64l/region/en_PH.res" 1070
"../../../Engine/Content/Internationalization/icudt64l/lang/en_PK.res" 1071
"../../../Engine/Content/Internationalization/icudt64l/region/en_PK.res" 1072
"../../../Engine/Content/Internationalization/icudt64l/lang/en_PN.res" 1073
"../../../Engine/Content/Internationalization/icudt64l/region/en_PN.res" 1074
"../../../Engine/Content/Internationalization/icudt64l/lang/en_PW.res" 1075
"../../../Engine/Content/Internationalization/icudt64l/region/en_PW.res" 1076
"../../../Engine/Content/Internationalization/icudt64l/lang/en_RW.res" 1077
"../../../Engine/Content/Internationalization/icudt64l/region/en_RW.res" 1078
"../../../Engine/Content/Internationalization/icudt64l/lang/en_SB.res" 1079
"../../../Engine/Content/Internationalization/icudt64l/region/en_SB.res" 1080
"../../../Engine/Content/Internationalization/icudt64l/lang/en_SC.res" 1081
"../../../Engine/Content/Internationalization/icudt64l/region/en_SC.res" 1082
"../../../Engine/Content/Internationalization/icudt64l/lang/en_SD.res" 1083
"../../../Engine/Content/Internationalization/icudt64l/region/en_SD.res" 1084
"../../../Engine/Content/Internationalization/icudt64l/lang/en_SE.res" 1085
"../../../Engine/Content/Internationalization/icudt64l/region/en_SE.res" 1086
"../../../Engine/Content/Internationalization/icudt64l/lang/en_SG.res" 1087
"../../../Engine/Content/Internationalization/icudt64l/region/en_SG.res" 1088
"../../../Engine/Content/Internationalization/icudt64l/lang/en_SH.res" 1089
"../../../Engine/Content/Internationalization/icudt64l/region/en_SH.res" 1090
"../../../Engine/Content/Internationalization/icudt64l/lang/en_SI.res" 1091
"../../../Engine/Content/Internationalization/icudt64l/region/en_SI.res" 1092
"../../../Engine/Content/Internationalization/icudt64l/lang/en_SL.res" 1093
"../../../Engine/Content/Internationalization/icudt64l/region/en_SL.res" 1094
"../../../Engine/Content/Internationalization/icudt64l/lang/en_SS.res" 1095
"../../../Engine/Content/Internationalization/icudt64l/region/en_SS.res" 1096
"../../../Engine/Content/Internationalization/icudt64l/lang/en_SX.res" 1097
"../../../Engine/Content/Internationalization/icudt64l/region/en_SX.res" 1098
"../../../Engine/Content/Internationalization/icudt64l/lang/en_SZ.res" 1099
"../../../Engine/Content/Internationalization/icudt64l/region/en_SZ.res" 1100
"../../../Engine/Content/Internationalization/icudt64l/lang/en_TC.res" 1101
"../../../Engine/Content/Internationalization/icudt64l/region/en_TC.res" 1102
"../../../Engine/Content/Internationalization/icudt64l/lang/en_TK.res" 1103
"../../../Engine/Content/Internationalization/icudt64l/region/en_TK.res" 1104
"../../../Engine/Content/Internationalization/icudt64l/lang/en_TO.res" 1105
"../../../Engine/Content/Internationalization/icudt64l/region/en_TO.res" 1106
"../../../Engine/Content/Internationalization/icudt64l/lang/en_TT.res" 1107
"../../../Engine/Content/Internationalization/icudt64l/region/en_TT.res" 1108
"../../../Engine/Content/Internationalization/icudt64l/lang/en_TV.res" 1109
"../../../Engine/Content/Internationalization/icudt64l/region/en_TV.res" 1110
"../../../Engine/Content/Internationalization/icudt64l/lang/en_TZ.res" 1111
"../../../Engine/Content/Internationalization/icudt64l/region/en_TZ.res" 1112
"../../../Engine/Content/Internationalization/icudt64l/lang/en_UG.res" 1113
"../../../Engine/Content/Internationalization/icudt64l/region/en_UG.res" 1114
"../../../Engine/Content/Internationalization/icudt64l/lang/en_VC.res" 1115
"../../../Engine/Content/Internationalization/icudt64l/region/en_VC.res" 1116
"../../../Engine/Content/Internationalization/icudt64l/lang/en_VG.res" 1117
"../../../Engine/Content/Internationalization/icudt64l/region/en_VG.res" 1118
"../../../Engine/Content/Internationalization/icudt64l/lang/en_VU.res" 1119
"../../../Engine/Content/Internationalization/icudt64l/region/en_VU.res" 1120
"../../../Engine/Content/Internationalization/icudt64l/lang/en_WS.res" 1121
"../../../Engine/Content/Internationalization/icudt64l/region/en_WS.res" 1122
"../../../Engine/Content/Internationalization/icudt64l/lang/en_ZA.res" 1123
"../../../Engine/Content/Internationalization/icudt64l/region/en_ZA.res" 1124
"../../../Engine/Content/Internationalization/icudt64l/lang/en_ZM.res" 1125
"../../../Engine/Content/Internationalization/icudt64l/region/en_ZM.res" 1126
"../../../Engine/Content/Internationalization/icudt64l/lang/en_ZW.res" 1127
"../../../Engine/Content/Internationalization/icudt64l/region/en_ZW.res" 1128
"../../../Engine/Content/Internationalization/icudt64l/lang/eo.res" 1129
"../../../Engine/Content/Internationalization/icudt64l/region/eo.res" 1130
"../../../Engine/Content/Internationalization/icudt64l/lang/es.res" 1131
"../../../Engine/Content/Internationalization/icudt64l/lang/es_419.res" 1132
"../../../Engine/Content/Internationalization/icudt64l/region/es_419.res" 1133
"../../../Engine/Content/Internationalization/icudt64l/region/es.res" 1134
"../../../Engine/Content/Internationalization/icudt64l/lang/es_AR.res" 1135
"../../../Engine/Content/Internationalization/icudt64l/region/es_AR.res" 1136
"../../../Engine/Content/Internationalization/icudt64l/lang/es_BO.res" 1137
"../../../Engine/Content/Internationalization/icudt64l/region/es_BO.res" 1138
"../../../Engine/Content/Internationalization/icudt64l/lang/es_BR.res" 1139
"../../../Engine/Content/Internationalization/icudt64l/region/es_BR.res" 1140
"../../../Engine/Content/Internationalization/icudt64l/lang/es_BZ.res" 1141
"../../../Engine/Content/Internationalization/icudt64l/region/es_BZ.res" 1142
"../../../Engine/Content/Internationalization/icudt64l/lang/es_CL.res" 1143
"../../../Engine/Content/Internationalization/icudt64l/region/es_CL.res" 1144
"../../../Engine/Content/Internationalization/icudt64l/lang/es_CO.res" 1145
"../../../Engine/Content/Internationalization/icudt64l/region/es_CO.res" 1146
"../../../Engine/Content/Internationalization/icudt64l/lang/es_CR.res" 1147
"../../../Engine/Content/Internationalization/icudt64l/region/es_CR.res" 1148
"../../../Engine/Content/Internationalization/icudt64l/lang/es_CU.res" 1149
"../../../Engine/Content/Internationalization/icudt64l/region/es_CU.res" 1150
"../../../Engine/Content/Internationalization/icudt64l/lang/es_DO.res" 1151
"../../../Engine/Content/Internationalization/icudt64l/region/es_DO.res" 1152
"../../../Engine/Content/Internationalization/icudt64l/lang/es_EC.res" 1153
"../../../Engine/Content/Internationalization/icudt64l/region/es_EC.res" 1154
"../../../Engine/Content/Internationalization/icudt64l/lang/es_GT.res" 1155
"../../../Engine/Content/Internationalization/icudt64l/region/es_GT.res" 1156
"../../../Engine/Content/Internationalization/icudt64l/lang/es_HN.res" 1157
"../../../Engine/Content/Internationalization/icudt64l/region/es_HN.res" 1158
"../../../Engine/Content/Internationalization/icudt64l/lang/es_MX.res" 1159
"../../../Engine/Content/Internationalization/icudt64l/region/es_MX.res" 1160
"../../../Engine/Content/Internationalization/icudt64l/lang/es_NI.res" 1161
"../../../Engine/Content/Internationalization/icudt64l/region/es_NI.res" 1162
"../../../Engine/Content/Internationalization/icudt64l/lang/es_PA.res" 1163
"../../../Engine/Content/Internationalization/icudt64l/region/es_PA.res" 1164
"../../../Engine/Content/Internationalization/icudt64l/lang/es_PE.res" 1165
"../../../Engine/Content/Internationalization/icudt64l/region/es_PE.res" 1166
"../../../Engine/Content/Internationalization/icudt64l/lang/es_PR.res" 1167
"../../../Engine/Content/Internationalization/icudt64l/region/es_PR.res" 1168
"../../../Engine/Content/Internationalization/icudt64l/lang/es_PY.res" 1169
"../../../Engine/Content/Internationalization/icudt64l/region/es_PY.res" 1170
"../../../Engine/Content/Internationalization/icudt64l/lang/es_SV.res" 1171
"../../../Engine/Content/Internationalization/icudt64l/region/es_SV.res" 1172
"../../../Engine/Content/Internationalization/icudt64l/lang/es_US.res" 1173
"../../../Engine/Content/Internationalization/icudt64l/region/es_US.res" 1174
"../../../Engine/Content/Internationalization/icudt64l/lang/es_UY.res" 1175
"../../../Engine/Content/Internationalization/icudt64l/region/es_UY.res" 1176
"../../../Engine/Content/Internationalization/icudt64l/lang/es_VE.res" 1177
"../../../Engine/Content/Internationalization/icudt64l/region/es_VE.res" 1178
"../../../Engine/Content/Internationalization/icudt64l/lang/et.res" 1179
"../../../Engine/Content/Internationalization/icudt64l/region/et.res" 1180
"../../../Engine/Content/Internationalization/icudt64l/lang/eu.res" 1181
"../../../Engine/Content/Internationalization/icudt64l/region/eu.res" 1182
"../../../Engine/Content/Internationalization/icudt64l/lang/ewo.res" 1183
"../../../Engine/Content/Internationalization/icudt64l/region/ewo.res" 1184
"../../../Engine/Content/Internationalization/icudt64l/lang/fa.res" 1185
"../../../Engine/Content/Internationalization/icudt64l/lang/fa_AF.res" 1186
"../../../Engine/Content/Internationalization/icudt64l/region/fa_AF.res" 1187
"../../../Engine/Content/Internationalization/icudt64l/region/fa.res" 1188
"../../../Engine/Content/Internationalization/icudt64l/lang/ff.res" 1189
"../../../Engine/Content/Internationalization/icudt64l/lang/ff_Latn.res" 1190
"../../../Engine/Content/Internationalization/icudt64l/region/ff.res" 1191
"../../../Engine/Content/Internationalization/icudt64l/region/ff_Latn.res" 1192
"../../../Engine/Content/Internationalization/icudt64l/lang/ff_CM.res" 1193
"../../../Engine/Content/Internationalization/icudt64l/lang/ff_Latn_CM.res" 1194
"../../../Engine/Content/Internationalization/icudt64l/region/ff_CM.res" 1195
"../../../Engine/Content/Internationalization/icudt64l/region/ff_Latn_CM.res" 1196
"../../../Engine/Content/Internationalization/icudt64l/lang/ff_GN.res" 1197
"../../../Engine/Content/Internationalization/icudt64l/lang/ff_Latn_GN.res" 1198
"../../../Engine/Content/Internationalization/icudt64l/region/ff_GN.res" 1199
"../../../Engine/Content/Internationalization/icudt64l/region/ff_Latn_GN.res" 1200
"../../../Engine/Content/Internationalization/icudt64l/lang/ff_MR.res" 1201
"../../../Engine/Content/Internationalization/icudt64l/lang/ff_Latn_MR.res" 1202
"../../../Engine/Content/Internationalization/icudt64l/region/ff_MR.res" 1203
"../../../Engine/Content/Internationalization/icudt64l/region/ff_Latn_MR.res" 1204
"../../../Engine/Content/Internationalization/icudt64l/lang/ff_SN.res" 1205
"../../../Engine/Content/Internationalization/icudt64l/lang/ff_Latn_SN.res" 1206
"../../../Engine/Content/Internationalization/icudt64l/region/ff_SN.res" 1207
"../../../Engine/Content/Internationalization/icudt64l/region/ff_Latn_SN.res" 1208
"../../../Engine/Content/Internationalization/icudt64l/lang/fi.res" 1209
"../../../Engine/Content/Internationalization/icudt64l/region/fi.res" 1210
"../../../Engine/Content/Internationalization/icudt64l/lang/fil.res" 1211
"../../../Engine/Content/Internationalization/icudt64l/lang/fil_PH.res" 1212
"../../../Engine/Content/Internationalization/icudt64l/region/fil_PH.res" 1213
"../../../Engine/Content/Internationalization/icudt64l/region/fil.res" 1214
"../../../Engine/Content/Internationalization/icudt64l/lang/fo.res" 1215
"../../../Engine/Content/Internationalization/icudt64l/region/fo.res" 1216
"../../../Engine/Content/Internationalization/icudt64l/lang/fr.res" 1217
"../../../Engine/Content/Internationalization/icudt64l/lang/fr_BE.res" 1218
"../../../Engine/Content/Internationalization/icudt64l/region/fr_BE.res" 1219
"../../../Engine/Content/Internationalization/icudt64l/region/fr.res" 1220
"../../../Engine/Content/Internationalization/icudt64l/lang/fr_CA.res" 1221
"../../../Engine/Content/Internationalization/icudt64l/region/fr_CA.res" 1222
"../../../Engine/Content/Internationalization/icudt64l/lang/fr_CH.res" 1223
"../../../Engine/Content/Internationalization/icudt64l/lang/fur.res" 1224
"../../../Engine/Content/Internationalization/icudt64l/region/fur.res" 1225
"../../../Engine/Content/Internationalization/icudt64l/lang/fy.res" 1226
"../../../Engine/Content/Internationalization/icudt64l/region/fy.res" 1227
"../../../Engine/Content/Internationalization/icudt64l/lang/ga.res" 1228
"../../../Engine/Content/Internationalization/icudt64l/region/ga.res" 1229
"../../../Engine/Content/Internationalization/icudt64l/lang/gd.res" 1230
"../../../Engine/Content/Internationalization/icudt64l/region/gd.res" 1231
"../../../Engine/Content/Internationalization/icudt64l/lang/gl.res" 1232
"../../../Engine/Content/Internationalization/icudt64l/region/gl.res" 1233
"../../../Engine/Content/Internationalization/icudt64l/lang/gsw.res" 1234
"../../../Engine/Content/Internationalization/icudt64l/region/gsw.res" 1235
"../../../Engine/Content/Internationalization/icudt64l/lang/gu.res" 1236
"../../../Engine/Content/Internationalization/icudt64l/region/gu.res" 1237
"../../../Engine/Content/Internationalization/icudt64l/lang/guz.res" 1238
"../../../Engine/Content/Internationalization/icudt64l/region/guz.res" 1239
"../../../Engine/Content/Internationalization/icudt64l/lang/gv.res" 1240
"../../../Engine/Content/Internationalization/icudt64l/region/gv.res" 1241
"../../../Engine/Content/Internationalization/icudt64l/lang/ha.res" 1242
"../../../Engine/Content/Internationalization/icudt64l/region/ha.res" 1243
"../../../Engine/Content/Internationalization/icudt64l/lang/ha_NE.res" 1244
"../../../Engine/Content/Internationalization/icudt64l/region/ha_NE.res" 1245
"../../../Engine/Content/Internationalization/icudt64l/lang/haw.res" 1246
"../../../Engine/Content/Internationalization/icudt64l/region/haw.res" 1247
"../../../Engine/Content/Internationalization/icudt64l/lang/he.res" 1248
"../../../Engine/Content/Internationalization/icudt64l/lang/he_IL.res" 1249
"../../../Engine/Content/Internationalization/icudt64l/region/he_IL.res" 1250
"../../../Engine/Content/Internationalization/icudt64l/region/he.res" 1251
"../../../Engine/Content/Internationalization/icudt64l/lang/hi.res" 1252
"../../../Engine/Content/Internationalization/icudt64l/region/hi.res" 1253
"../../../Engine/Content/Internationalization/icudt64l/lang/hr.res" 1254
"../../../Engine/Content/Internationalization/icudt64l/region/hr.res" 1255
"../../../Engine/Content/Internationalization/icudt64l/lang/hsb.res" 1256
"../../../Engine/Content/Internationalization/icudt64l/region/hsb.res" 1257
"../../../Engine/Content/Internationalization/icudt64l/lang/hu.res" 1258
"../../../Engine/Content/Internationalization/icudt64l/region/hu.res" 1259
"../../../Engine/Content/Internationalization/icudt64l/lang/hy.res" 1260
"../../../Engine/Content/Internationalization/icudt64l/region/hy.res" 1261
"../../../Engine/Content/Internationalization/icudt64l/lang/ia.res" 1262
"../../../Engine/Content/Internationalization/icudt64l/region/ia.res" 1263
"../../../Engine/Content/Internationalization/icudt64l/lang/id.res" 1264
"../../../Engine/Content/Internationalization/icudt64l/lang/id_ID.res" 1265
"../../../Engine/Content/Internationalization/icudt64l/region/id_ID.res" 1266
"../../../Engine/Content/Internationalization/icudt64l/region/id.res" 1267
"../../../Engine/Content/Internationalization/icudt64l/lang/ig.res" 1268
"../../../Engine/Content/Internationalization/icudt64l/region/ig.res" 1269
"../../../Engine/Content/Internationalization/icudt64l/lang/ii.res" 1270
"../../../Engine/Content/Internationalization/icudt64l/region/ii.res" 1271
"../../../Engine/Content/Internationalization/icudt64l/lang/is.res" 1272
"../../../Engine/Content/Internationalization/icudt64l/region/is.res" 1273
"../../../Engine/Content/Internationalization/icudt64l/lang/it.res" 1274
"../../../Engine/Content/Internationalization/icudt64l/region/it.res" 1275
"../../../Engine/Content/Internationalization/icudt64l/lang/jgo.res" 1276
"../../../Engine/Content/Internationalization/icudt64l/region/jgo.res" 1277
"../../../Engine/Content/Internationalization/icudt64l/lang/jmc.res" 1278
"../../../Engine/Content/Internationalization/icudt64l/region/jmc.res" 1279
"../../../Engine/Content/Internationalization/icudt64l/lang/jv.res" 1280
"../../../Engine/Content/Internationalization/icudt64l/region/jv.res" 1281
"../../../Engine/Content/Internationalization/icudt64l/lang/ka.res" 1282
"../../../Engine/Content/Internationalization/icudt64l/region/ka.res" 1283
"../../../Engine/Content/Internationalization/icudt64l/lang/kab.res" 1284
"../../../Engine/Content/Internationalization/icudt64l/region/kab.res" 1285
"../../../Engine/Content/Internationalization/icudt64l/lang/kam.res" 1286
"../../../Engine/Content/Internationalization/icudt64l/region/kam.res" 1287
"../../../Engine/Content/Internationalization/icudt64l/lang/kde.res" 1288
"../../../Engine/Content/Internationalization/icudt64l/region/kde.res" 1289
"../../../Engine/Content/Internationalization/icudt64l/lang/kea.res" 1290
"../../../Engine/Content/Internationalization/icudt64l/region/kea.res" 1291
"../../../Engine/Content/Internationalization/icudt64l/lang/khq.res" 1292
"../../../Engine/Content/Internationalization/icudt64l/region/khq.res" 1293
"../../../Engine/Content/Internationalization/icudt64l/lang/ki.res" 1294
"../../../Engine/Content/Internationalization/icudt64l/region/ki.res" 1295
"../../../Engine/Content/Internationalization/icudt64l/lang/kk.res" 1296
"../../../Engine/Content/Internationalization/icudt64l/region/kk.res" 1297
"../../../Engine/Content/Internationalization/icudt64l/lang/kkj.res" 1298
"../../../Engine/Content/Internationalization/icudt64l/region/kkj.res" 1299
"../../../Engine/Content/Internationalization/icudt64l/lang/kl.res" 1300
"../../../Engine/Content/Internationalization/icudt64l/region/kl.res" 1301
"../../../Engine/Content/Internationalization/icudt64l/lang/kln.res" 1302
"../../../Engine/Content/Internationalization/icudt64l/region/kln.res" 1303
"../../../Engine/Content/Internationalization/icudt64l/lang/km.res" 1304
"../../../Engine/Content/Internationalization/icudt64l/region/km.res" 1305
"../../../Engine/Content/Internationalization/icudt64l/lang/kn.res" 1306
"../../../Engine/Content/Internationalization/icudt64l/region/kn.res" 1307
"../../../Engine/Content/Internationalization/icudt64l/lang/ko.res" 1308
"../../../Engine/Content/Internationalization/icudt64l/region/ko_KP.res" 1309
"../../../Engine/Content/Internationalization/icudt64l/region/ko.res" 1310
"../../../Engine/Content/Internationalization/icudt64l/lang/kok.res" 1311
"../../../Engine/Content/Internationalization/icudt64l/region/kok.res" 1312
"../../../Engine/Content/Internationalization/icudt64l/lang/ks.res" 1313
"../../../Engine/Content/Internationalization/icudt64l/region/ks.res" 1314
"../../../Engine/Content/Internationalization/icudt64l/lang/ksb.res" 1315
"../../../Engine/Content/Internationalization/icudt64l/region/ksb.res" 1316
"../../../Engine/Content/Internationalization/icudt64l/lang/ksf.res" 1317
"../../../Engine/Content/Internationalization/icudt64l/region/ksf.res" 1318
"../../../Engine/Content/Internationalization/icudt64l/lang/ksh.res" 1319
"../../../Engine/Content/Internationalization/icudt64l/region/ksh.res" 1320
"../../../Engine/Content/Internationalization/icudt64l/lang/ku.res" 1321
"../../../Engine/Content/Internationalization/icudt64l/region/ku.res" 1322
"../../../Engine/Content/Internationalization/icudt64l/lang/kw.res" 1323
"../../../Engine/Content/Internationalization/icudt64l/region/kw.res" 1324
"../../../Engine/Content/Internationalization/icudt64l/lang/ky.res" 1325
"../../../Engine/Content/Internationalization/icudt64l/region/ky.res" 1326
"../../../Engine/Content/Internationalization/icudt64l/lang/lag.res" 1327
"../../../Engine/Content/Internationalization/icudt64l/region/lag.res" 1328
"../../../Engine/Content/Internationalization/icudt64l/lang/lb.res" 1329
"../../../Engine/Content/Internationalization/icudt64l/region/lb.res" 1330
"../../../Engine/Content/Internationalization/icudt64l/lang/lg.res" 1331
"../../../Engine/Content/Internationalization/icudt64l/region/lg.res" 1332
"../../../Engine/Content/Internationalization/icudt64l/lang/lkt.res" 1333
"../../../Engine/Content/Internationalization/icudt64l/region/lkt.res" 1334
"../../../Engine/Content/Internationalization/icudt64l/lang/ln.res" 1335
"../../../Engine/Content/Internationalization/icudt64l/region/ln.res" 1336
"../../../Engine/Content/Internationalization/icudt64l/lang/lo.res" 1337
"../../../Engine/Content/Internationalization/icudt64l/region/lo.res" 1338
"../../../Engine/Content/Internationalization/icudt64l/lang/lrc.res" 1339
"../../../Engine/Content/Internationalization/icudt64l/region/lrc.res" 1340
"../../../Engine/Content/Internationalization/icudt64l/lang/lt.res" 1341
"../../../Engine/Content/Internationalization/icudt64l/region/lt.res" 1342
"../../../Engine/Content/Internationalization/icudt64l/lang/lu.res" 1343
"../../../Engine/Content/Internationalization/icudt64l/region/lu.res" 1344
"../../../Engine/Content/Internationalization/icudt64l/lang/luo.res" 1345
"../../../Engine/Content/Internationalization/icudt64l/region/luo.res" 1346
"../../../Engine/Content/Internationalization/icudt64l/lang/luy.res" 1347
"../../../Engine/Content/Internationalization/icudt64l/region/luy.res" 1348
"../../../Engine/Content/Internationalization/icudt64l/lang/lv.res" 1349
"../../../Engine/Content/Internationalization/icudt64l/region/lv.res" 1350
"../../../Engine/Content/Internationalization/icudt64l/lang/mas.res" 1351
"../../../Engine/Content/Internationalization/icudt64l/region/mas.res" 1352
"../../../Engine/Content/Internationalization/icudt64l/lang/mer.res" 1353
"../../../Engine/Content/Internationalization/icudt64l/region/mer.res" 1354
"../../../Engine/Content/Internationalization/icudt64l/lang/mfe.res" 1355
"../../../Engine/Content/Internationalization/icudt64l/region/mfe.res" 1356
"../../../Engine/Content/Internationalization/icudt64l/lang/mg.res" 1357
"../../../Engine/Content/Internationalization/icudt64l/region/mg.res" 1358
"../../../Engine/Content/Internationalization/icudt64l/lang/mgh.res" 1359
"../../../Engine/Content/Internationalization/icudt64l/region/mgh.res" 1360
"../../../Engine/Content/Internationalization/icudt64l/lang/mgo.res" 1361
"../../../Engine/Content/Internationalization/icudt64l/region/mgo.res" 1362
"../../../Engine/Content/Internationalization/icudt64l/lang/mi.res" 1363
"../../../Engine/Content/Internationalization/icudt64l/region/mi.res" 1364
"../../../Engine/Content/Internationalization/icudt64l/lang/mk.res" 1365
"../../../Engine/Content/Internationalization/icudt64l/region/mk.res" 1366
"../../../Engine/Content/Internationalization/icudt64l/lang/ml.res" 1367
"../../../Engine/Content/Internationalization/icudt64l/region/ml.res" 1368
"../../../Engine/Content/Internationalization/icudt64l/lang/mn.res" 1369
"../../../Engine/Content/Internationalization/icudt64l/region/mn.res" 1370
"../../../Engine/Content/Internationalization/icudt64l/lang/mr.res" 1371
"../../../Engine/Content/Internationalization/icudt64l/region/mr.res" 1372
"../../../Engine/Content/Internationalization/icudt64l/lang/ms.res" 1373
"../../../Engine/Content/Internationalization/icudt64l/region/ms.res" 1374
"../../../Engine/Content/Internationalization/icudt64l/lang/mt.res" 1375
"../../../Engine/Content/Internationalization/icudt64l/region/mt.res" 1376
"../../../Engine/Content/Internationalization/icudt64l/lang/mua.res" 1377
"../../../Engine/Content/Internationalization/icudt64l/region/mua.res" 1378
"../../../Engine/Content/Internationalization/icudt64l/lang/my.res" 1379
"../../../Engine/Content/Internationalization/icudt64l/region/my.res" 1380
"../../../Engine/Content/Internationalization/icudt64l/lang/mzn.res" 1381
"../../../Engine/Content/Internationalization/icudt64l/region/mzn.res" 1382
"../../../Engine/Content/Internationalization/icudt64l/lang/naq.res" 1383
"../../../Engine/Content/Internationalization/icudt64l/region/naq.res" 1384
"../../../Engine/Content/Internationalization/icudt64l/lang/nb.res" 1385
"../../../Engine/Content/Internationalization/icudt64l/lang/nb_NO.res" 1386
"../../../Engine/Content/Internationalization/icudt64l/region/nb_NO.res" 1387
"../../../Engine/Content/Internationalization/icudt64l/region/nb.res" 1388
"../../../Engine/Content/Internationalization/icudt64l/lang/nd.res" 1389
"../../../Engine/Content/Internationalization/icudt64l/region/nd.res" 1390
"../../../Engine/Content/Internationalization/icudt64l/lang/nds.res" 1391
"../../../Engine/Content/Internationalization/icudt64l/region/nds.res" 1392
"../../../Engine/Content/Internationalization/icudt64l/lang/ne.res" 1393
"../../../Engine/Content/Internationalization/icudt64l/region/ne.res" 1394
"../../../Engine/Content/Internationalization/icudt64l/lang/nl.res" 1395
"../../../Engine/Content/Internationalization/icudt64l/region/nl.res" 1396
"../../../Engine/Content/Internationalization/icudt64l/lang/nmg.res" 1397
"../../../Engine/Content/Internationalization/icudt64l/region/nmg.res" 1398
"../../../Engine/Content/Internationalization/icudt64l/lang/nn.res" 1399
"../../../Engine/Content/Internationalization/icudt64l/lang/nn_NO.res" 1400
"../../../Engine/Content/Internationalization/icudt64l/region/nn_NO.res" 1401
"../../../Engine/Content/Internationalization/icudt64l/region/nn.res" 1402
"../../../Engine/Content/Internationalization/icudt64l/lang/nnh.res" 1403
"../../../Engine/Content/Internationalization/icudt64l/region/nnh.res" 1404
"../../../Engine/Content/Internationalization/icudt64l/lang/nus.res" 1405
"../../../Engine/Content/Internationalization/icudt64l/region/nus.res" 1406
"../../../Engine/Content/Internationalization/icudt64l/lang/nyn.res" 1407
"../../../Engine/Content/Internationalization/icudt64l/region/nyn.res" 1408
"../../../Engine/Content/Internationalization/icudt64l/lang/om.res" 1409
"../../../Engine/Content/Internationalization/icudt64l/region/om.res" 1410
"../../../Engine/Content/Internationalization/icudt64l/lang/or.res" 1411
"../../../Engine/Content/Internationalization/icudt64l/region/or.res" 1412
"../../../Engine/Content/Internationalization/icudt64l/lang/os.res" 1413
"../../../Engine/Content/Internationalization/icudt64l/region/os.res" 1414
"../../../Engine/Content/Internationalization/icudt64l/lang/pa.res" 1415
"../../../Engine/Content/Internationalization/icudt64l/lang/pa_Arab.res" 1416
"../../../Engine/Content/Internationalization/icudt64l/lang/pa_PK.res" 1417
"../../../Engine/Content/Internationalization/icudt64l/lang/pa_Arab_PK.res" 1418
"../../../Engine/Content/Internationalization/icudt64l/region/pa_PK.res" 1419
"../../../Engine/Content/Internationalization/icudt64l/region/pa_Arab_PK.res" 1420
"../../../Engine/Content/Internationalization/icudt64l/region/pa_Arab.res" 1421
"../../../Engine/Content/Internationalization/icudt64l/lang/pa_Guru.res" 1422
"../../../Engine/Content/Internationalization/icudt64l/lang/pa_IN.res" 1423
"../../../Engine/Content/Internationalization/icudt64l/lang/pa_Guru_IN.res" 1424
"../../../Engine/Content/Internationalization/icudt64l/region/pa_IN.res" 1425
"../../../Engine/Content/Internationalization/icudt64l/region/pa_Guru_IN.res" 1426
"../../../Engine/Content/Internationalization/icudt64l/region/pa_Guru.res" 1427
"../../../Engine/Content/Internationalization/icudt64l/region/pa.res" 1428
"../../../Engine/Content/Internationalization/icudt64l/lang/pl.res" 1429
"../../../Engine/Content/Internationalization/icudt64l/region/pl.res" 1430
"../../../Engine/Content/Internationalization/icudt64l/lang/ps.res" 1431
"../../../Engine/Content/Internationalization/icudt64l/region/ps.res" 1432
"../../../Engine/Content/Internationalization/icudt64l/lang/ps_PK.res" 1433
"../../../Engine/Content/Internationalization/icudt64l/region/ps_PK.res" 1434
"../../../Engine/Content/Internationalization/icudt64l/lang/pt.res" 1435
"../../../Engine/Content/Internationalization/icudt64l/lang/pt_AO.res" 1436
"../../../Engine/Content/Internationalization/icudt64l/lang/pt_PT.res" 1437
"../../../Engine/Content/Internationalization/icudt64l/region/pt_AO.res" 1438
"../../../Engine/Content/Internationalization/icudt64l/region/pt_PT.res" 1439
"../../../Engine/Content/Internationalization/icudt64l/region/pt.res" 1440
"../../../Engine/Content/Internationalization/icudt64l/lang/pt_CH.res" 1441
"../../../Engine/Content/Internationalization/icudt64l/region/pt_CH.res" 1442
"../../../Engine/Content/Internationalization/icudt64l/lang/pt_CV.res" 1443
"../../../Engine/Content/Internationalization/icudt64l/region/pt_CV.res" 1444
"../../../Engine/Content/Internationalization/icudt64l/lang/pt_GQ.res" 1445
"../../../Engine/Content/Internationalization/icudt64l/region/pt_GQ.res" 1446
"../../../Engine/Content/Internationalization/icudt64l/lang/pt_GW.res" 1447
"../../../Engine/Content/Internationalization/icudt64l/region/pt_GW.res" 1448
"../../../Engine/Content/Internationalization/icudt64l/lang/pt_LU.res" 1449
"../../../Engine/Content/Internationalization/icudt64l/region/pt_LU.res" 1450
"../../../Engine/Content/Internationalization/icudt64l/lang/pt_MO.res" 1451
"../../../Engine/Content/Internationalization/icudt64l/region/pt_MO.res" 1452
"../../../Engine/Content/Internationalization/icudt64l/lang/pt_MZ.res" 1453
"../../../Engine/Content/Internationalization/icudt64l/region/pt_MZ.res" 1454
"../../../Engine/Content/Internationalization/icudt64l/lang/pt_ST.res" 1455
"../../../Engine/Content/Internationalization/icudt64l/region/pt_ST.res" 1456
"../../../Engine/Content/Internationalization/icudt64l/lang/pt_TL.res" 1457
"../../../Engine/Content/Internationalization/icudt64l/region/pt_TL.res" 1458
"../../../Engine/Content/Internationalization/icudt64l/lang/qu.res" 1459
"../../../Engine/Content/Internationalization/icudt64l/region/qu.res" 1460
"../../../Engine/Content/Internationalization/icudt64l/lang/rm.res" 1461
"../../../Engine/Content/Internationalization/icudt64l/region/rm.res" 1462
"../../../Engine/Content/Internationalization/icudt64l/lang/rn.res" 1463
"../../../Engine/Content/Internationalization/icudt64l/region/rn.res" 1464
"../../../Engine/Content/Internationalization/icudt64l/lang/ro.res" 1465
"../../../Engine/Content/Internationalization/icudt64l/lang/ro_MD.res" 1466
"../../../Engine/Content/Internationalization/icudt64l/region/ro_MD.res" 1467
"../../../Engine/Content/Internationalization/icudt64l/region/ro.res" 1468
"../../../Engine/Content/Internationalization/icudt64l/lang/rof.res" 1469
"../../../Engine/Content/Internationalization/icudt64l/region/rof.res" 1470
"../../../Engine/Content/Internationalization/icudt64l/lang/ru.res" 1471
"../../../Engine/Content/Internationalization/icudt64l/region/ru.res" 1472
"../../../Engine/Content/Internationalization/icudt64l/region/ru_UA.res" 1473
"../../../Engine/Content/Internationalization/icudt64l/lang/rw.res" 1474
"../../../Engine/Content/Internationalization/icudt64l/region/rw.res" 1475
"../../../Engine/Content/Internationalization/icudt64l/lang/rwk.res" 1476
"../../../Engine/Content/Internationalization/icudt64l/region/rwk.res" 1477
"../../../Engine/Content/Internationalization/icudt64l/lang/sah.res" 1478
"../../../Engine/Content/Internationalization/icudt64l/region/sah.res" 1479
"../../../Engine/Content/Internationalization/icudt64l/lang/saq.res" 1480
"../../../Engine/Content/Internationalization/icudt64l/region/saq.res" 1481
"../../../Engine/Content/Internationalization/icudt64l/lang/sbp.res" 1482
"../../../Engine/Content/Internationalization/icudt64l/region/sbp.res" 1483
"../../../Engine/Content/Internationalization/icudt64l/lang/sd.res" 1484
"../../../Engine/Content/Internationalization/icudt64l/region/sd.res" 1485
"../../../Engine/Content/Internationalization/icudt64l/lang/se.res" 1486
"../../../Engine/Content/Internationalization/icudt64l/lang/se_FI.res" 1487
"../../../Engine/Content/Internationalization/icudt64l/region/se_FI.res" 1488
"../../../Engine/Content/Internationalization/icudt64l/region/se.res" 1489
"../../../Engine/Content/Internationalization/icudt64l/lang/seh.res" 1490
"../../../Engine/Content/Internationalization/icudt64l/region/seh.res" 1491
"../../../Engine/Content/Internationalization/icudt64l/lang/ses.res" 1492
"../../../Engine/Content/Internationalization/icudt64l/region/ses.res" 1493
"../../../Engine/Content/Internationalization/icudt64l/lang/sg.res" 1494
"../../../Engine/Content/Internationalization/icudt64l/region/sg.res" 1495
"../../../Engine/Content/Internationalization/icudt64l/lang/shi.res" 1496
"../../../Engine/Content/Internationalization/icudt64l/lang/shi_Latn.res" 1497
"../../../Engine/Content/Internationalization/icudt64l/lang/shi_MA.res" 1498
"../../../Engine/Content/Internationalization/icudt64l/lang/shi_Tfng_MA.res" 1499
"../../../Engine/Content/Internationalization/icudt64l/lang/shi_Tfng.res" 1500
"../../../Engine/Content/Internationalization/icudt64l/region/shi_MA.res" 1501
"../../../Engine/Content/Internationalization/icudt64l/region/shi_Tfng_MA.res" 1502
"../../../Engine/Content/Internationalization/icudt64l/region/shi_Tfng.res" 1503
"../../../Engine/Content/Internationalization/icudt64l/region/shi.res" 1504
"../../../Engine/Content/Internationalization/icudt64l/region/shi_Latn.res" 1505
"../../../Engine/Content/Internationalization/icudt64l/lang/si.res" 1506
"../../../Engine/Content/Internationalization/icudt64l/region/si.res" 1507
"../../../Engine/Content/Internationalization/icudt64l/lang/sk.res" 1508
"../../../Engine/Content/Internationalization/icudt64l/region/sk.res" 1509
"../../../Engine/Content/Internationalization/icudt64l/lang/sl.res" 1510
"../../../Engine/Content/Internationalization/icudt64l/region/sl.res" 1511
"../../../Engine/Content/Internationalization/icudt64l/lang/smn.res" 1512
"../../../Engine/Content/Internationalization/icudt64l/region/smn.res" 1513
"../../../Engine/Content/Internationalization/icudt64l/lang/sn.res" 1514
"../../../Engine/Content/Internationalization/icudt64l/region/sn.res" 1515
"../../../Engine/Content/Internationalization/icudt64l/lang/so.res" 1516
"../../../Engine/Content/Internationalization/icudt64l/region/so.res" 1517
"../../../Engine/Content/Internationalization/icudt64l/lang/sq.res" 1518
"../../../Engine/Content/Internationalization/icudt64l/region/sq.res" 1519
"../../../Engine/Content/Internationalization/icudt64l/lang/sr.res" 1520
"../../../Engine/Content/Internationalization/icudt64l/lang/sr_Cyrl.res" 1521
"../../../Engine/Content/Internationalization/icudt64l/lang/sr_BA.res" 1522
"../../../Engine/Content/Internationalization/icudt64l/lang/sr_Cyrl_BA.res" 1523
"../../../Engine/Content/Internationalization/icudt64l/region/sr_BA.res" 1524
"../../../Engine/Content/Internationalization/icudt64l/region/sr_Cyrl_BA.res" 1525
"../../../Engine/Content/Internationalization/icudt64l/region/sr_Cyrl.res" 1526
"../../../Engine/Content/Internationalization/icudt64l/region/sr.res" 1527
"../../../Engine/Content/Internationalization/icudt64l/lang/sr_ME.res" 1528
"../../../Engine/Content/Internationalization/icudt64l/lang/sr_Latn_ME.res" 1529
"../../../Engine/Content/Internationalization/icudt64l/lang/sr_Latn.res" 1530
"../../../Engine/Content/Internationalization/icudt64l/region/sr_ME.res" 1531
"../../../Engine/Content/Internationalization/icudt64l/region/sr_Latn_ME.res" 1532
"../../../Engine/Content/Internationalization/icudt64l/region/sr_Latn.res" 1533
"../../../Engine/Content/Internationalization/icudt64l/lang/sr_Cyrl_ME.res" 1534
"../../../Engine/Content/Internationalization/icudt64l/region/sr_Cyrl_ME.res" 1535
"../../../Engine/Content/Internationalization/icudt64l/lang/sr_RS.res" 1536
"../../../Engine/Content/Internationalization/icudt64l/lang/sr_Cyrl_RS.res" 1537
"../../../Engine/Content/Internationalization/icudt64l/region/sr_RS.res" 1538
"../../../Engine/Content/Internationalization/icudt64l/region/sr_Cyrl_RS.res" 1539
"../../../Engine/Content/Internationalization/icudt64l/lang/sr_XK.res" 1540
"../../../Engine/Content/Internationalization/icudt64l/lang/sr_Cyrl_XK.res" 1541
"../../../Engine/Content/Internationalization/icudt64l/region/sr_XK.res" 1542
"../../../Engine/Content/Internationalization/icudt64l/region/sr_Cyrl_XK.res" 1543
"../../../Engine/Content/Internationalization/icudt64l/lang/sr_Latn_BA.res" 1544
"../../../Engine/Content/Internationalization/icudt64l/region/sr_Latn_BA.res" 1545
"../../../Engine/Content/Internationalization/icudt64l/lang/sr_Latn_RS.res" 1546
"../../../Engine/Content/Internationalization/icudt64l/region/sr_Latn_RS.res" 1547
"../../../Engine/Content/Internationalization/icudt64l/lang/sr_Latn_XK.res" 1548
"../../../Engine/Content/Internationalization/icudt64l/region/sr_Latn_XK.res" 1549
"../../../Engine/Content/Internationalization/icudt64l/lang/sv.res" 1550
"../../../Engine/Content/Internationalization/icudt64l/region/sv.res" 1551
"../../../Engine/Content/Internationalization/icudt64l/lang/sv_FI.res" 1552
"../../../Engine/Content/Internationalization/icudt64l/lang/sw.res" 1553
"../../../Engine/Content/Internationalization/icudt64l/lang/sw_CD.res" 1554
"../../../Engine/Content/Internationalization/icudt64l/region/sw_CD.res" 1555
"../../../Engine/Content/Internationalization/icudt64l/region/sw.res" 1556
"../../../Engine/Content/Internationalization/icudt64l/lang/sw_KE.res" 1557
"../../../Engine/Content/Internationalization/icudt64l/region/sw_KE.res" 1558
"../../../Engine/Content/Internationalization/icudt64l/lang/ta.res" 1559
"../../../Engine/Content/Internationalization/icudt64l/region/ta.res" 1560
"../../../Engine/Content/Internationalization/icudt64l/lang/te.res" 1561
"../../../Engine/Content/Internationalization/icudt64l/region/te.res" 1562
"../../../Engine/Content/Internationalization/icudt64l/lang/teo.res" 1563
"../../../Engine/Content/Internationalization/icudt64l/region/teo.res" 1564
"../../../Engine/Content/Internationalization/icudt64l/lang/tg.res" 1565
"../../../Engine/Content/Internationalization/icudt64l/region/tg.res" 1566
"../../../Engine/Content/Internationalization/icudt64l/lang/th.res" 1567
"../../../Engine/Content/Internationalization/icudt64l/lang/th_TH.res" 1568
"../../../Engine/Content/Internationalization/icudt64l/region/th_TH.res" 1569
"../../../Engine/Content/Internationalization/icudt64l/region/th.res" 1570
"../../../Engine/Content/Internationalization/icudt64l/lang/ti.res" 1571
"../../../Engine/Content/Internationalization/icudt64l/region/ti.res" 1572
"../../../Engine/Content/Internationalization/icudt64l/lang/tk.res" 1573
"../../../Engine/Content/Internationalization/icudt64l/region/tk.res" 1574
"../../../Engine/Content/Internationalization/icudt64l/lang/to.res" 1575
"../../../Engine/Content/Internationalization/icudt64l/region/to.res" 1576
"../../../Engine/Content/Internationalization/icudt64l/lang/tr.res" 1577
"../../../Engine/Content/Internationalization/icudt64l/region/tr.res" 1578
"../../../Engine/Content/Internationalization/icudt64l/lang/tt.res" 1579
"../../../Engine/Content/Internationalization/icudt64l/region/tt.res" 1580
"../../../Engine/Content/Internationalization/icudt64l/lang/twq.res" 1581
"../../../Engine/Content/Internationalization/icudt64l/region/twq.res" 1582
"../../../Engine/Content/Internationalization/icudt64l/lang/tzm.res" 1583
"../../../Engine/Content/Internationalization/icudt64l/region/tzm.res" 1584
"../../../Engine/Content/Internationalization/icudt64l/lang/ug.res" 1585
"../../../Engine/Content/Internationalization/icudt64l/region/ug.res" 1586
"../../../Engine/Content/Internationalization/icudt64l/lang/uk.res" 1587
"../../../Engine/Content/Internationalization/icudt64l/region/uk.res" 1588
"../../../Engine/Content/Internationalization/icudt64l/lang/ur.res" 1589
"../../../Engine/Content/Internationalization/icudt64l/lang/ur_IN.res" 1590
"../../../Engine/Content/Internationalization/icudt64l/region/ur_IN.res" 1591
"../../../Engine/Content/Internationalization/icudt64l/region/ur.res" 1592
"../../../Engine/Content/Internationalization/icudt64l/lang/uz.res" 1593
"../../../Engine/Content/Internationalization/icudt64l/lang/uz_Arab.res" 1594
"../../../Engine/Content/Internationalization/icudt64l/lang/uz_AF.res" 1595
"../../../Engine/Content/Internationalization/icudt64l/lang/uz_Arab_AF.res" 1596
"../../../Engine/Content/Internationalization/icudt64l/region/uz_AF.res" 1597
"../../../Engine/Content/Internationalization/icudt64l/region/uz_Arab_AF.res" 1598
"../../../Engine/Content/Internationalization/icudt64l/region/uz_Arab.res" 1599
"../../../Engine/Content/Internationalization/icudt64l/lang/uz_Cyrl.res" 1600
"../../../Engine/Content/Internationalization/icudt64l/lang/uz_UZ.res" 1601
"../../../Engine/Content/Internationalization/icudt64l/lang/uz_Latn_UZ.res" 1602
"../../../Engine/Content/Internationalization/icudt64l/lang/uz_Latn.res" 1603
"../../../Engine/Content/Internationalization/icudt64l/region/uz_UZ.res" 1604
"../../../Engine/Content/Internationalization/icudt64l/region/uz_Latn_UZ.res" 1605
"../../../Engine/Content/Internationalization/icudt64l/region/uz_Latn.res" 1606
"../../../Engine/Content/Internationalization/icudt64l/region/uz.res" 1607
"../../../Engine/Content/Internationalization/icudt64l/region/uz_Cyrl.res" 1608
"../../../Engine/Content/Internationalization/icudt64l/lang/vai.res" 1609
"../../../Engine/Content/Internationalization/icudt64l/lang/vai_Latn.res" 1610
"../../../Engine/Content/Internationalization/icudt64l/lang/vai_LR.res" 1611
"../../../Engine/Content/Internationalization/icudt64l/lang/vai_Vaii_LR.res" 1612
"../../../Engine/Content/Internationalization/icudt64l/lang/vai_Vaii.res" 1613
"../../../Engine/Content/Internationalization/icudt64l/region/vai_LR.res" 1614
"../../../Engine/Content/Internationalization/icudt64l/region/vai_Vaii_LR.res" 1615
"../../../Engine/Content/Internationalization/icudt64l/region/vai_Vaii.res" 1616
"../../../Engine/Content/Internationalization/icudt64l/region/vai.res" 1617
"../../../Engine/Content/Internationalization/icudt64l/region/vai_Latn.res" 1618
"../../../Engine/Content/Internationalization/icudt64l/lang/vi.res" 1619
"../../../Engine/Content/Internationalization/icudt64l/region/vi.res" 1620
"../../../Engine/Content/Internationalization/icudt64l/lang/vun.res" 1621
"../../../Engine/Content/Internationalization/icudt64l/region/vun.res" 1622
"../../../Engine/Content/Internationalization/icudt64l/lang/wae.res" 1623
"../../../Engine/Content/Internationalization/icudt64l/region/wae.res" 1624
"../../../Engine/Content/Internationalization/icudt64l/lang/wo.res" 1625
"../../../Engine/Content/Internationalization/icudt64l/region/wo.res" 1626
"../../../Engine/Content/Internationalization/icudt64l/lang/xh.res" 1627
"../../../Engine/Content/Internationalization/icudt64l/region/xh.res" 1628
"../../../Engine/Content/Internationalization/icudt64l/lang/xog.res" 1629
"../../../Engine/Content/Internationalization/icudt64l/region/xog.res" 1630
"../../../Engine/Content/Internationalization/icudt64l/lang/yav.res" 1631
"../../../Engine/Content/Internationalization/icudt64l/region/yav.res" 1632
"../../../Engine/Content/Internationalization/icudt64l/lang/yi.res" 1633
"../../../Engine/Content/Internationalization/icudt64l/region/yi.res" 1634
"../../../Engine/Content/Internationalization/icudt64l/lang/yo.res" 1635
"../../../Engine/Content/Internationalization/icudt64l/lang/yo_BJ.res" 1636
"../../../Engine/Content/Internationalization/icudt64l/region/yo_BJ.res" 1637
"../../../Engine/Content/Internationalization/icudt64l/region/yo.res" 1638
"../../../Engine/Content/Internationalization/icudt64l/lang/yue.res" 1639
"../../../Engine/Content/Internationalization/icudt64l/lang/yue_Hans.res" 1640
"../../../Engine/Content/Internationalization/icudt64l/lang/yue_CN.res" 1641
"../../../Engine/Content/Internationalization/icudt64l/lang/yue_Hans_CN.res" 1642
"../../../Engine/Content/Internationalization/icudt64l/region/yue_CN.res" 1643
"../../../Engine/Content/Internationalization/icudt64l/region/yue_Hans_CN.res" 1644
"../../../Engine/Content/Internationalization/icudt64l/region/yue_Hans.res" 1645
"../../../Engine/Content/Internationalization/icudt64l/lang/yue_Hant.res" 1646
"../../../Engine/Content/Internationalization/icudt64l/lang/yue_HK.res" 1647
"../../../Engine/Content/Internationalization/icudt64l/lang/yue_Hant_HK.res" 1648
"../../../Engine/Content/Internationalization/icudt64l/region/yue_HK.res" 1649
"../../../Engine/Content/Internationalization/icudt64l/region/yue_Hant_HK.res" 1650
"../../../Engine/Content/Internationalization/icudt64l/region/yue_Hant.res" 1651
"../../../Engine/Content/Internationalization/icudt64l/region/yue.res" 1652
"../../../Engine/Content/Internationalization/icudt64l/lang/zgh.res" 1653
"../../../Engine/Content/Internationalization/icudt64l/region/zgh.res" 1654
"../../../Engine/Content/Internationalization/icudt64l/lang/zh.res" 1655
"../../../Engine/Content/Internationalization/icudt64l/lang/zh_Hans.res" 1656
"../../../Engine/Content/Internationalization/icudt64l/lang/zh_CN.res" 1657
"../../../Engine/Content/Internationalization/icudt64l/lang/zh_Hans_CN.res" 1658
"../../../Engine/Content/Internationalization/icudt64l/region/zh_CN.res" 1659
"../../../Engine/Content/Internationalization/icudt64l/region/zh_Hans_CN.res" 1660
"../../../Engine/Content/Internationalization/icudt64l/region/zh_Hans.res" 1661
"../../../Engine/Content/Internationalization/icudt64l/region/zh.res" 1662
"../../../Engine/Content/Internationalization/icudt64l/lang/zh_HK.res" 1663
"../../../Engine/Content/Internationalization/icudt64l/lang/zh_Hant_HK.res" 1664
"../../../Engine/Content/Internationalization/icudt64l/lang/zh_Hant.res" 1665
"../../../Engine/Content/Internationalization/icudt64l/region/zh_HK.res" 1666
"../../../Engine/Content/Internationalization/icudt64l/region/zh_Hant_HK.res" 1667
"../../../Engine/Content/Internationalization/icudt64l/region/zh_Hant.res" 1668
"../../../Engine/Content/Internationalization/icudt64l/lang/zh_MO.res" 1669
"../../../Engine/Content/Internationalization/icudt64l/lang/zh_Hant_MO.res" 1670
"../../../Engine/Content/Internationalization/icudt64l/region/zh_MO.res" 1671
"../../../Engine/Content/Internationalization/icudt64l/region/zh_Hant_MO.res" 1672
"../../../Engine/Content/Internationalization/icudt64l/lang/zh_SG.res" 1673
"../../../Engine/Content/Internationalization/icudt64l/lang/zh_Hans_SG.res" 1674
"../../../Engine/Content/Internationalization/icudt64l/region/zh_SG.res" 1675
"../../../Engine/Content/Internationalization/icudt64l/region/zh_Hans_SG.res" 1676
"../../../Engine/Content/Internationalization/icudt64l/lang/zh_TW.res" 1677
"../../../Engine/Content/Internationalization/icudt64l/lang/zh_Hant_TW.res" 1678
"../../../Engine/Content/Internationalization/icudt64l/region/zh_TW.res" 1679
"../../../Engine/Content/Internationalization/icudt64l/region/zh_Hant_TW.res" 1680
"../../../Engine/Content/Internationalization/icudt64l/lang/zu.res" 1681
"../../../Engine/Content/Internationalization/icudt64l/region/zu.res" 1682
"../../../Engine/Content/Internationalization/icudt64l/lang/no.res" 1683
"../../../Engine/Content/Internationalization/icudt64l/lang/tl.res" 1684
"../../../Engine/Config/Android/DataDrivenPlatformInfo.ini" 1685
"../../../Engine/Config/HoloLens/DataDrivenPlatformInfo.ini" 1686
"../../../Engine/Config/IOS/DataDrivenPlatformInfo.ini" 1687
"../../../Engine/Config/Linux/DataDrivenPlatformInfo.ini" 1688
"../../../Engine/Config/LinuxArm64/DataDrivenPlatformInfo.ini" 1689
"../../../Engine/Config/Mac/DataDrivenPlatformInfo.ini" 1690
"../../../Engine/Config/TVOS/DataDrivenPlatformInfo.ini" 1691
"../../../Engine/Config/Unix/DataDrivenPlatformInfo.ini" 1692
"../../../Engine/Config/VulkanPC/DataDrivenPlatformInfo.ini" 1693
"../../../Engine/Config/Windows/DataDrivenPlatformInfo.ini" 1694
"../../../Engine/DerivedDataCache/Compressed.ddp" 1695
"C:/Users/kbc12306156/AppData/Local/UnrealEngine/Common/DerivedDataCache/TestData/0/TestData_4kb.dat" 1696
"C:/Users/kbc12306156/AppData/Local/UnrealEngine/Common/DerivedDataCache/TestData/1/TestData_4kb.dat" 1697
"C:/Users/kbc12306156/AppData/Local/UnrealEngine/Common/DerivedDataCache/TestData/0/TestData_8kb.dat" 1698
"C:/Users/kbc12306156/AppData/Local/UnrealEngine/Common/DerivedDataCache/TestData/1/TestData_8kb.dat" 1699
"C:/Users/kbc12306156/AppData/Local/UnrealEngine/Common/DerivedDataCache/TestData/0/TestData_16kb.dat" 1700
"C:/Users/kbc12306156/AppData/Local/UnrealEngine/Common/DerivedDataCache/TestData/1/TestData_16kb.dat" 1701
"C:/Users/kbc12306156/AppData/Local/UnrealEngine/Common/DerivedDataCache/TestData/0/TestData_64kb.dat" 1702
"C:/Users/kbc12306156/AppData/Local/UnrealEngine/Common/DerivedDataCache/TestData/1/TestData_64kb.dat" 1703
"C:/Users/kbc12306156/AppData/Local/UnrealEngine/Common/DerivedDataCache/TestData/0/TestData_128kb.dat" 1704
"C:/Users/kbc12306156/AppData/Local/UnrealEngine/Common/DerivedDataCache/TestData/1/TestData_128kb.dat" 1705
"C:/Users/kbc12306156/AppData/Local/UnrealEngine/Common/DerivedDataCache/TestData/0/TestData_256kb.dat" 1706
"C:/Users/kbc12306156/AppData/Local/UnrealEngine/Common/DerivedDataCache/TestData/1/TestData_256kb.dat" 1707
"../../../Engine/Shaders/Private/HairStrands/HairStrandsVertexFactory.ush" 1708
"../../../Engine/Shaders/Private/VertexFactoryCommon.ush" 1709
"../../../Engine/Shaders/Private/Common.ush" 1710
"../../../Engine/Shaders/Public/Platform.ush" 1711
"../../../Engine/Shaders/Public/FP16Math.ush" 1712
"../../../Engine/Shaders/Public/Platform/D3D/D3DCommon.ush" 1713
"../../../Engine/Shaders/Public/BindlessResources.ush" 1714
"../../../Engine/Shaders/Public/ShaderVersion.ush" 1715
"../../../Engine/Shaders/Private/GeneratedUniformBufferTypes.ush" 1716
"../../../Engine/Shaders/Private/Nanite/NanitePackedNaniteView.ush" 1717
"../../../Engine/Shaders/Private/HairStrands/HairStrandsVisibilityCommonStruct.ush" 1718
"../../../Engine/Shaders/Private/HairStrands/HairStrandsVoxelPageCommonStruct.ush" 1719
"../../../Engine/Shaders/Private/HairStrands/HairStrandsDeepShadowCommonStruct.ush" 1720
"../../../Engine/Shaders/Private/CommonViewUniformBuffer.ush" 1721
"../../../Engine/Shaders/Private/LargeWorldCoordinates.ush" 1722
"../../../Engine/Shaders/Private/LWCOperations.ush" 1723
"../../../Engine/Shaders/Private/InstancedStereo.ush" 1724
"../../../Engine/Shaders/Private/Definitions.usf" 1725
"../../../Engine/Shaders/Private/AssertionMacros.ush" 1726
"../../../Engine/Shaders/Private/FastMath.ush" 1727
"../../../Engine/Shaders/Private/FastMathThirdParty.ush" 1728
"../../../Engine/Shaders/Private/Random.ush" 1729
"../../../Engine/Shaders/Private/SceneData.ush" 1730
"../../../Engine/Shaders/Private/OctahedralCommon.ush" 1731
"../../../Engine/Shaders/Private/LocalVertexFactoryCommon.ush" 1732
"../../../Engine/Shaders/Private/HairStrands/HairStrandsVisibilityCommon.ush" 1733
"../../../Engine/Shaders/Private/HairStrands/HairStrandsVertexFactoryCommon.ush" 1734
"../../../Engine/Shaders/Private/HairStrands/HairStrandsAttributeCommon.ush" 1735
"../../../Engine/Shaders/Private/VertexFactoryDefaultInterface.ush" 1736
"../../../Engine/Shaders/Private/HairStrands/HairCardsVertexFactory.ush" 1737
"../../../Engine/Shaders/Private/HairStrands/HairCardsAttributeCommon.ush" 1738
"../../../Engine/Shaders/Private/RayTracing/RayTracingCommon.ush" 1739
"../../../Engine/Shaders/Private/ShadingCommon.ush" 1740
"../../../Engine/Shaders/Shared/RayTracingDefinitions.h" 1741
"../../../Engine/Shaders/Private/Strata/Strata.ush" 1742
"../../../Engine/Shaders/Private/ShadingEnergyConservation.ush" 1743
"../../../Engine/Shaders/Private/ShadingEnergyConservationTemplate.ush" 1744
"../../../Engine/Shaders/Private/BRDF.ush" 1745
"../../../Engine/Shaders/Private/ColorSpace.ush" 1746
"../../../Engine/Shaders/Private/DeferredShadingCommon.ush" 1747
"../../../Engine/Shaders/Private/LightAccumulator.ush" 1748
"../../../Engine/Shaders/Private/SceneTexturesCommon.ush" 1749
"../../../Engine/Shaders/Private/MonteCarlo.ush" 1750
"../../../Engine/Shaders/Private/GBufferHelpers.ush" 1751
"../../../Engine/Shaders/Private/SceneTextureParameters.ush" 1752
"C:/PG/GFFproject/Intermediate/ShaderAutogen/PCD3D_SM5/AutogenShaderHeaders.ush" 1753
"../../../Engine/Shaders/Private/ParticipatingMediaCommon.ush" 1754
"../../../Engine/Shaders/Private/ThinFilmBSDF.ush" 1755
"../../../Engine/Shaders/Private/MortonCode.ush" 1756
"../../../Engine/Shaders/Private/SubsurfaceProfileCommon.ush" 1757
"../../../Engine/Shaders/Private/BurleyNormalizedSSSCommon.ush" 1758
"../../../Engine/Shaders/Shared/StrataDefinitions.h" 1759
"../../../Engine/Shaders/Private/Strata/StrataStatisticalOperators.ush" 1760
"../../../Engine/Shaders/Private/PositionReconstructionCommon.ush" 1761
"../../../Engine/Shaders/Private/RayTracing/RayTracingHitGroupCommon.ush" 1762
"../../../Engine/Shaders/Shared/RayTracingBuiltInResources.h" 1763
"../../../Engine/Plugins/FX/Niagara/Shaders/Private/NiagaraSpriteVertexFactory.ush" 1764
"../../../Engine/Shaders/Private/ParticleVertexFactoryCommon.ush" 1765
"../../../Engine/Plugins/FX/Niagara/Shaders/Private/NiagaraVFCommon.usf" 1766
"../../../Engine/Plugins/FX/Niagara/Shaders/Private/NiagaraVFParticleAccess.usf" 1767
"../../../Engine/Plugins/FX/Niagara/Shaders/Private/NiagaraParticleAccess.ush" 1768
"../../../Engine/Plugins/FX/Niagara/Shaders/Private/NiagaraRibbonVertexFactory.ush" 1769
"../../../Engine/Plugins/FX/Niagara/Shaders/Private/NiagaraMeshVertexFactory.ush" 1770
"../../../Engine/Plugins/FX/Niagara/Shaders/Private/NiagaraCommon.ush" 1771
"../../../Engine/Plugins/FX/Niagara/Shaders/Private/NiagaraMeshParticleUtils.ush" 1772
"../../../Engine/Shaders/Private/VectorFieldVisualizationVertexFactory.ush" 1773
"../../../Engine/Shaders/Private/Nanite/NaniteVertexFactory.ush" 1774
"../../../Engine/Shaders/Private/LightmapData.ush" 1775
"../../../Engine/Shaders/Private/Nanite/NaniteDataDecode.ush" 1776
"../../../Engine/Shaders/Private/BitPacking.ush" 1777
"../../../Engine/Shaders/Private/BitStreamReaderImplementation.ush" 1778
"../../../Engine/Shaders/Shared/NaniteDefinitions.h" 1779
"../../../Engine/Shaders/Private/Nanite/NaniteAttributeDecode.ush" 1780
"../../../Engine/Shaders/Public/WaveBroadcastIntrinsics.ush" 1781
"../../../Engine/Shaders/Private/ParticleSpriteVertexFactory.ush" 1782
"../../../Engine/Shaders/Private/ParticleGPUSpriteVertexFactory.ush" 1783
"../../../Engine/Shaders/Private/ParticleBeamTrailVertexFactory.ush" 1784
"../../../Engine/Shaders/Private/MeshParticleVertexFactory.ush" 1785
"../../../Engine/Shaders/Private/LocalVertexFactory.ush" 1786
"../../../Engine/Shaders/Private/GpuSkinCommon.ush" 1787
"../../../Engine/Shaders/Private/GpuSkinVertexFactory.ush" 1788
"../../../Engine/Shaders/Private/GeometryCollectionVertexFactory.ush" 1789
"../../../Engine/Shaders/Private/GeometryCacheVertexFactory.ush" 1790
"../../../Engine/Shaders/Private/LandscapeVertexFactory.ush" 1791
"../../../Engine/Plugins/Runtime/HairStrands/Shaders/Private/NiagaraCopyVelocityGrid.usf" 1792
"../../../Engine/Plugins/Runtime/HairStrands/Shaders/Private/NiagaraClearVelocityGrid.usf" 1793
"../../../Engine/Plugins/Runtime/HairStrands/Shaders/Private/NiagaraClearPressureGrid.usf" 1794
"../../../Engine/Plugins/Runtime/HairStrands/Shaders/Private/NiagaraInterpolateGroomGuides.usf" 1795
"../../../Engine/Plugins/Runtime/HairStrands/Shaders/Private/NiagaraGroomInterpolationUtils.ush" 1796
"../../../Engine/Plugins/FX/Niagara/Shaders/Private/NiagaraQuaternionUtils.ush" 1797
"../../../Engine/Shaders/Private/HairStrands/HairStrandsClusterCulling.usf" 1798
"../../../Engine/Shaders/Private/ColorMap.ush" 1799
"../../../Engine/Shaders/Private/HairStrands/HairStrandsAABBCommon.ush" 1800
"../../../Engine/Shaders/Private/HairStrands/HairStrandsClusterCommon.ush" 1801
"../../../Engine/Shaders/Private/ShaderPrint.ush" 1802
"../../../Engine/Shaders/Private/ShaderPrintCommon.ush" 1803
"../../../Engine/Shaders/Private/MiniFontCommon.ush" 1804
"../../../Engine/Shaders/Private/HairStrands/HairStrandsRaytracingGeometry.usf" 1805
"../../../Engine/Shaders/Private/HairStrands/HairStrandsTangent.usf" 1806
"../../../Engine/Shaders/Private/HairStrands/HairCardsDeformation.usf" 1807
"../../../Engine/Shaders/Private/HairStrands/HairStrandsMeshProjectionCommon.ush" 1808
"../../../Engine/Shaders/Private/HairStrands/HairStrandsInterpolation.usf" 1809
"../../../Engine/Shaders/Private/HairStrands/HairStrandsGuideDeform.usf" 1810
"../../../Engine/Shaders/Private/HairStrands/HairStrandsMesh.usf" 1811
"../../../Engine/Shaders/Private/HairStrands/HairStrandsFollicleMask.usf" 1812
"../../../Engine/Shaders/Private/HairStrands/HairStrandsSkinUpdate.usf" 1813
"../../../Engine/Shaders/Private/HairStrands/HairCardsGeneration.usf" 1814
"../../../Engine/Shaders/Private/HairStrands/HairCardsTextureCommon.ush" 1815
"../../../Engine/Shaders/Private/HairStrands/HairStrandsTexturesGeneration.usf" 1816
"../../../Engine/Shaders/Private/HairStrands/HairStrandsDebug.usf" 1817
"../../../Engine/Shaders/Private/PostProcessCommon.ush" 1818
"../../../Engine/Shaders/Private/Matrices.ush" 1819
"../../../Engine/Shaders/Private/ShadingModels.ush" 1820
"../../../Engine/Shaders/Private/CapsuleLight.ush" 1821
"../../../Engine/Shaders/Private/RectLight.ush" 1822
"../../../Engine/Shaders/Private/AreaLightCommon.ush" 1823
"../../../Engine/Shaders/Private/TransmissionCommon.ush" 1824
"../../../Engine/Shaders/Private/HairBsdf.ush" 1825
"../../../Engine/Shaders/Private/HairShadingCommon.ush" 1826
"../../../Engine/Shaders/Private/MobileGGX.ush" 1827
"../../../Engine/Shaders/Private/HairStrands/HairStrandsCommon.ush" 1828
"../../../Engine/Shaders/Private/HairStrands/HairStrandsEnvironmentLightingCommon.ush" 1829
"../../../Engine/Shaders/Private/HairStrands/HairStrandsDeepShadowCommon.ush" 1830
"../../../Engine/Shaders/Private/HairStrands/HairStrandsDeepTransmittanceCommon.ush" 1831
"../../../Engine/Shaders/Private/HairStrands/HairStrandsDeepTransmittanceDualScattering.ush" 1832
"../../../Engine/Shaders/Private/HairStrands/HairStrandsDebugCommonStruct.ush" 1833
"../../../Engine/Plugins/Media/WmfMedia/Shaders/Private/MediaHardwareVideoDecoding.usf" 1834
"../../../Engine/Shaders/Private/GammaCorrectionCommon.ush" 1835
"../../../Engine/Shaders/Private/ColorUtils.ush" 1836
"../../../Engine/Plugins/Media/ImgMedia/Shaders/Private/ExrSwizzler.usf" 1837
"../../../Engine/Plugins/FX/Niagara/Shaders/Private/NiagaraFillIntBuffer.usf" 1838
"../../../Engine/Plugins/FX/Niagara/Shaders/Private/NiagaraComputeFreeIDs.usf" 1839
"../../../Engine/Plugins/FX/Niagara/Shaders/Private/NiagaraInitFreeIDBuffer.usf" 1840
"../../../Engine/Plugins/FX/Niagara/Shaders/Private/NiagaraEmitterInstanceShader.usf" 1841
"../../../Engine/Plugins/FX/Niagara/Shaders/Private/NiagaraShaderVersion.ush" 1842
"../../../Engine/Shaders/Private/DistanceField/GlobalDistanceFieldShared.ush" 1843
"../../../Engine/Plugins/FX/Niagara/Shaders/Private/NiagaraPhysicsCommon.ush" 1844
"../../../Engine/Plugins/FX/Niagara/Shaders/Private/Ribbons/NiagaraRibbonGenerateIndices.usf" 1845
"../../../Engine/Plugins/FX/Niagara/Shaders/Private/Ribbons/NiagaraRibbonCommon.ush" 1846
"../../../Engine/Plugins/FX/Niagara/Shaders/Private/Ribbons/NiagaraRibbonInitializeIndices.usf" 1847
"../../../Engine/Plugins/FX/Niagara/Shaders/Private/Ribbons/NiagaraRibbonRibbonUVParamCalculation.usf" 1848
"../../../Engine/Plugins/FX/Niagara/Shaders/Private/Ribbons/NiagaraRibbonVertexReductionFinalization.usf" 1849
"../../../Engine/Plugins/FX/Niagara/Shaders/Private/Ribbons/NiagaraRibbonVertexReductionPropagation.usf" 1850
"../../../Engine/Plugins/FX/Niagara/Shaders/Private/Ribbons/NiagaraRibbonVertexReductionInitialization.usf" 1851
"../../../Engine/Plugins/FX/Niagara/Shaders/Private/Ribbons/NiagaraRibbonSortParticles.usf" 1852
"../../../Engine/Plugins/FX/Niagara/Shaders/Private/NiagaraUpdateMeshGPUSceneInstances.usf" 1853
"../../../Engine/Shaders/Private/ComputeShaderUtils.ush" 1854
"../../../Engine/Shaders/Private/GPUScene/GPUSceneWriter.ush" 1855
"../../../Engine/Plugins/FX/Niagara/Shaders/Private/NiagaraGenerateMips.usf" 1856
"../../../Engine/Plugins/FX/Niagara/Shaders/Private/NiagaraDebugDraw.usf" 1857
"../../../Engine/Plugins/FX/Niagara/Shaders/Private/NiagaraDebugDraw.ush" 1858
"../../../Engine/Plugins/FX/Niagara/Shaders/Private/NiagaraVisualizeTexture.usf" 1859
"../../../Engine/Plugins/FX/Niagara/Shaders/Private/NiagaraClearCounts.usf" 1860
"../../../Engine/Plugins/FX/Niagara/Shaders/Private/NiagaraBatchedElements.usf" 1861
"../../../Engine/Plugins/FX/Niagara/Shaders/Private/NiagaraRayTracingShaders.usf" 1862
"../../../Engine/Plugins/FX/Niagara/Shaders/Private/NiagaraAsyncGpuTraceCommon.ush" 1863
"../../../Engine/Shaders/Private/HashTable.ush" 1864
"../../../Engine/Shaders/Private/Hash.ush" 1865
"../../../Engine/Shaders/Private/RayTracing/VFXTraceRay.ush" 1866
"../../../Engine/Plugins/FX/Niagara/Shaders/Private/NiagaraRayMarchingShaders.usf" 1867
"../../../Engine/Plugins/FX/Niagara/Shaders/Private/NiagaraRayTraceCollisionGroupShaders.usf" 1868
"../../../Engine/Plugins/FX/Niagara/Shaders/Private/NiagaraAsyncGpuTraceUtils.usf" 1869
"../../../Engine/Plugins/FX/Niagara/Shaders/Private/NiagaraSortKeyGen.usf" 1870
"../../../Engine/Plugins/FX/Niagara/Shaders/Private/NiagaraGPURayTracingTransforms.usf" 1871
"../../../Engine/Plugins/FX/Niagara/Shaders/Private/NiagaraDrawIndirectArgsGen.usf" 1872
"../../../Engine/Plugins/Enterprise/GLTFExporter/Shaders/Private/SimpleTexture2DPS.usf" 1873
"../../../Engine/Shaders/Private/SimpleElementNormalMapPixelShader.usf" 1874
"../../../Engine/Plugins/Enterprise/GLTFExporter/Shaders/Private/CubemapFacePS.usf" 1875
"../../../Engine/Plugins/Enterprise/GLTFExporter/Shaders/Private/CombinedTexturePS.usf" 1876
"../../../Engine/Shaders/Private/SlateElementPixelShader.usf" 1877
"../../../Engine/Shaders/Private/SlateShaderCommon.ush" 1878
"../../../Engine/Shaders/Private/MaterialTemplate.ush" 1879
"../../../Engine/Shaders/Private/EyeAdaptationCommon.ush" 1880
"../../../Engine/Shaders/Private/SobolRandom.ush" 1881
"../../../Engine/Shaders/Private/DepthOfFieldCommon.ush" 1882
"../../../Engine/Shaders/Private/CircleDOFCommon.ush" 1883
"../../../Engine/Shaders/Private/PhysicsFieldSampler.ush" 1884
"../../../Engine/Shaders/Private/PhysicsFieldShared.ush" 1885
"../../../Engine/Shaders/Private/SpeedTreeCommon.ush" 1886
"../../../Engine/Shaders/Private/VirtualTextureCommon.ush" 1887
"../../../Engine/Shaders/Private/MaterialTexture.ush" 1888
"../../../Engine/Shaders/Private/MinMaterialTexCoords.ush" 1889
"../../../Engine/Shaders/Private/SkyAtmosphereCommon.ush" 1890
"../../../Engine/Shaders/Private/SingleLayerWaterCommon.ush" 1891
"../../../Engine/Shaders/Private/TextureSampling.ush" 1892
"../../../Engine/Shaders/Private/PaniniProjection.ush" 1893
"../../../Engine/Shaders/Private/DBufferNormalReprojection.ush" 1894
"../../../Engine/Shaders/Private/Strata/StrataTree.ush" 1895
"../../../Engine/Shaders/Private/Strata/StrataEvaluation.ush" 1896
"../../../Engine/Shaders/Private/SHCommon.ush" 1897
"../../../Engine/Shaders/Private/ShadingModelsSampling.ush" 1898
"../../../Engine/Shaders/Private/HairStrands/HairBsdfSample.ush" 1899
"../../../Engine/Shaders/Private/Strata/StrataLegacyConversion.ush" 1900
"../../../Engine/Shaders/Private/DBufferDecalShared.ush" 1901
"../../../Engine/Shaders/Private/CompositeUIPixelShader.usf" 1902
"../../../Engine/Shaders/Private/TonemapCommon.ush" 1903
"../../../Engine/Shaders/Private/ACES.ush" 1904
"../../../Engine/Shaders/Private/ColorDeficiency.ush" 1905
"../../../Engine/Shaders/Private/SlateMaskingShader.usf" 1906
"../../../Engine/Shaders/Private/SlatePostProcessColorDeficiencyPixelShader.usf" 1907
"../../../Engine/Shaders/Private/SlatePostProcessPixelShader.usf" 1908
"../../../Engine/Shaders/Private/SlateVertexShader.usf" 1909
"../../../Engine/Shaders/Private/TranslucentLightingShaders.usf" 1910
"../../../Engine/Shaders/Private/ShadowProjectionCommon.ush" 1911
"../../../Engine/Shaders/Private/CubemapCommon.ush" 1912
"../../../Engine/Shaders/Private/VectorFieldCompositeShaders.usf" 1913
"../../../Engine/Shaders/Private/UpdateTextureShaders.usf" 1914
"../../../Engine/Shaders/Private/StereoLayerShader.usf" 1915
"../../../Engine/Shaders/Private/MorphTargets.usf" 1916
"../../../Engine/Shaders/Private/SimpleElementColorChannelMaskPixelShader.usf" 1917
"../../../Engine/Shaders/Private/SimpleElementHitProxyPixelShader.usf" 1918
"../../../Engine/Shaders/Private/SimpleElementPixelShader.usf" 1919
"../../../Engine/Shaders/Private/IESLightProfilesCommon.ush" 1920
"../../../Engine/Shaders/Private/SimpleElementVertexShader.usf" 1921
"../../../Engine/Shaders/Private/ScreenPixelShaderOES.usf" 1922
"../../../Engine/Shaders/Private/ScreenVertexShader.usf" 1923
"../../../Engine/Shaders/Private/ScreenPixelShader.usf" 1924
"../../../Engine/Shaders/Private/SSProfilePreIntegratedMobile.usf" 1925
"../../../Engine/Shaders/Private/Nanite/NaniteClusterCulling.usf" 1926
"../../../Engine/Shaders/Private/Nanite/NaniteCulling.ush" 1927
"../../../Engine/Shaders/Private/Nanite/NaniteHierarchyTraversalCommon.ush" 1928
"../../../Engine/Shaders/Private/Nanite/NaniteHierarchyTraversal.ush" 1929
"../../../Engine/Shaders/Private/WaveOpUtil.ush" 1930
"../../../Engine/Shaders/Private/VirtualShadowMaps/VirtualShadowMapPageOverlap.ush" 1931
"../../../Engine/Shaders/Private/Nanite/NaniteHZBCull.ush" 1932
"../../../Engine/Shaders/Private/VirtualShadowMaps/VirtualShadowMapPageAccessCommon.ush" 1933
"../../../Engine/Shaders/Shared/VirtualShadowMapDefinitions.h" 1934
"../../../Engine/Shaders/Private/VirtualShadowMaps/VirtualShadowMapStaticCaching.ush" 1935
"../../../Engine/Shaders/Private/Nanite/NaniteCullingCommon.ush" 1936
"../../../Engine/Shaders/Private/GPUMessaging.ush" 1937
"../../../Engine/Shaders/Private/Nanite/NaniteTranscode.usf" 1938
"../../../Engine/Shaders/Private/VolumetricLightmapStreaming.usf" 1939
"../../../Engine/Shaders/Private/PhysicsFieldReset.usf" 1940
"../../../Engine/Shaders/Private/PhysicsFieldBuilder.usf" 1941
"../../../Engine/Shaders/Private/PhysicsFieldEval.ush" 1942
"../../../Engine/Shaders/Private/ParticleSortKeyGen.usf" 1943
"../../../Engine/Shaders/Private/ParticleBoundsShader.usf" 1944
"../../../Engine/Shaders/Private/ParticleSimVisualizeShader.usf" 1945
"../../../Engine/Shaders/Private/ParticleInjectionShader.usf" 1946
"../../../Engine/Shaders/Private/ParticleSimulationShader.usf" 1947
"../../../Engine/Shaders/Private/ParticleCurveInjectionShader.usf" 1948
"../../../Engine/Shaders/Private/CopyUIntBuffer.usf" 1949
"../../../Engine/Shaders/Private/RadixSortShaders.usf" 1950
"../../../Engine/Shaders/Private/RecomputeTangentsPerVertexPass.usf" 1951
"../../../Engine/Shaders/Private/RecomputeTangentsCommon.ush" 1952
"../../../Engine/Shaders/Private/RecomputeTangentsPerTrianglePass.usf" 1953
"../../../Engine/Shaders/Private/GpuSkinCacheComputeShader.usf" 1954
"../../../Engine/Shaders/Private/HeightFieldAtlasManagement.usf" 1955
"../../../Engine/Shaders/Private/LandscapePhysicalMaterial.usf" 1956
"../../../Engine/Shaders/Private/LandscapeGrassWeight.usf" 1957
"../../../Engine/Shaders/Private/Landscape/LandscapeLayersWeightmapsPS.usf" 1958
"../../../Engine/Shaders/Private/Landscape/LandscapeLayersHeightmapsPS.usf" 1959
"../../../Engine/Shaders/Private/Landscape/LandscapeCommon.ush" 1960
"../../../Engine/Shaders/Private/LandscapeLayersCS.usf" 1961
"../../../Engine/Shaders/Private/LandscapeLayersPS.usf" 1962
"../../../Engine/Shaders/Private/LandscapeLayersVS.usf" 1963
"../../../Engine/Shaders/Private/Landscape/LandscapeMergeHeightmapsPS.usf" 1964
"../../../Engine/Shaders/Private/WideCustomResolveShaders.usf" 1965
"../../../Engine/Shaders/Private/WideCustomResolve_Wide.ush" 1966
"../../../Engine/Shaders/Private/WideCustomResolve_Wider.ush" 1967
"../../../Engine/Shaders/Private/WideCustomResolve_Widest.ush" 1968
"../../../Engine/Shaders/Private/PageTableUpdate.usf" 1969
"../../../Engine/Shaders/Private/VirtualTextureCompress.usf" 1970
"../../../Engine/Shaders/Private/BlockCompressionCommon.ush" 1971
"../../../Engine/Shaders/Private/BCCompressionCommon.ush" 1972
"../../../Engine/Shaders/Private/ETCCompressionCommon.ush" 1973
"../../../Engine/Shaders/Private/VirtualTextureMaterial.usf" 1974
"../../../Engine/Shaders/Private/PixelShaderOutputCommon.ush" 1975
"../../../Engine/Shaders/Private/ShaderOutputCommon.ush" 1976
"../../../Engine/Shaders/Private/VolumetricRenderTarget.usf" 1977
"../../../Engine/Shaders/Private/VolumetricFogVoxelization.usf" 1978
"../../../Engine/Shaders/Private/VolumetricCloudMaterialPixelCommon.ush" 1979
"../../../Engine/Shaders/Private/VolumetricFogLightFunction.usf" 1980
"../../../Engine/Shaders/Private/LightFunctionCommon.ush" 1981
"../../../Engine/Shaders/Private/VolumetricFog.usf" 1982
"../../../Engine/Shaders/Private/DeferredLightingCommon.ush" 1983
"../../../Engine/Shaders/Private/DynamicLightingCommon.ush" 1984
"../../../Engine/Shaders/Private/CapsuleLightIntegrate.ush" 1985
"../../../Engine/Shaders/Private/CapsuleLightSampling.ush" 1986
"../../../Engine/Shaders/Private/RectLightIntegrate.ush" 1987
"../../../Engine/Shaders/Private/LightGridCommon.ush" 1988
"../../../Engine/Shaders/Private/HeightFogCommon.ush" 1989
"../../../Engine/Shaders/Private/DistanceFieldAOShared.ush" 1990
"../../../Engine/Shaders/Private/VolumeLightingCommon.ush" 1991
"../../../Engine/Shaders/Private/ShadowFilteringCommon.ush" 1992
"../../../Engine/Shaders/Private/PixelQuadMessagePassing.ush" 1993
"../../../Engine/Shaders/Private/VolumeLightingCommonSampling.ush" 1994
"../../../Engine/Shaders/Private/VolumetricLightmapShared.ush" 1995
"../../../Engine/Shaders/Private/ForwardShadowingCommon.ush" 1996
"../../../Engine/Shaders/Private/Lumen/LumenTranslucencyVolumeShared.ush" 1997
"../../../Engine/Shaders/Private/Lumen/LumenRadianceCacheInterpolation.ush" 1998
"../../../Engine/Shaders/Private/VirtualShadowMaps/VirtualShadowMapProjectionCommon.ush" 1999
"../../../Engine/Shaders/Private/VirtualShadowMaps/VirtualShadowMapProjectionStructs.ush" 2000
"../../../Engine/Shaders/Private/VolumetricCloudCommon.ush" 2001
"../../../Engine/Shaders/Private/VolumetricCloud.usf" 2002
"../../../Engine/Shaders/Private/ReflectionEnvironmentShared.ush" 2003
"../../../Engine/Shaders/Private/VisualizeVolumetricLightmap.usf" 2004
"../../../Engine/Shaders/Private/VirtualShadowMaps/VirtualShadowMapProjectionComposite.usf" 2005
"../../../Engine/Shaders/Private/LightShaderParameters.ush" 2006
"../../../Engine/Shaders/Private/VirtualShadowMaps/VirtualShadowMapMaskBitsCommon.ush" 2007
"../../../Engine/Shaders/Private/VirtualShadowMaps/VirtualShadowMapProjection.usf" 2008
"../../../Engine/Shaders/Private/Visualization.ush" 2009
"../../../Engine/Shaders/Private/VirtualShadowMaps/VirtualShadowMapProjectionDirectional.ush" 2010
"../../../Engine/Shaders/Private/PathTracing/Utilities/PathTracingRandomSequence.ush" 2011
"../../../Engine/Shaders/Private/VirtualShadowMaps/VirtualShadowMapSMRTCommon.ush" 2012
"../../../Engine/Shaders/Private/VirtualShadowMaps/VirtualShadowMapSMRTTemplate.ush" 2013
"../../../Engine/Shaders/Private/VirtualShadowMaps/VirtualShadowMapProjectionSpot.ush" 2014
"../../../Engine/Shaders/Private/VirtualShadowMaps/VirtualShadowMapTransmissionCommon.ush" 2015
"../../../Engine/Shaders/Private/HairStrands/HairStrandsVoxelPageCommon.ush" 2016
"../../../Engine/Shaders/Private/HairStrands/HairStrandsVoxelPageTraversal.ush" 2017
"../../../Engine/Shaders/Private/VirtualShadowMaps/VirtualShadowMapCacheManagement.usf" 2018
"../../../Engine/Shaders/Private/VirtualShadowMaps/VirtualShadowMapPageCacheCommon.ush" 2019
"../../../Engine/Shaders/Private/ScreenSpaceDenoise/SSDDefinitions.ush" 2020
"../../../Engine/Shaders/Private/InstanceCulling/InstanceCullingLoadBalancer.ush" 2021
"../../../Engine/Shaders/Private/VirtualShadowMaps/VirtualShadowMapCopyStats.usf" 2022
"../../../Engine/Shaders/Private/VirtualShadowMaps/VirtualShadowMapPageManagement.usf" 2023
"../../../Engine/Shaders/Private/HairStrands/HairStrandsTileCommon.ush" 2024
"../../../Engine/Shaders/Private/ReductionCommon.ush" 2025
"../../../Engine/Shaders/Private/VirtualShadowMaps/VirtualShadowMapStats.ush" 2026
"../../../Engine/Shaders/Private/VirtualShadowMaps/VirtualShadowMapBuildPerPageDrawCommands.usf" 2027
"../../../Engine/Shaders/Private/InstanceCulling/InstanceCullingCommon.ush" 2028
"../../../Engine/Shaders/Private/VirtualShadowMaps/VirtualShadowMapPrintStats.usf" 2029
"../../../Engine/Shaders/Private/VirtualShadowMaps/VirtualShadowMapDebug.usf" 2030
"../../../Engine/Shaders/Private/VelocityShader.usf" 2031
"../../../Engine/Shaders/Private/VelocityCommon.ush" 2032
"../../../Engine/Shaders/Private/VariableRateShading.usf" 2033
"../../../Engine/Shaders/Private/TranslucencyUpsampling.usf" 2034
"../../../Engine/Shaders/Private/ScreenPass.ush" 2035
"../../../Engine/Shaders/Private/ComposeSeparateTranslucency.usf" 2036
"../../../Engine/Shaders/Private/SeparateTranslucency.ush" 2037
"../../../Engine/Shaders/Private/TranslucentLightInjectionShaders.usf" 2038
"../../../Engine/Shaders/Private/TranslucentShadowDepthShaders.usf" 2039
"../../../Engine/Shaders/Private/ShadowDepthCommon.ush" 2040
"../../../Engine/Shaders/Private/RayTracing/RayTracingTest.usf" 2041
"../../../Engine/Shaders/Private/PostProcessSubsurfaceTile.usf" 2042
"../../../Engine/Shaders/Private/Strata/StrataVisualize.usf" 2043
"../../../Engine/Shaders/Private/Strata/StrataTile.ush" 2044
"../../../Engine/Shaders/Private/SkyLightingDiffuseShared.ush" 2045
"../../../Engine/Shaders/Private/SkyLightingShared.ush" 2046
"../../../Engine/Shaders/Private/ClearCoatCommon.ush" 2047
"../../../Engine/Shaders/Private/ReflectionEnvironmentComposite.ush" 2048
"../../../Engine/Shaders/Private/Strata/StrataLightingCommon.ush" 2049
"../../../Engine/Shaders/Private/Strata/StrataRoughRefraction.usf" 2050
"../../../Engine/Shaders/Private/PathTracing/Material/PathTracingFresnel.ush" 2051
"../../../Engine/Shaders/Private/PathTracing/Material/PathTracingGlossy.ush" 2052
"../../../Engine/Shaders/Private/Strata/StrataTile.usf" 2053
"../../../Engine/Shaders/Private/Strata/StrataMaterialClassification.usf" 2054
"../../../Engine/Shaders/Private/SkyAtmosphere.usf" 2055
"../../../Engine/Shaders/Private/CopyDepthTexture.usf" 2056
"../../../Engine/Shaders/Private/SingleLayerWaterComposite.usf" 2057
"../../../Engine/Shaders/Private/ShadowProjectionVertexShader.usf" 2058
"../../../Engine/Shaders/Private/ShadowProjectionPixelShader.usf" 2059
"../../../Engine/Shaders/Private/ShadowPercentageCloserFiltering.ush" 2060
"../../../Engine/Shaders/Private/TransmissionThickness.ush" 2061
"../../../Engine/Shaders/Private/CopyShadowMaps.usf" 2062
"../../../Engine/Shaders/Private/ShadowDepthPixelShader.usf" 2063
"../../../Engine/Shaders/Private/ShadowDepthVertexShader.usf" 2064
"../../../Engine/Shaders/Private/ShadingEnergyConservationTable.usf" 2065
"../../../Engine/Shaders/Shared/PathTracingDefinitions.h" 2066
"../../../Engine/Shaders/Private/ShadingFurnaceTest.usf" 2067
"../../../Engine/Shaders/Private/Strata/StrataDeferredLighting.ush" 2068
"../../../Engine/Shaders/Private/ShaderPrintDrawPrimitive.usf" 2069
"../../../Engine/Shaders/Private/ShaderPrintDraw.usf" 2070
"../../../Engine/Shaders/Private/SSRT/SSRTDiffuseIndirect.usf" 2071
"../../../Engine/Shaders/Private/SSRT/SSRTRayCast.ush" 2072
"../../../Engine/Shaders/Private/SSRT/SSRTTileClassificationBuffer.ush" 2073
"../../../Engine/Shaders/Private/SSRT/SSRTReflections.usf" 2074
"../../../Engine/Shaders/Private/ScreenSpaceDenoise/SSDPublic.ush" 2075
"../../../Engine/Shaders/Private/SSRT/SSRTTileClassification.usf" 2076
"../../../Engine/Shaders/Private/SSRT/SSRTPrevFrameReduction.usf" 2077
"../../../Engine/Shaders/Private/ScreenSpaceDenoise/SSDComposeHarmonics.usf" 2078
"../../../Engine/Shaders/Private/ScreenSpaceDenoise/SSDPublicHarmonics.ush" 2079
"../../../Engine/Shaders/Private/ScreenSpaceDenoise/SSDSignalFramework.ush" 2080
"../../../Engine/Shaders/Private/ScreenSpaceDenoise/SSDCommon.ush" 2081
"../../../Engine/Shaders/Private/SphericalGaussian.ush" 2082
"../../../Engine/Shaders/Private/ScreenSpaceDenoise/SSDMetadata.ush" 2083
"../../../Engine/Shaders/Private/ScreenSpaceDenoise/SSDSignalCore.ush" 2084
"../../../Engine/Shaders/Private/ScreenSpaceDenoise/DenoisingCommon.ush" 2085
"../../../Engine/Shaders/Private/ScreenSpaceDenoise/SSDSignalArray.ush" 2086
"../../../Engine/Shaders/Private/ScreenSpaceDenoise/SSDSignalBufferEncoding.ush" 2087
"../../../Engine/Shaders/Private/ScreenSpaceDenoise/SSDPublicBufferEncoding.ush" 2088
"../../../Engine/Shaders/Private/Lumen/LumenBufferEncoding.ush" 2089
"../../../Engine/Shaders/Private/ScreenSpaceDenoise/SSDTemporalAccumulation.usf" 2090
"../../../Engine/Shaders/Private/ScreenSpaceDenoise/SSDSpatialKernel.ush" 2091
"../../../Engine/Shaders/Private/ScreenSpaceDenoise/SSDSignalAccumulatorArray.ush" 2092
"../../../Engine/Shaders/Private/ScreenSpaceDenoise/SSDSignalAccumulator.ush" 2093
"../../../Engine/Shaders/Private/ScreenSpaceDenoise/SSDSignalCompression.ush" 2094
"../../../Engine/Shaders/Private/ScreenSpaceDenoise/SSDSpatialAccumulation.usf" 2095
"../../../Engine/Shaders/Private/ScreenSpaceDenoise/SSDInjest.usf" 2096
"../../../Engine/Shaders/Private/ScreenSpaceDenoise/SSDCompressMetadata.usf" 2097
"../../../Engine/Shaders/Private/DownsampleDepthPixelShader.usf" 2098
"../../../Engine/Shaders/Private/ScreenPass.usf" 2099
"../../../Engine/Shaders/Private/HZB.usf" 2100
"../../../Engine/Shaders/Private/HZBOcclusion.usf" 2101
"../../../Engine/Shaders/Private/OcclusionQueryPixelShader.usf" 2102
"../../../Engine/Shaders/Private/OcclusionQueryVertexShader.usf" 2103
"../../../Engine/Shaders/Private/HitProxyPixelShader.usf" 2104
"../../../Engine/Shaders/Private/HitProxyVertexShader.usf" 2105
"../../../Engine/Shaders/Private/SceneCapturePixelShader.usf" 2106
"../../../Engine/Shaders/Private/RTWriteMaskDecode.usf" 2107
"../../../Engine/Shaders/Private/ReflectionEnvironmentShaders.usf" 2108
"../../../Engine/Shaders/Private/RectLightAtlas.usf" 2109
"../../../Engine/Shaders/Private/RayTracing/TraceRayInlineStatistics.usf" 2110
"../../../Engine/Shaders/Private/RayTracing/TraceRayInlineCommon.ush" 2111
"../../../Engine/Shaders/Private/RayTracing/VisualizeSkyLightMipTreePS.usf" 2112
"../../../Engine/Shaders/Private/RayTracing/MipTreeCommon.ush" 2113
"../../../Engine/Shaders/Private/RayTracing/CompositeSkyLightPS.usf" 2114
"../../../Engine/Shaders/Private/RayTracing/GenerateSkyLightVisibilityRaysCS.usf" 2115
"../../../Engine/Shaders/Private/RayTracing/RayTracingSkyLightCommon.ush" 2116
"../../../Engine/Shaders/Private/RayTracing/SkyLightVisibilityRaysData.ush" 2117
"../../../Engine/Shaders/Private/Raytracing/RaytracingSkylightRGS.usf" 2118
"../../../Engine/Shaders/Private/HairStrands/HairStrandsRaytracing.ush" 2119
"../../../Engine/Shaders/Private/Raytracing/RayTracingSkyLightEvaluation.ush" 2120
"../../../Engine/Shaders/Private/Raytracing/RayTracingDeferredShadingCommon.ush" 2121
"../../../Engine/Shaders/Private/RayTracing/RayTracingOcclusionRGS.usf" 2122
"../../../Engine/Shaders/Private/RayTracing/RayTracingDirectionalLight.ush" 2123
"../../../Engine/Shaders/Private/RayTracing/RayTracingRectLight.ush" 2124
"../../../Engine/Shaders/Private/RayTracing/RayTracingSphereLight.ush" 2125
"../../../Engine/Shaders/Private/RayTracing/RayTracingCapsuleLight.ush" 2126
"../../../Engine/Shaders/Private/RayTracing/SplitImaginaryReflectionGBufferCS.usf" 2127
"../../../Engine/Shaders/Private/RayTracing/RayTracingReflectionsCommon.ush" 2128
"../../../Engine/Shaders/Private/RayTracing/RayTracingReflections.usf" 2129
"../../../Engine/Shaders/Private/RayTracing/RayTracingLightingCommon.ush" 2130
"../../../Engine/Shaders/Private/RayTracing/RayTracingLightCullingCommon.ush" 2131
"../../../Engine/Shaders/Private/RayTracing/RayTracingReflectionEnvironment.ush" 2132
"../../../Engine/Shaders/Private/RayTracing/RayTracingPrimaryRays.usf" 2133
"../../../Engine/Shaders/Private/RayTracing/RayTracingMaterialDefaultHitShaders.usf" 2134
"../../../Engine/Shaders/Private/RayTracing/RayTracingMaterialHitShaders.usf" 2135
"../../../Engine/Shaders/Private/RayTracing/RayTracingCalcInterpolants.ush" 2136
"../../../Engine/Shaders/Private/LightmapCommon.ush" 2137
"../../../Engine/Shaders/Private/Lumen/LumenHardwareRayTracingPayloadCommon.ush" 2138
"../../../Engine/Shaders/Private/Strata/StrataExport.ush" 2139
"../../../Engine/Shaders/Private/RayTracing/RayTracingLightingMS.usf" 2140
"../../../Engine/Shaders/Private/RayTracing/RayTracingLightFunctionCommon.ush" 2141
"../../../Engine/Shaders/Private/RayTracing/GenerateCulledLightListCS.usf" 2142
"../../../Engine/Shaders/Private/Raytracing/RayTracingInstanceBufferUtil.usf" 2143
"../../../Engine/Shaders/Private/RayTracing/RayTracingFinalGatherRGS.usf" 2144
"../../../Engine/Shaders/Private/RayTracing/RayTracingGatherPoints.ush" 2145
"../../../Engine/Shaders/Private/PathTracing/Light/PathTracingLightSampling.ush" 2146
"../../../Engine/Shaders/Private/PathTracing/Light/PathTracingLightCommon.ush" 2147
"../../../Engine/Shaders/Shared/RayTracingTypes.h" 2148
"../../../Engine/Shaders/Private/PathTracing/Light/PathTracingDirectionalLight.ush" 2149
"../../../Engine/Shaders/Private/PathTracing/Light/PathTracingPointLight.ush" 2150
"../../../Engine/Shaders/Private/PathTracing/Light/PathTracingCapsuleLight.ush" 2151
"../../../Engine/Shaders/Private/PathTracing/Light/PathTracingRectLight.ush" 2152
"../../../Engine/Shaders/Private/PathTracing/Light/PathTracingSkyLight.ush" 2153
"../../../Engine/Shaders/Private/PathTracing/Light/PathTracingSpotLight.ush" 2154
"../../../Engine/Shaders/Private/PathTracing/Material/PathTracingMaterialSampling.ush" 2155
"../../../Engine/Shaders/Private/PathTracing/Material/PathTracingMaterialCommon.ush" 2156
"../../../Engine/Shaders/Private/PathTracing/PathTracingCommon.ush" 2157
"../../../Engine/Shaders/Private/PathTracing/Material/PathTracingLambert.ush" 2158
"../../../Engine/Shaders/Private/PathTracing/Material/PathTracingRadianceProbe.ush" 2159
"../../../Engine/Shaders/Private/PathTracing/Material/FirstBounceRayGuidingCommon.ush" 2160
"../../../Engine/Shaders/Private/PathTracing/Material/PathTracingSpecularReflection.ush" 2161
"../../../Engine/Shaders/Private/PathTracing/Material/PathTracingSpecularTransmission.ush" 2162
"../../../Engine/Shaders/Private/PathTracing/Material/PathTracingSolidGlass.ush" 2163
"../../../Engine/Shaders/Private/PathTracing/Material/PathTracingEnergyConservation.ush" 2164
"../../../Engine/Shaders/Private/PathTracing/Material/PathTracingThinGlass.ush" 2165
"../../../Engine/Shaders/Private/PathTracing/Material/PathTracingDefaultLit.ush" 2166
"../../../Engine/Shaders/Private/PathTracing/Material/PathTracingClearCoat.ush" 2167
"../../../Engine/Shaders/Private/PathTracing/Material/PathTracingTwoSidedFoliage.ush" 2168
"../../../Engine/Shaders/Private/PathTracing/Material/PathTracingCloth.ush" 2169
"../../../Engine/Shaders/Private/PathTracing/Material/PathTracingSubsurfaceProfile.ush" 2170
"../../../Engine/Shaders/Private/PathTracing/Material/PathTracingEye.ush" 2171
"../../../Engine/Shaders/Private/PathTracing/Material/PathTracingHair.ush" 2172
"../../../Engine/Shaders/Private/PathTracing/Material/PathTracingMedium.ush" 2173
"../../../Engine/Shaders/Private/RayTracing/RayTracingCreateGatherPointsRGS.usf" 2174
"../../../Engine/Shaders/Private/RayTracing/RayTracingGlobalIlluminationRGS.usf" 2175
"../../../Engine/Shaders/Private/RayTracing/RayTracingDynamicMesh.usf" 2176
"../../../Engine/Shaders/Private/RayTracing/RayTracingDeferredReflections.usf" 2177
"../../../Engine/Shaders/Private/RayTracing/RayTracingDeferredMaterials.ush" 2178
"../../../Engine/Shaders/Shared/ThirdParty/AMD/ags_shader_intrinsics_dx12.h" 2179
"../../../Engine/Shaders/Private/RayTracing/RayTracingDeferredReflections.ush" 2180
"../../../Engine/Shaders/Private/RayTracing/RayTracingReflectionResolve.usf" 2181
"../../../Engine/Shaders/Private/RayTracing/RayTracingReflectionsGenerateRaysCS.usf" 2182
"../../../Engine/Shaders/Private/RayTracing/MaterialSort.usf" 2183
"../../../Engine/Shaders/Private/RayTracing/RayTracingDeferredMaterials.usf" 2184
"../../../Engine/Shaders/Private/RayTracing/RayTracingDecalMaterialShader.usf" 2185
"../../../Engine/Shaders/Private/RayTracing/RayTracingBuildDecalGrid.usf" 2186
"../../../Engine/Shaders/Private/RayTracing/RayTracingDebug.usf" 2187
"../../../Engine/Shaders/Shared/RayTracingDebugDefinitions.h" 2188
"../../../Engine/Shaders/Shared/RayTracingDebugTypes.h" 2189
"../../../Engine/Shaders/Private/RayTracing/RayTracingDebugTraversal.usf" 2190
"../../../Engine/Shaders/Private/Nanite/NaniteRayTrace.ush" 2191
"../../../Engine/Shaders/Shared/ThirdParty/RayTriangleIntersection.h" 2192
"../../../Engine/Shaders/Private/RayTracing/TraceRayInline.ush" 2193
"../../../Engine/Shaders/Private/RayTracing/TraceRayInlineVulkan.ush" 2194
"../../../Engine/Shaders/Private/RayTracing/RayTracingBarycentrics.usf" 2195
"../../../Engine/Shaders/Private/RayTracing/RayTracingAmbientOcclusionRGS.usf" 2196
"../../../Engine/Shaders/Private/VisualizeShadingModels.usf" 2197
"../../../Engine/Shaders/Private/MotionBlur/VisualizeMotionVectors.usf" 2198
"../../../Engine/Shaders/Private/TemporalSuperResolution/TSRDebugHistory.usf" 2199
"../../../Engine/Shaders/Private/TemporalSuperResolution/TSRCommon.ush" 2200
"../../../Engine/Shaders/Public/DualPixelVectorization.ush" 2201
"../../../Engine/Shaders/Private/TemporalSuperResolution/TSRResolveHistory.usf" 2202
"../../../Engine/Shaders/Private/TemporalSuperResolution/TSRUpdateHistory.usf" 2203
"../../../Engine/Shaders/Private/TemporalSuperResolution/TSRFilterAntiAliasing.usf" 2204
"../../../Engine/Shaders/Private/TemporalSuperResolution/TSRSpatialAntiAliasing.usf" 2205
"../../../Engine/Shaders/Private/TemporalSuperResolution/TSRRejectShading.usf" 2206
"../../../Engine/Shaders/Public/LaneVectorization.ush" 2207
"../../../Engine/Shaders/Private/TemporalSuperResolution/TSRCompareTranslucency.usf" 2208
"../../../Engine/Shaders/Private/TemporalSuperResolution/TSRDecimateHistory.usf" 2209
"../../../Engine/Shaders/Private/TemporalSuperResolution/TSRDilateVelocity.usf" 2210
"../../../Engine/Shaders/Private/MotionBlur/MotionBlurVelocityFlatten.ush" 2211
"../../../Engine/Shaders/Private/MotionBlur/MotionBlurCommon.ush" 2212
"../../../Engine/Shaders/Private/TemporalSuperResolution/TSRClearPrevTextures.usf" 2213
"../../../Engine/Shaders/Private/TemporalSuperResolution/TSRComputeMoireLuma.usf" 2214
"../../../Engine/Shaders/Private/TemporalAA.usf" 2215
"../../../Engine/Shaders/Private/FilterPixelShader.usf" 2216
"../../../Engine/Shaders/Private/FilterVertexShader.usf" 2217
"../../../Engine/Shaders/Private/PostProcessVisualizeBuffer.usf" 2218
"../../../Engine/Shaders/Private/PostProcessVisualizeLocalExposure.usf" 2219
"../../../Engine/Shaders/Private/PostProcessHistogramCommon.ush" 2220
"../../../Engine/Shaders/Private/PostProcessVisualizeLevelInstance.usf" 2221
"../../../Engine/Shaders/Private/PostProcessVisualizeHDR.usf" 2222
"../../../Engine/Shaders/Private/ShaderComplexityApplyPixelShader.usf" 2223
"../../../Engine/Shaders/Private/QuadOverdraw.ush" 2224
"../../../Engine/Shaders/Private/PostProcessUpscale.usf" 2225
"../../../Engine/Shaders/Private/PostProcessTonemap.usf" 2226
"../../../Engine/Shaders/Private/PostProcessing/FilmGrainPackConstants.usf" 2227
"../../../Engine/Shaders/Private/PostProcessing/FilmGrainReduce.usf" 2228
"../../../Engine/Shaders/Private/PostProcessTestImage.usf" 2229
"../../../Engine/Shaders/Private/PostProcessSubsurface.usf" 2230
"../../../Engine/Shaders/Private/SeparableSSS.ush" 2231
"../../../Engine/Shaders/Private/SubsurfaceBurleyNormalized.ush" 2232
"../../../Engine/Shaders/Private/PostProcessSelectionOutline.usf" 2233
"../../../Engine/Shaders/Private/PostProcessPixelProjectedReflectionMobile.usf" 2234
"../../../Engine/Shaders/Private/MotionBlur/MotionBlurVisualize.usf" 2235
"../../../Engine/Shaders/Private/MotionBlur/MotionBlurApply.usf" 2236
"../../../Engine/Shaders/Private/MotionBlur/MotionBlurFilterTileClassify.usf" 2237
"../../../Engine/Shaders/Private/MotionBlur/MotionBlurTileScatter.usf" 2238
"../../../Engine/Shaders/Private/MotionBlur/MotionBlurTileGather.usf" 2239
"../../../Engine/Shaders/Private/MotionBlur/MotionBlurVelocityFlatten.usf" 2240
"../../../Engine/Shaders/Private/PostProcessMobile.usf" 2241
"../../../Engine/Shaders/Private/PostProcessMitchellNetravali.usf" 2242
"../../../Engine/Shaders/Private/PostProcessMaterialShaders.usf" 2243
"../../../Engine/Shaders/Private/PostProcessLocalExposure.usf" 2244
"../../../Engine/Shaders/Private/PostProcessLensFlares.usf" 2245
"../../../Engine/Shaders/Private/PostProcessHMD.usf" 2246
"../../../Engine/Shaders/Private/Histogram.usf" 2247
"../../../Engine/Shaders/Private/PostProcessHistogramReduce.usf" 2248
"../../../Engine/Shaders/Private/PostProcessHistogram.usf" 2249
"../../../Engine/Shaders/Private/PostProcessGBufferHints.usf" 2250
"../../../Engine/Shaders/Private/Bloom/BloomFinalizeApplyConstants.usf" 2251
"../../../Engine/Shaders/Private/Bloom/BloomCommon.ush" 2252
"../../../Engine/Shaders/Private/Bloom/BloomResizeKernel.usf" 2253
"../../../Engine/Shaders/Private/Bloom/BloomClampKernel.usf" 2254
"../../../Engine/Shaders/Private/Bloom/BloomPackKernelConstants.usf" 2255
"../../../Engine/Shaders/Private/Bloom/BloomSumScatterDispersionEnergy.usf" 2256
"../../../Engine/Shaders/Private/Bloom/BloomReduceKernelSurvey.usf" 2257
"../../../Engine/Shaders/Private/Bloom/BloomSurveyKernelCenterEnergy.usf" 2258
"../../../Engine/Shaders/Private/Bloom/BloomSurveyMaxScatterDispersion.usf" 2259
"../../../Engine/Shaders/Private/Bloom/BloomFindKernelCenter.usf" 2260
"../../../Engine/Shaders/Private/PostProcessEyeAdaptation.usf" 2261
"../../../Engine/Shaders/Private/PostProcessDownsample.usf" 2262
"../../../Engine/Shaders/Private/PostProcessDOF.usf" 2263
"../../../Engine/Shaders/Private/PostProcessDeviceEncodingOnly.usf" 2264
"../../../Engine/Shaders/Private/PostProcessCompositeEditorPrimitives.usf" 2265
"../../../Engine/Shaders/Private/PostProcessCombineLUTs.usf" 2266
"../../../Engine/Shaders/Private/PostProcessVisualizeDOF.usf" 2267
"../../../Engine/Shaders/Private/PostProcessBloom.usf" 2268
"../../../Engine/Shaders/Private/PostProcessAmbientOcclusionMobile.usf" 2269
"../../../Engine/Shaders/Private/PostProcessAmbientOcclusionCommon.ush" 2270
"../../../Engine/Shaders/Private/FXAAShader.usf" 2271
"../../../Engine/Shaders/Private/Fxaa3_11.ush" 2272
"../../../Engine/Shaders/Private/DiaphragmDOF/DOFRecombine.usf" 2273
"../../../Engine/Shaders/Private/DiaphragmDOF/DOFCommon.ush" 2274
"../../../Engine/Shaders/Private/DiaphragmDOF/DOFHybridScatterPixelShader.usf" 2275
"../../../Engine/Shaders/Private/DiaphragmDOF/DOFHybridScatterCommon.ush" 2276
"../../../Engine/Shaders/Private/DiaphragmDOF/DOFHybridScatterVertexShader.usf" 2277
"../../../Engine/Shaders/Private/DiaphragmDOF/DOFPostfiltering.usf" 2278
"../../../Engine/Shaders/Private/DiaphragmDOF/DOFGatherTileSuggest.ush" 2279
"../../../Engine/Shaders/Private/DiaphragmDOF/DOFCocTileCommon.ush" 2280
"../../../Engine/Shaders/Private/DiaphragmDOF/DOFGatherPass.usf" 2281
"../../../Engine/Shaders/Private/DiaphragmDOF/DOFGatherCommon.ush" 2282
"../../../Engine/Shaders/Private/DiaphragmDOF/DOFGatherAccumulator.ush" 2283
"../../../Engine/Shaders/Private/DiaphragmDOF/DOFGatherKernel.ush" 2284
"../../../Engine/Shaders/Private/DiaphragmDOF/DOFBokehLUT.usf" 2285
"../../../Engine/Shaders/Private/DiaphragmDOF/DOFHybridScatterCompilation.usf" 2286
"../../../Engine/Shaders/Private/DiaphragmDOF/DOFReduce.usf" 2287
"../../../Engine/Shaders/Private/DiaphragmDOF/DOFDownsample.ush" 2288
"../../../Engine/Shaders/Private/DiaphragmDOF/DOFHybridScatterCompilation.ush" 2289
"../../../Engine/Shaders/Private/DiaphragmDOF/DOFDownsample.usf" 2290
"../../../Engine/Shaders/Private/DiaphragmDOF/DOFCocTileDilate.usf" 2291
"../../../Engine/Shaders/Private/DiaphragmDOF/DOFCocTileFlatten.usf" 2292
"../../../Engine/Shaders/Private/DiaphragmDOF/DOFSetup.usf" 2293
"../../../Engine/Shaders/Private/PlanarReflectionShaders.usf" 2294
"../../../Engine/Shaders/Private/PlanarReflectionShared.ush" 2295
"../../../Engine/Shaders/Private/PhysicsFieldVisualizer.usf" 2296
"../../../Engine/Shaders/Private/PathTracing/PathTracingSpatialTemporalDenoising.usf" 2297
"../../../Engine/Shaders/Private/ColorDifference.ush" 2298
"../../../Engine/Shaders/Private/PathTracing/PathTracingCompositingPixelShader.usf" 2299
"../../../Engine/Shaders/Private/PathTracing/PathTracingMaterialHitShader.usf" 2300
"../../../Engine/Shaders/Private/PathTracing/PathTracingLightingMissShader.usf" 2301
"../../../Engine/Shaders/Private/PathTracing/PathTracingMissShader.usf" 2302
"../../../Engine/Shaders/Private/PathTracing/PathTracingBuildAtmosphereLUT.usf" 2303
"../../../Engine/Shaders/Private/PathTracing/Volume/PathTracingAtmosphereCommon.ush" 2304
"../../../Engine/Shaders/Private/PathTracing/PathTracingSwizzleScanlines.usf" 2305
"../../../Engine/Shaders/Private/PathTracing/PathTracingIESAtlas.usf" 2306
"../../../Engine/Shaders/Private/PathTracing/PathTracingInitExtinctionCoefficient.usf" 2307
"../../../Engine/Shaders/Private/PathTracing/PathTracing.usf" 2308
"../../../Engine/Shaders/Private/PathTracing/PathTracingCore.ush" 2309
"../../../Engine/Shaders/Private/RayTracing/RayTracingDecalGrid.ush" 2310
"../../../Engine/Shaders/Private/PathTracing/Utilities/PathTracingRIS.ush" 2311
"../../../Engine/Shaders/Private/PathTracing/Light/PathTracingLightGrid.ush" 2312
"../../../Engine/Shaders/Private/PathTracing/Volume/PathTracingVolume.ush" 2313
"../../../Engine/Shaders/Private/PathTracing/Volume/PathTracingVolumeCommon.ush" 2314
"../../../Engine/Shaders/Private/PathTracing/Volume/PathTracingAtmosphere.ush" 2315
"../../../Engine/Shaders/Private/DoubleWordMath.ush" 2316
"../../../Engine/Shaders/Private/PathTracing/Volume/PathTracingFog.ush" 2317
"../../../Engine/Shaders/Private/PathTracing/Volume/PathTracingVolumeSampling.ush" 2318
"../../../Engine/Shaders/Private/PathTracing/PathTracingBuildLightGrid.usf" 2319
"../../../Engine/Shaders/Private/PathTracing/PathTracingSkylightMISCompensation.usf" 2320
"../../../Engine/Shaders/Private/PathTracing/PathTracingSkylightPrepare.usf" 2321
"../../../Engine/Shaders/Private/OIT/OITSorting.usf" 2322
"../../../Engine/Shaders/Private/OITCombine.usf" 2323
"../../../Engine/Shaders/Private/OITCommon.ush" 2324
"../../../Engine/Shaders/Private/HTileVisualize.usf" 2325
"../../../Engine/Shaders/Private/HTileEncoding.ush" 2326
"../../../Engine/Shaders/Private/Nanite/NaniteDebugViews.usf" 2327
"../../../Engine/Shaders/Private/Nanite/NaniteMaterialComplexity.usf" 2328
"../../../Engine/Shaders/Private/Nanite/NaniteVisualize.usf" 2329
"../../../Engine/Shaders/Private/Nanite/NaniteStreamOut.usf" 2330
"../../../Engine/Shaders/Private/Nanite/NaniteMaterialCulling.usf" 2331
"../../../Engine/Shaders/Private/Nanite/NaniteDepthExport.usf" 2332
"../../../Engine/Shaders/Private/Nanite/NaniteExportGBuffer.usf" 2333
"../../../Engine/Shaders/Private/Nanite/NaniteRasterizer.usf" 2334
"../../../Engine/Shaders/Private/Nanite/NaniteWritePixel.ush" 2335
"../../../Engine/Shaders/Private/WorkDistribution.ush" 2336
"../../../Engine/Shaders/Private/Nanite/NaniteRasterBinning.usf" 2337
"../../../Engine/Shaders/Private/Nanite/NaniteInstanceCulling.usf" 2338
"../../../Engine/Shaders/Private/Nanite/NaniteImposter.ush" 2339
"../../../Engine/Shaders/Private/Nanite/NanitePrimitiveFilter.usf" 2340
"../../../Engine/Shaders/Private/Nanite/NanitePrintStats.usf" 2341
"../../../Engine/Shaders/Private/Nanite/NaniteEmitShadow.usf" 2342
"../../../Engine/Shaders/Private/MobileDeferredUtils.usf" 2343
"../../../Engine/Shaders/Private/MobileFog.usf" 2344
"../../../Engine/Shaders/Private/DistortApplyScreenPS.usf" 2345
"../../../Engine/Shaders/Private/MobileDeferredShading.usf" 2346
"../../../Engine/Shaders/Private/MobileLightingCommon.ush" 2347
"../../../Engine/Shaders/Private/MobileBasePassPixelShader.usf" 2348
"../../../Engine/Shaders/Private/MobileBasePassCommon.ush" 2349
"../../../Engine/Shaders/Private/BasePassCommon.ush" 2350
"../../../Engine/Shaders/Private/ShadingModelsMaterial.ush" 2351
"../../../Engine/Shaders/Private/SingleLayerWaterShading.ush" 2352
"../../../Engine/Shaders/Private/DistortionCommon.ush" 2353
"../../../Engine/Shaders/Private/MobileBasePassVertexShader.usf" 2354
"../../../Engine/Shaders/Private/Lumen/LumenVisualizeRadianceCache.usf" 2355
"../../../Engine/Shaders/Private/Lumen/LumenRadianceCacheCommon.ush" 2356
"../../../Engine/Shaders/Private/Lumen/LumenVisualizeHardwareRayTracing.usf" 2357
"../../../Engine/Shaders/Private/Lumen/LumenCardCommon.ush" 2358
"../../../Engine/Shaders/Private/Lumen/LumenTracingCommon.ush" 2359
"../../../Engine/Shaders/Private/DistanceField/GlobalDistanceFieldUtils.ush" 2360
"../../../Engine/Shaders/Private/DistanceField/GlobalDistanceFieldObjectGrid.ush" 2361
"../../../Engine/Shaders/Private/DistanceFieldLightingShared.ush" 2362
"../../../Engine/Shaders/Private/Lumen/SurfaceCache/LumenSurfaceCacheSampling.ush" 2363
"../../../Engine/Shaders/Private/Lumen/SurfaceCache/LumenSurfaceCache.ush" 2364
"../../../Engine/Shaders/Private/Lumen/LumenVisualize.ush" 2365
"../../../Engine/Shaders/Private/Lumen/LumenHardwareRayTracingCommon.ush" 2366
"../../../Engine/Shaders/Private/Lumen/LumenHardwareRayTracingPipelineCommon.ush" 2367
"../../../Engine/Shaders/Private/Lumen/LumenHardwareRayTracingPlatformCommon.ush" 2368
"../../../Engine/Shaders/Private/Lumen/LumenVisualize.usf" 2369
"../../../Engine/Shaders/Private/Lumen/LumenVisualizeTraces.ush" 2370
"../../../Engine/Shaders/Private/Lumen/LumenTranslucencyVolumeLighting.usf" 2371
"../../../Engine/Shaders/Private/Lumen/LumenRadianceCacheMarkCommon.ush" 2372
"../../../Engine/Shaders/Private/Lumen/LumenTranslucencyVolumeLightingShared.ush" 2373
"../../../Engine/Shaders/Private/Lumen/LumenScreenProbeCommon.ush" 2374
"../../../Engine/Shaders/Private/BlueNoise.ush" 2375
"../../../Engine/Shaders/Private/Lumen/LumenTranslucencyVolumeHardwareRayTracing.usf" 2376
"../../../Engine/Shaders/Private/Lumen/LumenTranslucencyRadianceCacheMarkShaders.usf" 2377
"../../../Engine/Shaders/Private/Lumen/SurfaceCache/LumenSurfaceCacheFeedback.usf" 2378
"../../../Engine/Shaders/Private/Lumen/SurfaceCache/LumenSurfaceCache.usf" 2379
"../../../Engine/Shaders/Private/Lumen/LumenScreenSpaceBentNormal.usf" 2380
"../../../Engine/Shaders/Private/Lumen/LumenMaterial.ush" 2381
"../../../Engine/Shaders/Private/Lumen/LumenScreenTracing.ush" 2382
"../../../Engine/Shaders/Private/Lumen/LumenScreenProbeTracing.usf" 2383
"../../../Engine/Shaders/Private/Lumen/LumenScreenProbeTracingCommon.ush" 2384
"../../../Engine/Shaders/Private/Lumen/LumenHairTracing.ush" 2385
"../../../Engine/Shaders/Private/Lumen/LumenScreenProbeImportanceSampling.usf" 2386
"../../../Engine/Shaders/Private/Lumen/LumenScreenProbeImportanceSamplingShared.ush" 2387
"../../../Engine/Shaders/Private/Lumen/LumenScreenProbeHardwareRayTracing.usf" 2388
"../../../Engine/Shaders/Private/Lumen/LumenScreenProbeGather.usf" 2389
"../../../Engine/Shaders/Private/Lumen/LumenScreenSpaceBentNormal.ush" 2390
"../../../Engine/Shaders/Private/Lumen/LumenScreenProbeLightSampling.usf" 2391
"../../../Engine/Shaders/Private/Lumen/LumenScreenProbeFiltering.usf" 2392
"../../../Engine/Shaders/Private/Lumen/LumenSceneLighting.usf" 2393
"../../../Engine/Shaders/Private/Lumen/LumenCardTile.ush" 2394
"../../../Engine/Shaders/Private/Lumen/LumenSceneLighting.ush" 2395
"../../../Engine/Shaders/Private/Lumen/Radiosity/LumenRadiosity.ush" 2396
"../../../Engine/Shaders/Private/Lumen/LumenCardPixelShader.usf" 2397
"../../../Engine/Shaders/Private/Lumen/LumenCardVertexShader.usf" 2398
"../../../Engine/Shaders/Private/Lumen/LumenSceneLightingDebug.usf" 2399
"../../../Engine/Shaders/Private/Lumen/LumenSceneDirectLightingHardwareRayTracing.usf" 2400
"../../../Engine/Shaders/Private/Lumen/LumenReflectionCommon.ush" 2401
"../../../Engine/Shaders/Private/Lumen/LumenSceneDirectLighting.ush" 2402
"../../../Engine/Shaders/Private/Lumen/LumenSceneDirectLightingSoftwareRayTracing.usf" 2403
"../../../Engine/Shaders/Private/DistanceFieldShadowingShared.ush" 2404
"../../../Engine/Shaders/Private/Lumen/LumenSceneDirectLightingPerLightShadowCommon.ush" 2405
"../../../Engine/Shaders/Private/Lumen/LumenSceneDirectLightingShadowMask.usf" 2406
"../../../Engine/Shaders/Private/Lumen/LumenSceneDirectLighting.usf" 2407
"../../../Engine/Shaders/Private/Lumen/LumenSceneDirectLightingCulling.usf" 2408
"../../../Engine/Shaders/Private/Lumen/LumenReflectionTracing.usf" 2409
"../../../Engine/Shaders/Private/Lumen/LumenReflections.usf" 2410
"../../../Engine/Shaders/Private/Lumen/LumenReflectionHardwareRayTracing.usf" 2411
"../../../Engine/Shaders/Private/Lumen/Radiosity/LumenVisualizeRadiosityProbes.usf" 2412
"../../../Engine/Shaders/Private/Lumen/Radiosity/LumenRadiosity.usf" 2413
"../../../Engine/Shaders/Private/RayTracing/RayGenUtils.ush" 2414
"../../../Engine/Shaders/Private/Lumen/Radiosity/LumenRadiosityHardwareRayTracing.usf" 2415
"../../../Engine/Shaders/Private/Lumen/Radiosity/LumenRadiosityCulling.usf" 2416
"../../../Engine/Shaders/Private/Lumen/LumenRadianceCacheHardwareRayTracing.usf" 2417
"../../../Engine/Shaders/Private/Lumen/LumenRadianceCacheTracingCommon.ush" 2418
"../../../Engine/Shaders/Private/Lumen/LumenRadianceCache.usf" 2419
"../../../Engine/Shaders/Private/Lumen/LumenRadianceCacheUpdate.ush" 2420
"../../../Engine/Shaders/Private/Lumen/LumenRadianceCacheDebug.usf" 2421
"../../../Engine/Shaders/Private/Lumen/LumenRadianceCacheUpdate.usf" 2422
"../../../Engine/Shaders/Private/Lumen/LumenMeshSDFCulling.usf" 2423
"../../../Engine/Shaders/Private/HybridIndirectLighting.ush" 2424
"../../../Engine/Shaders/Private/MeshDistanceFieldCommon.ush" 2425
"../../../Engine/Shaders/Private/Lumen/LumenIrradianceFieldGather.usf" 2426
"../../../Engine/Shaders/Private/Lumen/LumenHardwareRayTracingMaterials.usf" 2427
"../../../Engine/Shaders/Private/Lumen/LumenHardwareRayTracingPipeline.usf" 2428
"../../../Engine/Shaders/Private/Lumen/LumenFrontLayerTranslucency.usf" 2429
"../../../Engine/Shaders/Private/LightShaftShader.usf" 2430
"../../../Engine/Shaders/Private/StationaryLightOverlapShaders.usf" 2431
"../../../Engine/Shaders/Private/DeferredLightPixelShaders.usf" 2432
"../../../Engine/Shaders/Private/HairStrands/HairStrandsVisibilityUtils.ush" 2433
"../../../Engine/Shaders/Private/DeferredLightVertexShaders.usf" 2434
"../../../Engine/Shaders/Private/LightMapDensityShader.usf" 2435
"../../../Engine/Shaders/Private/LightGridInjection.usf" 2436
"../../../Engine/Shaders/Private/LightFunctionPixelShader.usf" 2437
"../../../Engine/Shaders/Private/LightFunctionVertexShader.usf" 2438
"../../../Engine/Shaders/Private/InstanceCulling/BuildInstanceDrawCommands.usf" 2439
"../../../Engine/Shaders/Private/InstanceCulling/InstanceCompactionCommon.ush" 2440
"../../../Engine/Shaders/Private/InstanceCulling/CompactVisibleInstances.usf" 2441
"../../../Engine/Shaders/Private/ThreadGroupPrefixSum.ush" 2442
"../../../Engine/Shaders/Private/ReflectionEnvironmentPixelShader.usf" 2443
"../../../Engine/Shaders/Private/Strata/StrataEnvironmentLighting.ush" 2444
"../../../Engine/Shaders/Private/AmbientCubemapComposite.usf" 2445
"../../../Engine/Shaders/Private/DiffuseIndirectComposite.usf" 2446
"../../../Engine/Shaders/Private/HeterogeneousVolumes/HeterogeneousVolumesSparseVoxelPipeline.usf" 2447
"../../../Engine/Shaders/Private/HeterogeneousVolumes/HeterogeneousVolumesSparseVoxelUtils.ush" 2448
"../../../Engine/Shaders/Private/HeterogeneousVolumes/HeterogeneousVolumesSparseVoxelUniformBufferUtils.ush" 2449
"../../../Engine/Shaders/Private/HeterogeneousVolumes/HeterogeneousVolumesPreshadingPipeline.usf" 2450
"../../../Engine/Shaders/Private/HeterogeneousVolumes/HeterogeneousVolumesTracingUtils.ush" 2451
"../../../Engine/Shaders/Private/HeterogeneousVolumes/HeterogeneousVolumesLightingUtils.ush" 2452
"../../../Engine/Shaders/Private/HeterogeneousVolumes/HeterogeneousVolumesRayMarchingUtils.ush" 2453
"../../../Engine/Shaders/Private/HeterogeneousVolumes/HeterogeneousVolumesTransmittanceVolumeUtils.ush" 2454
"../../../Engine/Shaders/Private/HeterogeneousVolumes/HeterogeneousVolumesMaterialBakingPipeline.usf" 2455
"../../../Engine/Shaders/Private/HeterogeneousVolumes/HeterogeneousVolumesLiveShadingUtils.ush" 2456
"../../../Engine/Shaders/Private/HeterogeneousVolumes/HeterogeneousVolumesLiveShadingPipeline.usf" 2457
"../../../Engine/Shaders/Private/HeterogeneousVolumes/HeterogeneousVolumesHardwareRayTracing.usf" 2458
"../../../Engine/Shaders/Private/HeterogeneousVolumes/HeterogeneousVolumesComposite.usf" 2459
"../../../Engine/Shaders/Private/HdrCustomResolveShaders.usf" 2460
"../../../Engine/Shaders/Private/HairStrands/HairStrandsVoxelMip.usf" 2461
"../../../Engine/Shaders/Private/HairStrands/HairStrandsVoxelRasterCompute.usf" 2462
"../../../Engine/Shaders/Private/HairStrands/HairStrandsVoxelPageAllocation.usf" 2463
"../../../Engine/Shaders/Private/HairStrands/HairStrandsVoxelOpaque.usf" 2464
"../../../Engine/Shaders/Private/HairStrands/HairStrandsHitProxy.usf" 2465
"../../../Engine/Shaders/Private/HairStrands/HairStrandsVisibilityRasterComputeNaive.usf" 2466
"../../../Engine/Shaders/Private/HairStrands/HairStrandsVisibilityRasterHW.usf" 2467
"../../../Engine/Shaders/Private/HairStrands/HairStrandsVisibilityRasterCompute.usf" 2468
"../../../Engine/Shaders/Private/HairStrands/HairStrandsVisibilityRasterClassification.usf" 2469
"../../../Engine/Shaders/Private/HairStrands/HairStrandsCoverage.usf" 2470
"../../../Engine/Shaders/Private/HairStrands/HairStrandsVisibilityDepthPS.usf" 2471
"../../../Engine/Shaders/Private/HairStrands/HairStrandsVisibilityTransmittanceDepthPS.usf" 2472
"../../../Engine/Shaders/Private/HairStrands/HairStrandsVisibilityFillOpaqueDepthPS.usf" 2473
"../../../Engine/Shaders/Private/HairStrands/HairStrandsVisibilityCompactionComputeRaster.usf" 2474
"../../../Engine/Shaders/Private/HairStrands/HairStrandsVisibilityCompaction.usf" 2475
"../../../Engine/Shaders/Private/HairStrands/HairStrandsVisibilityCopyIndirectArg.usf" 2476
"../../../Engine/Shaders/Private/HairStrands/HairStrandsVisibilityClearPS.usf" 2477
"../../../Engine/Shaders/Private/HairStrands/HairStrandsVisibilityPS.usf" 2478
"../../../Engine/Shaders/Private/HairStrands/HairStrandsVisibilityVS.usf" 2479
"../../../Engine/Shaders/Private/HairStrands/HairStrandsVelocity.usf" 2480
"../../../Engine/Shaders/Private/HairStrands/HairStrandsVisibilityComputeSampleCoverage.usf" 2481
"../../../Engine/Shaders/Private/HairStrands/HairStrandsMaterialPS.usf" 2482
"../../../Engine/Shaders/Private/HairStrands/HairStrandsMaterialCommon.ush" 2483
"../../../Engine/Shaders/Private/HairStrands/HairStrandsMaterialVS.usf" 2484
"../../../Engine/Shaders/Private/HairStrands/HairStrandsLightSample.usf" 2485
"../../../Engine/Shaders/Private/HairStrands/HairStrandsDeepShadowMask.usf" 2486
"../../../Engine/Shaders/Private/HairStrands/HairStrandsDeepTransmittanceMask.usf" 2487
"../../../Engine/Shaders/Private/HairStrands/HairStrandsVisibilityTile.usf" 2488
"../../../Engine/Shaders/Private/HairStrands/HairStrandsDeepShadowPS.usf" 2489
"../../../Engine/Shaders/Private/HairStrands/HairStrandsDeepShadowVS.usf" 2490
"../../../Engine/Shaders/Private/HairStrands/HairStrandsLUT.usf" 2491
"../../../Engine/Shaders/Private/HairStrands/HairStrandsEnvironmentLighting.usf" 2492
"../../../Engine/Shaders/Private/HairStrands/HairStrandsEnvironmentAO.usf" 2493
"../../../Engine/Shaders/Private/HairStrands/HairStrandsDeepShadowAllocation.usf" 2494
"../../../Engine/Shaders/Private/HairStrands/HairStrandsVoxelDepthInjection.usf" 2495
"../../../Engine/Shaders/Private/HairStrands/HairStrandsVoxelPageRayMarching.usf" 2496
"../../../Engine/Shaders/Private/HairStrands/HairStrandsGBufferWrite.usf" 2497
"../../../Engine/Shaders/Private/HairStrands/HairStrandsGBufferCommon.ush" 2498
"../../../Engine/Shaders/Private/HairStrands/HairStrandsVisibilityComposeSubPixelPS.usf" 2499
"../../../Engine/Shaders/Private/HairStrands/HairStrandsAABB.usf" 2500
"../../../Engine/Shaders/Private/GPUScene/GPUSceneDataManagement.usf" 2501
"../../../Engine/Shaders/Private/GPUSceneDebugRender.usf" 2502
"../../../Engine/Shaders/Private/GPUFastFourierTransform.usf" 2503
"../../../Engine/Shaders/Private/GPUFastFourierTransform2DCore.ush" 2504
"../../../Engine/Shaders/Private/GPUFastFourierTransformCore.ush" 2505
"../../../Engine/Shaders/Private/GPUBenchmark.usf" 2506
"../../../Engine/Shaders/Private/DistanceField/GlobalDistanceFieldDebug.usf" 2507
"../../../Engine/Shaders/Private/DistanceField/GlobalDistanceFieldMip.usf" 2508
"../../../Engine/Shaders/Private/DistanceField/GlobalDistanceField.usf" 2509
"../../../Engine/Shaders/Private/DistanceField/GlobalDistanceFieldUpdate.ush" 2510
"../../../Engine/Shaders/Private/DistanceField/GlobalDistanceFieldCompositeObjects.usf" 2511
"../../../Engine/Shaders/Private/DistanceField/GlobalDistanceFieldHeightfields.usf" 2512
"../../../Engine/Shaders/Private/HeightfieldLightingShared.ush" 2513
"../../../Engine/Shaders/Private/GenerateConservativeDepth.usf" 2514
"../../../Engine/Shaders/Private/HeightFogPixelShader.usf" 2515
"../../../Engine/Shaders/Private/HeightFogVertexShader.usf" 2516
"../../../Engine/Shaders/Private/DistortFiltering.usf" 2517
"../../../Engine/Shaders/Private/DistortAccumulatePS.usf" 2518
"../../../Engine/Shaders/Private/DistortAccumulateVS.usf" 2519
"../../../Engine/Shaders/Private/DistanceFieldVisualization.usf" 2520
"../../../Engine/Shaders/Private/DistanceFieldStreaming.usf" 2521
"../../../Engine/Shaders/Private/DistanceFieldShadowing.usf" 2522
"../../../Engine/Shaders/Private/DistanceFieldScreenGridLighting.usf" 2523
"../../../Engine/Shaders/Private/DistanceFieldObjectCulling.usf" 2524
"../../../Engine/Shaders/Private/DistanceFieldLightingPost.usf" 2525
"../../../Engine/Shaders/Private/DitheredTransitionStencil.usf" 2526
"../../../Engine/Shaders/Private/DepthOnlyPixelShader.usf" 2527
"../../../Engine/Shaders/Private/DepthOnlyVertexShader.usf" 2528
"../../../Engine/Shaders/Private/PositionOnlyDepthVertexShader.usf" 2529
"../../../Engine/Shaders/Private/DeferredDecal.usf" 2530
"../../../Engine/Shaders/Private/DecalCommon.ush" 2531
"../../../Engine/Shaders/Private/DebugViewModeVertexShader.usf" 2532
"../../../Engine/Shaders/Private/DebugViewModeCommon.ush" 2533
"../../../Engine/Shaders/Private/DebugViewModePixelShader.usf" 2534
"../../../Engine/Shaders/Private/DebugProbes.usf" 2535
"../../../Engine/Shaders/Private/MeshDecals.usf" 2536
"../../../Engine/Shaders/Private/PostProcessAmbientOcclusion.usf" 2537
"../../../Engine/Shaders/Private/ClusteredDeferredShadingPixelShader.usf" 2538
"../../../Engine/Shaders/Private/ClusteredDeferredShadingVertexShader.usf" 2539
"../../../Engine/Shaders/Private/CapsuleShadowShaders.usf" 2540
"../../../Engine/Shaders/Private/BasePassPixelShader.usf" 2541
"../../../Engine/Shaders/Private/ThinTranslucentCommon.ush" 2542
"../../../Engine/Shaders/Private/ForwardLightingCommon.ush" 2543
"../../../Engine/Shaders/Private/Strata/StrataForwardLighting.ush" 2544
"../../../Engine/Shaders/Private/ComputeShaderOutputCommon.ush" 2545
"../../../Engine/Shaders/Private/BasePassVertexShader.usf" 2546
"../../../Engine/Shaders/Private/BasePassVertexCommon.ush" 2547
"../../../Engine/Shaders/Private/AnisotropyPassShader.usf" 2548
"../../../Engine/Shaders/Private/SimpleElementVolumeTexturePreviewPixelShader.usf" 2549
"../../../Engine/Shaders/Private/SimpleElementTexture2DPreviewPixelShader.usf" 2550
"../../../Engine/Shaders/Private/meshpaintdilatepixelshader.usf" 2551
"../../../Engine/Shaders/Private/meshpaintdilatevertexshader.usf" 2552
"../../../Engine/Shaders/Private/MeshPaintPixelShader.usf" 2553
"../../../Engine/Shaders/Private/MeshPaintVertexShader.usf" 2554
"../../../Engine/Shaders/Private/Tools/VisualizeTexture.usf" 2555
"../../../Engine/Shaders/Private/ByteBuffer.usf" 2556
"../../../Engine/Shaders/Private/ResolveVertexShader.usf" 2557
"../../../Engine/Shaders/Private/ResolvePixelShader.usf" 2558
"../../../Engine/Shaders/Private/Tools/SetupIndirectArgs.usf" 2559
"../../../Engine/Shaders/Private/Tools/ClearUAV.usf" 2560
"../../../Engine/Shaders/Private/ClearReplacementShaders.usf" 2561
"../../../Engine/Shaders/Private/Tools/DrawTexture.usf" 2562
"../../../Engine/Shaders/Private/RayTracing/RayTracingValidation.usf" 2563
"../../../Engine/Shaders/Private/RenderGraphUtilities.usf" 2564
"../../../Engine/Shaders/Private/OneColorShader.usf" 2565
"../../../Engine/Shaders/Private/OculusShaders.usf" 2566
"../../../Engine/Shaders/Private/MediaShaders.usf" 2567
"../../../Engine/Shaders/Private/GPUMessaging.usf" 2568
"../../../Engine/Shaders/Private/NullPixelShader.usf" 2569
"../../../Engine/Shaders/Private/ComputeGenerateMips.usf" 2570
"../../../Engine/Shaders/Private/Tools/DumpTexture.usf" 2571
"../../../Engine/Shaders/Private/CopyTextureShaders.usf" 2572
"../../../Engine/Shaders/Private/Tools/FullscreenVertexShader.usf" 2573
"../../../Engine/Shaders/Private/RayTracing/RayTracingDispatchDesc.usf" 2574
"../../../Engine/Shaders/Private/RayTracing/RayTracingBuiltInShaders.usf" 2575
"../../../Engine/Shaders/Private/Bink.usf" 2576
"../../../../../../PG/GFFproject/Intermediate/ShaderAutogen/PCD3D_SM5/AutogenShaderHeaders.ush" 2577
"C:/PG/GFFproject/Content/Arena/Meshes/SkeletalMeshes/SK_PhysicsRope.uasset" 2578
"C:/PG/GFFproject/Content/Arena/Meshes/SkeletalMeshes/SK_FabricFlag04.uasset" 2579
"C:/PG/GFFproject/Content/Arena/Meshes/SkeletalMeshes/SK_FabricFlag01.uasset" 2580
"C:/PG/GFFproject/Content/Arena/Meshes/SkeletalMeshes/SK_FabricFlag02.uasset" 2581
"C:/PG/GFFproject/Content/Arena/Meshes/SkeletalMeshes/SK_FabricFlag03.uasset" 2582
"C:/PG/GFFproject/Content/Characters/Mannequins/Rigs/RTG_Mannequin.uasset" 2583
"C:/PG/GFFproject/Content/Characters/Mannequins/Rigs/IK_Mannequin.uasset" 2584
"C:/PG/GFFproject/Content/Characters/Mannequins/Rigs/CR_Mannequin_Procedural.uasset" 2585
"C:/PG/GFFproject/Content/Characters/Mannequins/Rigs/CR_Mannequin_BasicFootIK.uasset" 2586
"C:/PG/GFFproject/Content/Characters/Mannequins/Rigs/CR_Mannequin_Body.uasset" 2587
"C:/PG/GFFproject/Content/Characters/Mannequin_UE4/Rigs/RTG_UE4Manny_UE5Manny.uasset" 2588
"C:/PG/GFFproject/Content/Characters/Mannequin_UE4/Rigs/IK_UE4_Mannequin.uasset" 2589
"C:/PG/GFFproject/Content/Characters/Mannequin_UE4/Rigs/RTG_UE5Manny_UE4Manny.uasset" 2590
"C:/PG/GFFproject/Content/Stylized_Death/Meshes/SK_Stylized_Death_ClothSim.uasset" 2591
"C:/Program Files/Epic Games/UE_5.1/Engine/Plugins/2D/Paper2D/Content/DummySprite.uasset" 2592
"C:/Program Files/Epic Games/UE_5.1/Engine/Plugins/2D/Paper2D/Content/Tutorial/Paper2D/TutorialAssets/TutorialSprite.uasset" 2593
"C:/Program Files/Epic Games/UE_5.1/Engine/Plugins/2D/Paper2D/Content/Tutorial/Paper2D/TutorialAssets/TutorialFlipBook.uasset" 2594
"C:/Program Files/Epic Games/UE_5.1/Engine/Plugins/Animation/ControlRig/Content/StandardFunctionLibrary/StandardFunctionLibrary.uasset" 2595
"C:/Program Files/Epic Games/UE_5.1/Engine/Plugins/Animation/ControlRigSpline/Content/SplineFunctionLibrary/SplineFunctionLibrary.uasset" 2596
"../../../Engine/Content/EditorResources/S_Actor.uasset" 2597
"C:/Users/kbc12306156/AppData/Local/UnrealEngine/Common/DerivedDataCache/Buckets/BulkDataList/48/49/dc637bb8d8cf29fef75aacaa3bb2287d6083.udd" 2598
"../../../../../../PG/GFFproject/Intermediate/ShaderAutogen/PCD3D_SM6/AutogenShaderHeaders.ush" 2599
"../../../../../../PG/GFFproject/Intermediate/ShaderAutogen/PCD3D_ES3_1/AutogenShaderHeaders.ush" 2600
"../../../Engine/Content/EditorResources/S_BoxReflectionCapture.uasset" 2601
"C:/Users/kbc12306156/AppData/Local/UnrealEngine/Common/DerivedDataCache/Buckets/BulkDataList/d6/63/6d1688bd691666ec06d8cb60103124f42218.udd" 2602
"../../../Engine/Content/EngineResources/DefaultTexture.uasset" 2603
"C:/Users/kbc12306156/AppData/Local/UnrealEngine/Common/DerivedDataCache/Buckets/BulkDataList/8e/45/de0f3b053d74238db988dc358be546d06582.udd" 2604
"../../../Engine/Content/EngineResources/DefaultTextureCube.uasset" 2605
"C:/Users/kbc12306156/AppData/Local/UnrealEngine/Common/DerivedDataCache/Buckets/BulkDataList/27/1a/3e2eef16b2c6631f02f4558fd1dc8ab828bf.udd" 2606
"../../../Engine/Content/EngineResources/DefaultVolumeTexture.uasset" 2607
"../../../Engine/Content/EngineResources/DefaultVolumeTexture2D.uasset" 2608
"C:/Users/kbc12306156/AppData/Local/UnrealEngine/Common/DerivedDataCache/Buckets/BulkDataList/17/ab/3c85a5f2b4d8b37812a7c7b3b1feebd42257.udd" 2609
"C:/Users/kbc12306156/AppData/Local/UnrealEngine/Common/DerivedDataCache/Buckets/BulkDataList/e4/78/058ad1d49401982099952a756971e919e76a.udd" 2610
"../../../Engine/Content/EngineFonts/RobotoDistanceField.uasset" 2611
"C:/Users/kbc12306156/AppData/Local/UnrealEngine/Common/DerivedDataCache/Buckets/BulkDataList/3d/c6/e74188b5dac22c87d4964ec0453546c8e5a9.udd" 2612
"../../../Engine/Content/EngineMaterials/DefaultTextMaterialOpaque.uasset" 2613
"../../../Engine/Content/Functions/Engine_MaterialFunctions01/Shading/PowerToRoughness.uasset" 2614
"../../../Engine/Content/Functions/Engine_MaterialFunctions01/Shading/ConvertFromDiffSpec.uasset" 2615
"../../../Engine/Content/EngineMaterials/WorldGridMaterial.uasset" 2616
"../../../Engine/Content/Functions/Engine_MaterialFunctions01/Opacity/CameraDepthFade.uasset" 2617
"../../../Engine/Content/EngineMaterials/T_Default_Material_Grid_M.uasset" 2618
"../../../Engine/Content/EngineMaterials/T_Default_Material_Grid_N.uasset" 2619
"../../../Engine/Content/EngineMaterials/DefaultDeferredDecalMaterial.uasset" 2620
"../../../Engine/Content/EngineMaterials/DefaultDiffuse.uasset" 2621
"../../../Engine/Content/EngineMaterials/DefaultLightFunctionMaterial.uasset" 2622
"../../../Engine/Content/EngineMaterials/DefaultPostProcessMaterial.uasset" 2623
"../../../Engine/Content/Functions/Engine_MaterialFunctions02/Utility/BreakOutFloat2Components.uasset" 2624
"C:/Users/kbc12306156/AppData/Local/UnrealEngine/Common/DerivedDataCache/Buckets/BulkDataList/bc/56/63b93f41f986a181d3ae9be8cef79e0dfebd.udd" 2625
"C:/Users/kbc12306156/AppData/Local/UnrealEngine/Common/DerivedDataCache/Buckets/BulkDataList/c9/5e/a435ce7ffc149e281c30272c20bf6a6f2d3a.udd" 2626
"C:/Users/kbc12306156/AppData/Local/UnrealEngine/Common/DerivedDataCache/Buckets/BulkDataList/3a/07/474f1add1202ed7a1d54b1969bad1d3d3e5b.udd" 2627
"../../../Engine/Content/EditorResources/S_Trigger.uasset" 2628
"C:/Users/kbc12306156/AppData/Local/UnrealEngine/Common/DerivedDataCache/Buckets/BulkDataList/e2/ff/e82a1d5466e6e91d6cca5cfe375fdbea48be.udd" 2629
"../../../Engine/Content/EditorResources/S_TriggerBox.uasset" 2630
"C:/Users/kbc12306156/AppData/Local/UnrealEngine/Common/DerivedDataCache/Buckets/BulkDataList/c7/34/ca1ed51a32d826befe069e4a3f901fc74708.udd" 2631
"../../../Engine/Content/EditorResources/S_TriggerCapsule.uasset" 2632
"../../../Engine/Content/EditorResources/S_TriggerSphere.uasset" 2633
"C:/Users/kbc12306156/AppData/Local/UnrealEngine/Common/DerivedDataCache/Buckets/BulkDataList/6a/46/8eb0aacecdd2a214cd4d2004ebcc144be10a.udd" 2634
"C:/Users/kbc12306156/AppData/Local/UnrealEngine/Common/DerivedDataCache/Buckets/BulkDataList/76/ab/ec700c44dda809b338eaf774a9fcafb9a9bf.udd" 2635
"../../../Engine/Content/EngineDamageTypes/DmgTypeBP_Environmental.uasset" 2636
"../../../Engine/Content/EngineSky/VolumetricClouds/m_SimpleVolumetricCloud_Inst.uasset" 2637
"../../../Engine/Content/EngineSky/VolumetricClouds/m_SimpleVolumetricCloud.uasset" 2638
"../../../Engine/Content/Functions/Engine_MaterialFunctions02/Utility/MakeFloat2.uasset" 2639
"../../../Engine/Content/EngineSky/VolumetricClouds/CloudGradientTexture.uasset" 2640
"../../../Engine/Content/EngineSky/VolumetricClouds/CloudWeatherTexture.uasset" 2641
"../../../Engine/Content/EngineSky/VolumetricClouds/T_VolumeNoiseErosion32.uasset" 2642
"../../../Engine/Content/EngineSky/VolumetricClouds/T_NoiseErosion.uasset" 2643
"../../../Engine/Content/EngineSky/VolumetricClouds/T_VolumeNoiseShape64.uasset" 2644
"../../../Engine/Content/EngineSky/VolumetricClouds/T_NoiseShape64.uasset" 2645
"C:/Users/kbc12306156/AppData/Local/UnrealEngine/Common/DerivedDataCache/Buckets/BulkDataList/6a/63/1f99bdf76923ac75b4f0dea9a0e438453d72.udd" 2646
"C:/Users/kbc12306156/AppData/Local/UnrealEngine/Common/DerivedDataCache/Buckets/BulkDataList/52/ce/6164c473b5c268fe1bf05bfcaa44a9e04311.udd" 2647
"C:/Users/kbc12306156/AppData/Local/UnrealEngine/Common/DerivedDataCache/Buckets/BulkDataList/df/13/7963c8dc218df5f823c32ac925156a8e4b95.udd" 2648
"C:/Users/kbc12306156/AppData/Local/UnrealEngine/Common/DerivedDataCache/Buckets/BulkDataList/de/31/b78797976ff0a38d03108ff1dbb274068c0f.udd" 2649
"C:/Users/kbc12306156/AppData/Local/UnrealEngine/Common/DerivedDataCache/Buckets/BulkDataList/0d/94/61f7a9553988fc041bf12901b3933aa31a0a.udd" 2650
"C:/Users/kbc12306156/AppData/Local/UnrealEngine/Common/DerivedDataCache/Buckets/BulkDataList/c3/16/4aa8d9d4d7b8da77eeac886ffc965de08680.udd" 2651
"../../../Engine/Content/EngineMeshes/Sphere.uasset" 2652
"C:/Users/kbc12306156/AppData/Local/UnrealEngine/Common/DerivedDataCache/Buckets/LegacyNavCollision/94/37/4c3f5535d8f986b34ca221a8b4758dc6b152.udd" 2653
"../../../Engine/Content/EngineResources/WhiteSquareTexture.uasset" 2654
"C:/Users/kbc12306156/AppData/Local/UnrealEngine/Common/DerivedDataCache/Buckets/BulkDataList/b2/40/72304bfeabc09acc76d5311f722d7e610a66.udd" 2655
"../../../Engine/Content/EngineResources/GradientTexture0.uasset" 2656
"C:/Users/kbc12306156/AppData/Local/UnrealEngine/Common/DerivedDataCache/Buckets/BulkDataList/98/ed/2df6948f30965c4725ae2aa95a4353696dd4.udd" 2657
"../../../Engine/Content/EngineResources/Black.uasset" 2658
"C:/Users/kbc12306156/AppData/Local/UnrealEngine/Common/DerivedDataCache/Buckets/BulkDataList/ad/fd/7dc2776f3159bdd15dbec6e2c6ab86332bbc.udd" 2659
"../../../Engine/Content/EditorMaterials/WorldPartition/WorldPartitionSpatialHashGridPreviewMaterial.uasset" 2660
"../../../Engine/Content/Functions/Engine_MaterialFunctions02/Utility/BreakOutFloat3Components.uasset" 2661
"../../../Engine/Content/Functions/Engine_MaterialFunctions02/Utility/MakeFloat3.uasset" 2662
"../../../Engine/Content/Functions/Engine_MaterialFunctions02/Utility/MakeFloat4.uasset" 2663
"../../../Engine/Content/EngineMaterials/Widget3DPassThrough_Translucent.uasset" 2664
"../../../Engine/Content/EngineMaterials/Widget3DPassThrough.uasset" 2665
"../../../Engine/Content/EngineMaterials/Widget3DPassThrough_Translucent_OneSided.uasset" 2666
"../../../Engine/Content/EngineMaterials/Widget3DPassThrough_Opaque.uasset" 2667
"../../../Engine/Content/EngineMaterials/Widget3DPassThrough_Opaque_OneSided.uasset" 2668
"../../../Engine/Content/EngineMaterials/Widget3DPassThrough_Masked.uasset" 2669
"../../../Engine/Content/EngineMaterials/Widget3DPassThrough_Masked_OneSided.uasset" 2670
"../../../Engine/Content/VREditor/TransformGizmo/PlaneTranslationHandle.uasset" 2671
"../../../Engine/Content/VREditor/TransformGizmo/TransformGizmoMaterial.uasset" 2672
"../../../Engine/Content/VREditor/LaserPointer/VR_LaserPower_01.uasset" 2673
"../../../Engine/Content/VREditor/TransformGizmo/TranslucentTransformGizmoMaterial.uasset" 2674
"C:/Users/kbc12306156/AppData/Local/UnrealEngine/Common/DerivedDataCache/Buckets/BulkDataList/d6/0f/180c20381ea3b04e5f380fa3776e15509ae9.udd" 2675
"../../../Engine/Content/VREditor/TransformGizmo/BoundingBoxCorner.uasset" 2676
"../../../Engine/Content/VREditor/TransformGizmo/BoundingBoxEdge.uasset" 2677
"../../../Engine/Content/VREditor/TransformGizmo/SM_Sequencer_Node.uasset" 2678
"../../../Engine/Content/VREditor/TransformGizmo/Main.uasset" 2679
"../../../Engine/Content/VREditor/TransformGizmo/Xray.uasset" 2680
"../../../Engine/Content/EditorMeshes/Camera/SM_CraneRig_Base.uasset" 2681
"../../../Engine/Content/EditorMaterials/Camera/MI_CineMat_Rig.uasset" 2682
"../../../Engine/Content/EditorMaterials/Camera/CineMat.uasset" 2683
"../../../Engine/Content/EditorMeshes/Camera/SM_CraneRig_Arm.uasset" 2684
"../../../Engine/Content/EditorMeshes/Camera/SM_CraneRig_Mount.uasset" 2685
"../../../Engine/Content/EditorMeshes/Camera/SM_CraneRig_Body.uasset" 2686
"../../../Engine/Content/EditorMeshes/Camera/SM_RailRig_Track.uasset" 2687
"../../../Engine/Content/EditorMeshes/Camera/SM_RailRig_Mount.uasset" 2688
"../../../Engine/Content/ArtTools/RenderToTexture/Meshes/S_1_Unit_Plane.uasset" 2689
"../../../Engine/Content/EngineDebugMaterials/M_SimpleUnlitTranslucent.uasset" 2690
"../../../Engine/Content/EngineFonts/Roboto.uasset" 2691
"../../../Engine/Content/EngineFonts/Faces/DroidSansFallback.uasset" 2692
"../../../Engine/Content/EngineFonts/Faces/RobotoBold.uasset" 2693
"../../../Engine/Content/EngineFonts/Faces/RobotoBoldItalic.uasset" 2694
"../../../Engine/Content/EngineFonts/Faces/RobotoItalic.uasset" 2695
"../../../Engine/Content/EngineFonts/Faces/RobotoLight.uasset" 2696
"../../../Engine/Content/EngineFonts/Faces/RobotoRegular.uasset" 2697
"../../../Engine/Content/EditorMaterials/ParticleSystems/PSysThumbnail_NoImage.uasset" 2698
"C:/Users/kbc12306156/AppData/Local/UnrealEngine/Common/DerivedDataCache/Buckets/BulkDataList/34/0d/d3cfa9b59d7466ad0ba21a366ce860b0a378.udd" 2699
"../../../Engine/Content/EditorMaterials/ParticleSystems/PSysThumbnail_OOD.uasset" 2700
"C:/Users/kbc12306156/AppData/Local/UnrealEngine/Common/DerivedDataCache/Buckets/BulkDataList/28/00/37db086028fc114bdb6b0d4e22eab4777b5e.udd" 2701
"../../../Engine/Content/EditorLandscapeResources/SplineEditorMesh.uasset" 2702
"../../../Engine/Content/EditorLandscapeResources/SplineEditorMeshMat.uasset" 2703
"../../../Engine/Content/EditorLandscapeResources/DataLayer.uasset" 2704
"../../../Engine/Content/EditorResources/S_Solver.uasset" 2705
"C:/Users/kbc12306156/AppData/Local/UnrealEngine/Common/DerivedDataCache/Buckets/BulkDataList/cb/23/0ed96df6ee64b129e4c1bad483cf8542c912.udd" 2706
"../../../Engine/Content/EngineDebugMaterials/VolumeToRender.uasset" 2707
"C:/Users/kbc12306156/AppData/Local/UnrealEngine/Common/DerivedDataCache/Buckets/BulkDataList/ed/f4/9ce07c358dfc2f9a4fe47543300011c51d59.udd" 2708
"../../../Engine/Content/EngineDebugMaterials/M_VolumeRenderSphereTracePP.uasset" 2709
"../../../Engine/Content/Functions/Engine_MaterialFunctions02/Utility/CameraDirectionVector.uasset" 2710
"../../Plugins/Runtime/HairStrands/Content/Materials/HairDebugMaterial.uasset" 2711
"../../../Engine/Content/EngineMaterials/HairColorMap.uasset" 2712
"../../../Engine/Content/EngineMaterials/HairDebugColor.uasset" 2713
"../../Plugins/Runtime/HairStrands/Content/Materials/HairGroupColors.uasset" 2714
"C:/Users/kbc12306156/AppData/Local/UnrealEngine/Common/DerivedDataCache/Buckets/BulkDataList/d3/53/d094fd68cfdd2545d65064a8b0aa1cc391bf.udd" 2715
"C:/Users/kbc12306156/AppData/Local/UnrealEngine/Common/DerivedDataCache/Buckets/BulkDataList/ac/cf/28c7b6df038de87476cd53a3f1566ed8eb5e.udd" 2716
"C:/Users/kbc12306156/AppData/Local/UnrealEngine/Common/DerivedDataCache/Buckets/BulkDataList/39/83/195cd491a04b6d6c5b2d6c3a77854d56c9a1.udd" 2717
"../../Plugins/Runtime/HairStrands/Content/Materials/HairDefaultMaterial.uasset" 2718
"../../Plugins/Runtime/HairStrands/Content/Materials/HairCardsDefaultMaterial.uasset" 2719
"../../Plugins/Runtime/HairStrands/Content/Materials/HairMeshesDefaultMaterial.uasset" 2720
"../../../Engine/Content/Internationalization/icudt64l/coll/ucadata.icu" 2721
"../../../Engine/Content/Internationalization/icudt64l/coll/ja.res" 2722
"../../../Engine/Content/Internationalization/icudt64l/coll/root.res" 2723
"../../../Engine/Content/Animation/DefaultAnimBoneCompressionSettings.uasset" 2724
"../../../Engine/Content/Animation/DefaultRecorderBoneCompression.uasset" 2725
"../../../Engine/Content/Animation/DefaultAnimCurveCompressionSettings.uasset" 2726
"../../Plugins/Animation/ControlRig/Content/Controls/ControlRigXRayMaterial.uasset" 2727
"../../Plugins/Animation/ControlRig/Content/Controls/DefaultGizmoLibraryNormalized.uasset" 2728
"../../Plugins/Animation/ControlRig/Content/M_Manip.uasset" 2729
"../../../Engine/Content/Functions/Engine_MaterialFunctions02/WorldPositionOffset/CameraOffset.uasset" 2730
"../../Plugins/2D/Paper2D/Content/MaskedUnlitSpriteMaterial.uasset" 2731
"../../Plugins/2D/Paper2D/Content/DefaultSpriteMaterial.uasset" 2732
"../../Plugins/2D/Paper2D/Content/PlaceholderTextures/DummySpriteTexture.uasset" 2733
"C:/Users/kbc12306156/AppData/Local/UnrealEngine/Common/DerivedDataCache/Buckets/BulkDataList/32/38/78753e9fd0ae87be8a521c66257e7a3844f6.udd" 2734
"../../Plugins/2D/Paper2D/Content/OpaqueUnlitSpriteMaterial.uasset" 2735
"../../Plugins/2D/Paper2D/Content/DefaultPaperTerrainMaterial.uasset" 2736
"../../Plugins/2D/Paper2D/Content/DummySprite.uasset" 2737
"../../Plugins/Media/MediaPlate/Content/SM_MediaPlateScreen.uasset" 2738
"C:/Program Files/Epic Games/UE_5.1/Engine/Binaries/ThirdParty/USD/UsdResources/Win64/plugins/plugInfo.json" 2739
"C:/Program Files/Epic Games/UE_5.1/Engine/Binaries/ThirdParty/USD/UsdResources/Win64/plugins/usd/resources/plugInfo.json" 2740
"C:/Program Files/Epic Games/UE_5.1/Engine/Binaries/ThirdParty/USD/UsdResources/Win64/plugins/usdHydra/resources/plugInfo.json" 2741
"C:/Program Files/Epic Games/UE_5.1/Engine/Binaries/ThirdParty/USD/UsdResources/Win64/plugins/ar/resources/plugInfo.json" 2742
"C:/Program Files/Epic Games/UE_5.1/Engine/Binaries/ThirdParty/USD/UsdResources/Win64/plugins/ndr/resources/plugInfo.json" 2743
"C:/Program Files/Epic Games/UE_5.1/Engine/Binaries/ThirdParty/USD/UsdResources/Win64/plugins/usdRi/resources/plugInfo.json" 2744
"C:/Program Files/Epic Games/UE_5.1/Engine/Binaries/ThirdParty/USD/UsdResources/Win64/plugins/usdSkel/resources/plugInfo.json" 2745
"C:/Program Files/Epic Games/UE_5.1/Engine/Binaries/ThirdParty/USD/UsdResources/Win64/plugins/usdAbc/resources/plugInfo.json" 2746
"C:/Program Files/Epic Games/UE_5.1/Engine/Binaries/ThirdParty/USD/UsdResources/Win64/plugins/usdGeom/resources/plugInfo.json" 2747
"C:/Program Files/Epic Games/UE_5.1/Engine/Binaries/ThirdParty/USD/UsdResources/Win64/plugins/sdf/resources/plugInfo.json" 2748
"C:/Program Files/Epic Games/UE_5.1/Engine/Binaries/ThirdParty/USD/UsdResources/Win64/plugins/unreal/resources/plugInfo.json" 2749
"C:/Program Files/Epic Games/UE_5.1/Engine/Binaries/ThirdParty/USD/UsdResources/Win64/plugins/usdShade/resources/plugInfo.json" 2750
"C:/Program Files/Epic Games/UE_5.1/Engine/Binaries/ThirdParty/USD/UsdResources/Win64/plugins/usdLux/resources/plugInfo.json" 2751
"C:/Program Files/Epic Games/UE_5.1/Engine/Binaries/ThirdParty/USD/UsdResources/Win64/plugins/usdVol/resources/plugInfo.json" 2752
"C:/Program Files/Epic Games/UE_5.1/Engine/Binaries/ThirdParty/USD/UsdResources/Win64/plugins/usdProc/resources/plugInfo.json" 2753
"C:/Program Files/Epic Games/UE_5.1/Engine/Binaries/ThirdParty/USD/UsdResources/Win64/plugins/usdRender/resources/plugInfo.json" 2754
"C:/Program Files/Epic Games/UE_5.1/Engine/Binaries/ThirdParty/USD/UsdResources/Win64/plugins/usdPhysics/resources/plugInfo.json" 2755
"C:/Program Files/Epic Games/UE_5.1/Engine/Binaries/ThirdParty/USD/UsdResources/Win64/plugins/usdMtlx/resources/plugInfo.json" 2756
"C:/Program Files/Epic Games/UE_5.1/Engine/Binaries/ThirdParty/USD/UsdResources/Win64/plugins/usdMedia/resources/plugInfo.json" 2757
"C:/Program Files/Epic Games/UE_5.1/Engine/Binaries/ThirdParty/USD/UsdResources/Win64/plugins/usdUI/resources/plugInfo.json" 2758
"C:/Program Files/Epic Games/UE_5.1/Engine/Binaries/ThirdParty/USD/UsdResources/Win64/plugins/usd/resources/codegenTemplates/plugInfo.json" 2759
"../../Plugins/Editor/SpeedTreeImporter/Content/SpeedTree9/SpeedTreeMaster.uasset" 2760
"../../../Engine/Content/Functions/Engine_MaterialFunctions02/ObjectLocalBounds.uasset" 2761
"../../../Engine/Content/Functions/Engine_MaterialFunctions02/SafeNormalize.uasset" 2762
"../../../Engine/Content/Functions/Engine_MaterialFunctions02/Utility/VectorLength.uasset" 2763
"../../../Engine/Content/Functions/Engine_MaterialFunctions02/UVs/BoundingBoxBased_0-1_UVW.uasset" 2764
"../../../Engine/Content/Functions/Engine_MaterialFunctions02/WorldPositionOffset/ObjectScale.uasset" 2765
"../../Plugins/Editor/SpeedTreeImporter/Content/SpeedTree9/SpeedTreeBranchMotion.uasset" 2766
"../../Plugins/Editor/SpeedTreeImporter/Content/SpeedTree9/SpeedTreeWindMotion.uasset" 2767
"../../Plugins/Editor/SpeedTreeImporter/Content/SpeedTree9/game_wind_noise.uasset" 2768
"../../Plugins/Editor/SpeedTreeImporter/Content/SpeedTree9/UnpackDirection.uasset" 2769
"../../Plugins/Editor/SpeedTreeImporter/Content/SpeedTree9/UnpackInteger3.uasset" 2770
"../../Plugins/Editor/SpeedTreeImporter/Content/SpeedTree9/SpeedTreeCameraFacing.uasset" 2771
"../../Plugins/Editor/SpeedTreeImporter/Content/SpeedTree9/SpeedTreeWind.uasset" 2772
"../../Plugins/Editor/SpeedTreeImporter/Content/SpeedTree9/Empty.uasset" 2773
"../../Plugins/Editor/SpeedTreeImporter/Content/SpeedTree9/EmptyNormal.uasset" 2774
"C:/Users/kbc12306156/AppData/Local/UnrealEngine/Common/DerivedDataCache/Buckets/BulkDataList/a0/e9/38e700e8550cfa0c38664b11d4d89cb4ea2a.udd" 2775
"C:/Users/kbc12306156/AppData/Local/UnrealEngine/Common/DerivedDataCache/Buckets/BulkDataList/ce/08/8ad2363f8ba533ce61b2b578f66270702292.udd" 2776
"C:/Users/kbc12306156/AppData/Local/UnrealEngine/Common/DerivedDataCache/Buckets/BulkDataList/ec/6a/88e3f66ee069065ecb52b7e580edfdeaff92.udd" 2777
"../../Plugins/Editor/SpeedTreeImporter/Content/SpeedTree9/SpeedTreeBillboardMaster.uasset" 2778
"../../Plugins/Editor/SpeedTreeImporter/Content/SpeedTree9/SpeedTreeBillboard.uasset" 2779
"C:/PG/GFFproject/Saved/Config/WindowsEditor/ObjectMixerSerializedData.ini" 2780
"../../../Engine/Content/EngineMaterials/RemoveSurfaceMaterial.uasset" 2781
"../../../Engine/Content/EngineDebugMaterials/DebugMeshMaterial.uasset" 2782
"../../../Engine/Content/EngineMaterials/EmissiveMeshMaterial.uasset" 2783
"../../../Engine/Content/EngineMaterials/DefaultWhiteGrid_Low.uasset" 2784
"C:/Users/kbc12306156/AppData/Local/UnrealEngine/Common/DerivedDataCache/Buckets/BulkDataList/4c/80/9ed11ac4645330b754843a0551addf170abe.udd" 2785
"../../../Engine/Content/EngineMaterials/M_InvalidLightmapSettings.uasset" 2786
"../../../Engine/Content/EngineMaterials/InvalidLightmapSettings.uasset" 2787
"C:/Users/kbc12306156/AppData/Local/UnrealEngine/Common/DerivedDataCache/Buckets/BulkDataList/19/21/a5480435481a21d56357fe14f6924d182efd.udd" 2788
"../../../Engine/Content/EngineMaterials/GizmoMaterial.uasset" 2789
"../../../Engine/Content/EngineMaterials/PhAT_JointLimitMaterial.uasset" 2790
"../../../Engine/Content/EngineMaterials/FlattenMaterial.uasset" 2791
"../../../Engine/Content/EngineMaterials/BaseFlattenDiffuseMap.uasset" 2792
"../../../Engine/Content/EngineMaterials/BaseFlattenEmissiveMap.uasset" 2793
"../../../Engine/Content/EngineMaterials/BaseFlattenGrayscaleMap.uasset" 2794
"../../../Engine/Content/EngineMaterials/BaseFlattenLinearColor.uasset" 2795
"../../../Engine/Content/EngineMaterials/BaseFlattenNormalMap.uasset" 2796
"../../../Engine/Content/Functions/Engine_MaterialFunctions02/PivotPainter2/Black_1x1_EXR_Texture.uasset" 2797
"C:/Users/kbc12306156/AppData/Local/UnrealEngine/Common/DerivedDataCache/Buckets/BulkDataList/d7/db/c00153568ff5380792706453b4a5de477f0b.udd" 2798
"C:/Users/kbc12306156/AppData/Local/UnrealEngine/Common/DerivedDataCache/Buckets/BulkDataList/5b/9d/cd68208f4977db17e8a989c1390f000938f0.udd" 2799
"C:/Users/kbc12306156/AppData/Local/UnrealEngine/Common/DerivedDataCache/Buckets/BulkDataList/c6/2d/ff165ad91006acbdfc6f58b8c491caac8d8a.udd" 2800
"C:/Users/kbc12306156/AppData/Local/UnrealEngine/Common/DerivedDataCache/Buckets/BulkDataList/74/9c/c623cd6594e23f4906d1bea4c883c08a344f.udd" 2801
"C:/Users/kbc12306156/AppData/Local/UnrealEngine/Common/DerivedDataCache/Buckets/BulkDataList/74/eb/df9989b29113e4a0cca34e53f60177c29afa.udd" 2802
"C:/Users/kbc12306156/AppData/Local/UnrealEngine/Common/DerivedDataCache/Buckets/BulkDataList/10/9f/4d2974675340915f0e63483623a97fbf525a.udd" 2803
"../../../Engine/Content/EngineMaterials/FlattenMaterial_VT.uasset" 2804
"../../../Engine/Content/EngineMaterials/BaseFlattenDiffuseMap_VT.uasset" 2805
"../../../Engine/Content/EngineMaterials/BaseFlattenEmissiveMap_VT.uasset" 2806
"../../../Engine/Content/EngineMaterials/BaseFlattenGrayscaleMap_VT.uasset" 2807
"../../../Engine/Content/EngineMaterials/BaseFlattenLinearColor_VT.uasset" 2808
"../../../Engine/Content/EngineMaterials/BaseFlattenNormalMap_VT.uasset" 2809
"../../../Engine/Content/EngineMaterials/Black_1x1_EXR_Texture_VT.uasset" 2810
"C:/Users/kbc12306156/AppData/Local/UnrealEngine/Common/DerivedDataCache/Buckets/BulkDataList/cf/54/e74449b876aad104bca6c0b10d3abb7c421e.udd" 2811
"C:/Users/kbc12306156/AppData/Local/UnrealEngine/Common/DerivedDataCache/Buckets/BulkDataList/50/7f/f4f6f54e6a7c2f67408f733061e2b51a271e.udd" 2812
"C:/Users/kbc12306156/AppData/Local/UnrealEngine/Common/DerivedDataCache/Buckets/BulkDataList/f2/ab/f15619d90604b4f068a067d312a1b8feafb2.udd" 2813
"C:/Users/kbc12306156/AppData/Local/UnrealEngine/Common/DerivedDataCache/Buckets/BulkDataList/33/21/064547650dc7c18d1eaac65aec6699f63a33.udd" 2814
"C:/Users/kbc12306156/AppData/Local/UnrealEngine/Common/DerivedDataCache/Buckets/BulkDataList/c9/b4/54b29029dd75a47e4c4f5c17d9fa1cd9917f.udd" 2815
"C:/Users/kbc12306156/AppData/Local/UnrealEngine/Common/DerivedDataCache/Buckets/BulkDataList/1f/5e/04f2409befc22e8c240182833738d51577f2.udd" 2816
"../../../Engine/Content/EngineMaterials/FlattenMaterial_WS_Normal_VT.uasset" 2817
"../../../Engine/Content/EngineMaterials/Good64x64TilingNoiseHighFreq.uasset" 2818
"C:/Users/kbc12306156/AppData/Local/UnrealEngine/Common/DerivedDataCache/Buckets/BulkDataList/0a/f4/4d2963b40eccf466d40364fecab468c88c03.udd" 2819
"../../../Engine/Content/EngineMaterials/DefaultBokeh.uasset" 2820
"C:/Users/kbc12306156/AppData/Local/UnrealEngine/Common/DerivedDataCache/Buckets/BulkDataList/97/0b/0521864e9253ad8463246cdf42ea6462faed.udd" 2821
"../../../Engine/Content/EngineMaterials/PreintegratedSkinBRDF.uasset" 2822
"C:/Users/kbc12306156/AppData/Local/UnrealEngine/Common/DerivedDataCache/Buckets/BulkDataList/a5/84/95e881281a958fba4c30f14cbaa19d7cbb5d.udd" 2823
"../../../Engine/Content/EngineMaterials/MiniFont.uasset" 2824
"C:/Users/kbc12306156/AppData/Local/UnrealEngine/Common/DerivedDataCache/Buckets/BulkDataList/92/af/44489cd856f06faa403c8f579b595c9d0f60.udd" 2825
"../../../Engine/Content/EngineMaterials/WeightMapPlaceholderTexture.uasset" 2826
"C:/Users/kbc12306156/AppData/Local/UnrealEngine/Common/DerivedDataCache/Buckets/BulkDataList/db/7f/5d0bd400757217a52cca11eab6007992dba8.udd" 2827
"../../../Engine/Content/EngineMaterials/DefaultWhiteGrid.uasset" 2828
"C:/Users/kbc12306156/AppData/Local/UnrealEngine/Common/DerivedDataCache/Buckets/BulkDataList/d1/b5/82361c86758675a4833ff2f5effa446a3d05.udd" 2829
"../../../Engine/Content/EngineMaterials/DefaultPhysicalMaterial.uasset" 2830
"../../../Engine/Content/EngineMaterials/DefaultDestructiblePhysicalMaterial.uasset" 2831
"../../../Engine/Content/EditorLandscapeResources/DefaultAlphaTexture.uasset" 2832
"C:/Users/kbc12306156/AppData/Local/UnrealEngine/Common/DerivedDataCache/Buckets/BulkDataList/8c/ea/b8fe3c8d8e048e9ed4987262db3986e0af4a.udd" 2833
"../../../Engine/Content/EditorResources/S_Terrain.uasset" 2834
"C:/Users/kbc12306156/AppData/Local/UnrealEngine/Common/DerivedDataCache/Buckets/BulkDataList/b8/77/e11534a2e2f97a7363e6429fe728c6d98c98.udd" 2835
"../../../Engine/Content/BasicShapes/Cube.uasset" 2836
"../../../Engine/Content/BasicShapes/Sphere.uasset" 2837
"../../../Engine/Content/EngineMaterials/DefaultMaterial.uasset" 2838
"../../../Engine/Content/BasicShapes/Cylinder.uasset" 2839
"../../../Engine/Content/BasicShapes/Cone.uasset" 2840
"../../../Engine/Content/BasicShapes/Plane.uasset" 2841
"../../Plugins/Runtime/MeshModelingToolset/Content/Materials/M_DynamicMeshComponentVtxColor.uasset" 2842
"../../Plugins/FX/Niagara/Content/ParameterDefinitions/SpriteRenderer.uasset" 2843
"../../Plugins/FX/Niagara/Content/ParameterDefinitions/RibbonRenderer.uasset" 2844
"../../Plugins/FX/Niagara/Content/ParameterDefinitions/MeshRenderer.uasset" 2845
"../../Plugins/FX/Niagara/Content/ParameterDefinitions/LightRenderer.uasset" 2846
"../../Plugins/FX/Niagara/Content/ParameterDefinitions/CoreParameters.uasset" 2847
"../../../Engine/Content/EditorResources/SequenceRecorder/Countdown.uasset" 2848
"C:/Users/kbc12306156/AppData/Local/UnrealEngine/Common/DerivedDataCache/Buckets/BulkDataList/e2/1c/9d0f0089b3d415ef9c5e89d8064bec5ab303.udd" 2849
"../../../Engine/Content/EditorResources/SequenceRecorder/RecordingIndicator.uasset" 2850
"C:/Users/kbc12306156/AppData/Local/UnrealEngine/Common/DerivedDataCache/Buckets/BulkDataList/4d/a2/3afe82d90f79d1e387a8a201637b39b67ff7.udd" 2851
"../../../Engine/Content/EditorMaterials/PhAT_UnselectedMaterial.uasset" 2852
"../../../Engine/Content/EditorMaterials/PhAT_NoCollisionMaterial.uasset" 2853
"C:/PG/GFFproject/Intermediate/ShaderAutogen/PCD3D_SM6/AutogenShaderHeaders.ush" 2854
"C:/Users/kbc12306156/AppData/Local/Temp/UnrealShaderWorkingDir/FA66AC1A4C05481692A976B48CBFA592/4/WorkerOutputOnly.out" 2855
"C:/Users/kbc12306156/AppData/Local/Temp/UnrealShaderWorkingDir/FA66AC1A4C05481692A976B48CBFA592/2/WorkerOutputOnly.out" 2856
"C:/Users/kbc12306156/AppData/Local/Temp/UnrealShaderWorkingDir/FA66AC1A4C05481692A976B48CBFA592/13/WorkerOutputOnly.out" 2857
"C:/Users/kbc12306156/AppData/Local/Temp/UnrealShaderWorkingDir/FA66AC1A4C05481692A976B48CBFA592/1/WorkerOutputOnly.out" 2858
"C:/Users/kbc12306156/AppData/Local/Temp/UnrealShaderWorkingDir/FA66AC1A4C05481692A976B48CBFA592/9/WorkerOutputOnly.out" 2859
"C:/Users/kbc12306156/AppData/Local/Temp/UnrealShaderWorkingDir/FA66AC1A4C05481692A976B48CBFA592/8/WorkerOutputOnly.out" 2860
"C:/Users/kbc12306156/AppData/Local/Temp/UnrealShaderWorkingDir/FA66AC1A4C05481692A976B48CBFA592/12/WorkerOutputOnly.out" 2861
"C:/Users/kbc12306156/AppData/Local/Temp/UnrealShaderWorkingDir/FA66AC1A4C05481692A976B48CBFA592/14/WorkerOutputOnly.out" 2862
"C:/Users/kbc12306156/AppData/Local/Temp/UnrealShaderWorkingDir/FA66AC1A4C05481692A976B48CBFA592/0/WorkerOutputOnly.out" 2863
"C:/Users/kbc12306156/AppData/Local/Temp/UnrealShaderWorkingDir/FA66AC1A4C05481692A976B48CBFA592/6/WorkerOutputOnly.out" 2864
"C:/Users/kbc12306156/AppData/Local/Temp/UnrealShaderWorkingDir/FA66AC1A4C05481692A976B48CBFA592/7/WorkerOutputOnly.out" 2865
"C:/Users/kbc12306156/AppData/Local/Temp/UnrealShaderWorkingDir/FA66AC1A4C05481692A976B48CBFA592/15/WorkerOutputOnly.out" 2866
"C:/Users/kbc12306156/AppData/Local/Temp/UnrealShaderWorkingDir/FA66AC1A4C05481692A976B48CBFA592/16/WorkerOutputOnly.out" 2867
"C:/Users/kbc12306156/AppData/Local/Temp/UnrealShaderWorkingDir/FA66AC1A4C05481692A976B48CBFA592/3/WorkerOutputOnly.out" 2868
"C:/Users/kbc12306156/AppData/Local/Temp/UnrealShaderWorkingDir/FA66AC1A4C05481692A976B48CBFA592/5/WorkerOutputOnly.out" 2869
"C:/Users/kbc12306156/AppData/Local/Temp/UnrealShaderWorkingDir/FA66AC1A4C05481692A976B48CBFA592/11/WorkerOutputOnly.out" 2870
"C:/Users/kbc12306156/AppData/Local/Temp/UnrealShaderWorkingDir/FA66AC1A4C05481692A976B48CBFA592/10/WorkerOutputOnly.out" 2871
"../../../Engine/Content/EngineDebugMaterials/DebugEditorMaterial.uasset" 2872
"../../../Engine/Plugins/Interchange/Runtime/Content/Pipelines/DefaultMaterialPipeline.uasset" 2873
"../../../Engine/Plugins/Interchange/Runtime/Content/Pipelines/DefaultSceneLevelPipeline.uasset" 2874
"../../../Engine/Content/EngineMaterials/STBlueNoise_scalar_128x128x64.uasset" 2875
"../../../Engine/Plugins/Interchange/Runtime/Content/Pipelines/DefaultAssetsPipeline.uasset" 2876
"../../../Engine/Content/EngineSounds/Master.uasset" 2877
"../../../Engine/Plugins/Animation/ControlRig/Content/Controls/ControlRigGizmoMaterial.uasset" 2878
"../../../Engine/Plugins/Interchange/Runtime/Content/Pipelines/DefaultTexturePipeline.uasset" 2879
"../../../Engine/Content/EngineMaterials/DefaultBloomKernel.uasset" 2880
"../../../Engine/Content/EditorResources/BSPVertex.uasset" 2881
"../../../Engine/Content/EngineResources/FilmGrains/Marcie_Grain_v3_128_M2_000.uasset" 2882
"../../../Engine/Plugins/Importers/USDImporter/Content/Materials/ChannelSelector.uasset" 2883
"C:/PG/GFFproject/Content/BP_GameInstance.uasset" 2884
"../../../Engine/Plugins/Interchange/Runtime/Content/Utilities/T_Bayer64_Grayscale_64px.uasset" 2885
"../../../Engine/Content/EngineMaterials/STBlueNoise_vec2_128x128x64.uasset" 2886
"../../../Engine/Plugins/Interchange/Runtime/Content/Pipelines/DefaultSceneAssetsPipeline.uasset" 2887
"../../../Engine/Plugins/Interchange/Runtime/Content/Utilities/New_LUT.uasset" 2888
"../../../Engine/Plugins/Interchange/Runtime/Content/Pipelines/DefaultGraphInspectorPipeline.uasset" 2889
"../../../Engine/Plugins/Interchange/Runtime/Content/Materials/UnlitMaterial.uasset" 2890
"../../../Engine/Plugins/Interchange/Runtime/Content/Materials/MapOrScalarFunction.uasset" 2891
"../../../Engine/Plugins/Interchange/Runtime/Content/Materials/MapOrLinearColorFunction.uasset" 2892
"../../../Engine/Plugins/Interchange/Runtime/Content/Materials/MapOrColorFunction.uasset" 2893
"../../../Engine/Plugins/Interchange/Runtime/Content/gltf/MaterialFunctions/MF_RotateV2.uasset" 2894
"../../../Engine/Plugins/Interchange/Runtime/Content/gltf/MaterialFunctions/MF_IOR.uasset" 2895
"../../../Engine/Plugins/Interchange/Runtime/Content/gltf/MaterialFunctions/MF_Fresnel_DS.uasset" 2896
"../../../Engine/Plugins/Interchange/Runtime/Content/gltf/Textures/T_White_srgb.uasset" 2897
"../../../Engine/Plugins/Interchange/Runtime/Content/gltf/Textures/T_White_Linear.uasset" 2898
"C:/Users/kbc12306156/AppData/Local/UnrealEngine/Common/DerivedDataCache/Buckets/BulkDataList/80/4f/6354ccf56711b2fd1da3a29b79fbb319c17d.udd" 2899
"../../../Engine/Plugins/Interchange/Runtime/Content/gltf/Textures/T_Gray_Linear.uasset" 2900
"C:/Users/kbc12306156/AppData/Local/UnrealEngine/Common/DerivedDataCache/Buckets/BulkDataList/07/42/38b8f7cb7c408e2628662e60c747586c8eac.udd" 2901
"../../../Engine/Plugins/Interchange/Runtime/Content/gltf/Textures/T_Generic_N.uasset" 2902
"C:/Users/kbc12306156/AppData/Local/UnrealEngine/Common/DerivedDataCache/Buckets/LegacyTEXTURE/bc/2b/bc5181d7329fd4f3454db019334f1ee623aa.udd" 2903
"../../../Engine/Plugins/Interchange/Runtime/Content/gltf/Textures/T_Black_srgb.uasset" 2904
"../../../Engine/Plugins/Interchange/Runtime/Content/Functions/MF_SchlickApprox.uasset" 2905
"../../../Engine/Plugins/Interchange/Runtime/Content/Functions/MF_OrenNayerView.uasset" 2906
"../../../Engine/Content/EngineMaterials/DefaultCalibrationGrayscale.uasset" 2907
"../../../Engine/Content/EngineMaterials/DefaultCalibrationColor.uasset" 2908
"../../../Engine/Content/MobileResources/HUD/VirtualJoystick_Background.uasset" 2909
"../../../Engine/Content/MobileResources/HUD/VirtualJoystick_Thumb.uasset" 2910
"../../../Engine/Content/EngineSounds/Submixes/MasterEQEffectPreset.uasset" 2911
"../../../Engine/Content/EngineSounds/Submixes/MasterReverbEffectPreset.uasset" 2912
"../../../Engine/Content/EditorMaterials/PreviewShadowIndicator.uasset" 2913
"../../../Engine/Content/Maps/Entry_BuiltData.uasset" 2914
"../../../Engine/Content/Functions/Engine_MaterialFunctions02/Math/InverseTransformMatrix.uasset" 2915
"../../../Engine/Content/Functions/Engine_MaterialFunctions01/ImageAdjustment/sRGBToLinear.uasset" 2916
"../../../Engine/Plugins/Importers/USDImporter/Content/Textures/DefaultColorVT.uasset" 2917
"../../../Engine/Plugins/Importers/USDImporter/Content/Textures/DefaultLinearColorVT.uasset" 2918
"../../../Engine/Content/ArtTools/RenderToTexture/Textures/127grey.uasset" 2919
"../../../Engine/Content/EditorLandscapeResources/WhiteSquareTexture.uasset" 2920
"../../../Engine/Content/EngineMaterials/DefaultNormal.uasset" 2921
"../../../Engine/Content/EngineMaterials/FlatNormal.uasset" 2922
"../../../Engine/Content/Functions/Engine_MaterialFunctions02/Math/AddComponents.uasset" 2923
"../../../Engine/Content/Functions/Engine_MaterialFunctions02/Texturing/CustomRotator.uasset" 2924
"../../../Engine/Content/Functions/Engine_MaterialFunctions02/Texturing/ScreenAlignedPixelToPixelUVs.uasset" 2925
"../../../Engine/Content/Functions/Engine_MaterialFunctions01/Texturing/FlattenNormal.uasset" 2926
"../../../Engine/Content/Functions/Engine_MaterialFunctions01/Shading/FuzzyShading.uasset" 2927
"../../../Engine/Content/Functions/Engine_MaterialFunctions03/Math/RemapValueRange.uasset" 2928
"C:/Users/kbc12306156/AppData/Local/UnrealEngine/Common/DerivedDataCache/Buckets/BulkDataList/f0/3e/f1253303d6b7cc02eaf2b9b822af95125219.udd" 2929
"C:/PG/GFFproject/Content/BGM-SE/???.uasset" 2930
"C:/PG/GFFproject/Content/UI/Loading.uasset" 2931
"C:/PG/GFFproject/Content/BGM-SE/???????.uasset" 2932
"../../../Engine/Content/BasicShapes/BasicShapeMaterial.uasset" 2933
"../../../Engine/Content/EngineSky/M_SimpleSkyDome.uasset" 2934
"../../Plugins/Importers/USDImporter/Content/Textures/DefaultLinearColorVT.uasset" 2935
"C:/PG/GFFproject/Content/Arena/Materials/NurikabeMaterial.uasset" 2936
"C:/PG/GFFproject/Content/BGM-SE/????BGM2.uasset" 2937
"C:/PG/GFFproject/Content/BGM-SE/AS_1508588_???????????????BGM.uasset" 2938
"C:/PG/GFFproject/Content/BGM-SE/EnemyBos22BGM.uasset" 2939
"C:/Users/kbc12306156/AppData/Local/UnrealEngine/Common/DerivedDataCache/Buckets/BulkDataList/40/cd/23cf457f3f612e1f43c3b4edeca6b5d046dd.udd" 2940
"C:/PG/GFFproject/Content/BGM-SE/BosEnemy33BGM.uasset" 2941
"C:/PG/GFFproject/Content/Map/TutorialMap_BuiltData.uasset" 2942
"C:/PG/GFFproject/Content/BGM-SE/AS_1510460_?????2?????????BGM.uasset" 2943
"C:/PG/GFFproject/Content/BGM-SE/AS_1510462_?????1?????????BGM.uasset" 2944
"../../../Engine/Content/EditorBlueprintResources/StandardMacros.uasset" 2945
"C:/PG/GFFproject/Content/BGM-SE/???????SE.uasset" 2946
"C:/PG/GFFproject/Content/MovieBluprint/CameraBlueprint.uasset" 2947
"C:/Users/kbc12306156/AppData/Local/UnrealEngine/Common/DerivedDataCache/Buckets/BulkDataList/73/9e/653f553c4ac3e7e49c8324e4953a1e59673d.udd" 2948
"C:/PG/GFFproject/Content/BGM-SE/???SE.uasset" 2949
"C:/PG/GFFproject/Content/Arena/Maps/Demonstration_BuiltData.uasset" 2950
"C:/Users/kbc12306156/AppData/Local/UnrealEngine/Common/DerivedDataCache/Buckets/BulkDataList/11/d2/d4a867ad25bf5f88e6177d64f9aa66afc62f.udd" 2951
"C:/PG/GFFproject/Content/Arena/Textures/T_DirtMask_BC.uasset" 2952
"C:/PG/GFFproject/Content/BGM-SE/??????????.uasset" 2953
"C:/PG/GFFproject/Content/BGM-SE/?????.uasset" 2954
"C:/Users/kbc12306156/AppData/Local/UnrealEngine/Common/DerivedDataCache/Buckets/LegacySTREAMEDAUDIO/ff/10/6eb3855f6d0294fc36b06c816ec04142d3a2.udd" 2955
"C:/Users/kbc12306156/AppData/Local/UnrealEngine/Common/DerivedDataCache/Buckets/LegacyAudio/d4/c1/68bc47faa80c860fee70a1c98ce2bdb58c6d.udd" 2956
"C:/Users/kbc12306156/AppData/Local/UnrealEngine/Common/DerivedDataCache/Buckets/LegacySTREAMEDAUDIO/6d/cd/5bb40eca31afc701cd8afa73646d3967ae2b.udd" 2957
"C:/Users/kbc12306156/AppData/Local/UnrealEngine/Common/DerivedDataCache/Buckets/LegacySTREAMEDAUDIO/98/08/a18770b1e9ebf5e83f5062c9ab4e193447a4.udd" 2958
"C:/Users/kbc12306156/AppData/Local/UnrealEngine/Common/DerivedDataCache/Buckets/LegacyAudio/29/a6/d0ef376cb3f548e1f36f7df722dc9db26de2.udd" 2959
"C:/Users/kbc12306156/AppData/Local/UnrealEngine/Common/DerivedDataCache/Content/a1/55/00ae1358f7f726da850e5870ef62c634776f.udd" 2960
"C:/Users/kbc12306156/AppData/Local/UnrealEngine/Common/DerivedDataCache/Buckets/LegacySTREAMEDAUDIO/97/7d/3765a2fef8d10f0f9eb418ab13b8f61e3599.udd" 2961
"C:/Users/kbc12306156/AppData/Local/UnrealEngine/Common/DerivedDataCache/Buckets/LegacySTREAMEDAUDIO/f1/36/cff8430fb3565929ce169fc73660e33506da.udd" 2962
"C:/Users/kbc12306156/AppData/Local/UnrealEngine/Common/DerivedDataCache/Buckets/LegacySTREAMEDAUDIO/ae/fd/4a92a2b5a4259add5755300ae3ba4afd1fe5.udd" 2963
"C:/Users/kbc12306156/AppData/Local/UnrealEngine/Common/DerivedDataCache/Buckets/LegacySTREAMEDAUDIO/cc/5f/29d195ea967031a33ccdce8670efcbdf05f3.udd" 2964
"C:/Users/kbc12306156/AppData/Local/UnrealEngine/Common/DerivedDataCache/Buckets/LegacySTREAMEDAUDIO/93/e4/27f64357152dbbb14b7a75f7f1de2e90c81a.udd" 2965
"C:/Users/kbc12306156/AppData/Local/UnrealEngine/Common/DerivedDataCache/Buckets/LegacySTREAMEDAUDIO/bd/1f/d9993bf5cbb93e71e46942ec05de1849b847.udd" 2966
"C:/Users/kbc12306156/AppData/Local/UnrealEngine/Common/DerivedDataCache/Buckets/LegacySTREAMEDAUDIO/2e/0c/63ee885a27a973c98be76cf64d7a23b2a642.udd" 2967
"C:/Users/kbc12306156/AppData/Local/UnrealEngine/Common/DerivedDataCache/Buckets/LegacySTREAMEDAUDIO/2e/e5/23ba77681ad022835bffb1c7c8b5f3ffae29.udd" 2968
"C:/Users/kbc12306156/AppData/Local/UnrealEngine/Common/DerivedDataCache/Buckets/LegacySTREAMEDAUDIO/68/73/2630d1caaa1f452f99d96a6ce5b87c2aae5d.udd" 2969
"C:/Users/kbc12306156/AppData/Local/UnrealEngine/Common/DerivedDataCache/Buckets/LegacySTREAMEDAUDIO/b1/5c/a3e47a20c0180651d94ed19758003e1d69df.udd" 2970
"C:/Users/kbc12306156/AppData/Local/UnrealEngine/Common/DerivedDataCache/Buckets/LegacySTREAMEDAUDIO/02/0d/cbab4f9e23b91167e4348424c0ea0f77d88b.udd" 2971
"C:/Users/kbc12306156/AppData/Local/UnrealEngine/Common/DerivedDataCache/Buckets/LegacySTREAMEDAUDIO/10/70/1fef44e48a53e620ad1a5767d3a938f366fb.udd" 2972
"C:/PG/GFFproject/Content/BGM-SE/?????????2.uasset" 2973
"C:/PG/GFFproject/Content/ThirdPerson/Input/Actions/IA_Charge.uasset" 2974
"C:/Users/kbc12306156/AppData/Local/UnrealEngine/Common/DerivedDataCache/Buckets/BulkDataList/b7/06/086dac9adb923560b0e7b4a4bdee4f38831b.udd" 2975
"C:/Users/kbc12306156/AppData/Local/UnrealEngine/Common/DerivedDataCache/Buckets/BulkDataList/32/7e/940fe32058c93dc69ea1f2c29701b4ea2b36.udd" 2976
"C:/PG/GFFproject/Content/ThirdPerson/Input/Actions/IA_Jump.uasset" 2977
"C:/Users/kbc12306156/AppData/Local/UnrealEngine/Common/DerivedDataCache/Buckets/BulkDataList/f3/3b/004e7edf165272ba3b86b48fc18661e7015b.udd" 2978
"C:/PG/GFFproject/Content/ThirdPerson/Input/Actions/IA_Look.uasset" 2979
"C:/Users/kbc12306156/AppData/Local/UnrealEngine/Common/DerivedDataCache/Buckets/BulkDataList/d1/80/78dc1c435fe0497c3bcf7ce25e2d67f2a525.udd" 2980
"C:/PG/GFFproject/Content/ThirdPerson/Input/Actions/IA_Move.uasset" 2981
"C:/Users/kbc12306156/AppData/Local/UnrealEngine/Common/DerivedDataCache/Buckets/BulkDataList/07/76/d34baff1ca35691398c78db9f0e2a2f06218.udd" 2982
"C:/PG/GFFproject/Content/BGM-SE/AS_788646_?????.uasset" 2983
"C:/Users/kbc12306156/AppData/Local/UnrealEngine/Common/DerivedDataCache/Buckets/BulkDataList/af/78/1a5ff4a019b29abdb1d29333f51b870e6602.udd" 2984
"C:/PG/GFFproject/Content/UI/WBP_WarpTimer.uasset" 2985
"C:/Users/kbc12306156/AppData/Local/UnrealEngine/Common/DerivedDataCache/Buckets/BulkDataList/1f/e1/8ea61fc4b4739680c1c9cebb915534765af7.udd" 2986
"C:/PG/GFFproject/Content/Arena/Textures/T_BrickWall02_BC.uasset" 2987
"C:/Users/kbc12306156/AppData/Local/UnrealEngine/Common/DerivedDataCache/Buckets/LegacyTEXTURE/be/95/96125d1cdc16b43cea038820a9952ec48b10.udd" 2988
"C:/Users/kbc12306156/AppData/Local/UnrealEngine/Common/DerivedDataCache/Buckets/LegacyTEXTURE/58/3c/63fc6afdf004d2a9a9b048e42740df5bb705.udd" 2989
"C:/Users/kbc12306156/AppData/Local/UnrealEngine/Common/DerivedDataCache/Buckets/LegacyTEXTURE/22/69/f5ee4cc01b128c62690024acf14895c5bc39.udd" 2990
"C:/Users/kbc12306156/AppData/Local/UnrealEngine/Common/DerivedDataCache/Buckets/LegacyTEXTURE/27/44/8751a90903d6790a23bc5e3123b30c3aefed.udd" 2991
"C:/PG/GFFproject/Content/Arena/Textures/T_BrickWall02_N.uasset" 2992
"C:/Users/kbc12306156/AppData/Local/UnrealEngine/Common/DerivedDataCache/Buckets/BulkDataList/45/01/f7c13a689c3d59315ffd640399e2c9ba472c.udd" 2993
"C:/PG/GFFproject/Content/Arena/Textures/T_BrickWall02_ORM.uasset" 2994
"C:/PG/GFFproject/Content/Arena/Textures/T_Ground01_BC.uasset" 2995
"C:/Users/kbc12306156/AppData/Local/UnrealEngine/Common/DerivedDataCache/Buckets/BulkDataList/d6/e9/58dfb80c42c3605642e27271a9414421d0f4.udd" 2996
"C:/PG/GFFproject/Content/Arena/Textures/T_Ground01_N.uasset" 2997
"C:/Users/kbc12306156/AppData/Local/UnrealEngine/Common/DerivedDataCache/Buckets/BulkDataList/62/58/a79cb23ce3355556eebe8565eaa124aa75a5.udd" 2998
"C:/PG/GFFproject/Content/Arena/Textures/T_Ground01_ORM.uasset" 2999
"C:/Users/kbc12306156/AppData/Local/UnrealEngine/Common/DerivedDataCache/Buckets/BulkDataList/1a/1e/e175aed95ab8454646709d60897572f31415.udd" 3000
"C:/PG/GFFproject/Content/EnemyBos/Enemy_Attack/MagicFireCircle.uasset" 3001
"C:/Users/kbc12306156/AppData/Local/UnrealEngine/Common/DerivedDataCache/Buckets/BulkDataList/13/8e/c46f9682a11c0e3a10d6955c3fc928ab7133.udd" 3002
"../../../Engine/Content/Functions/Engine_MaterialFunctions01/Density/ExponentialDensity.uasset" 3003
"C:/Users/kbc12306156/AppData/Local/UnrealEngine/Common/DerivedDataCache/Buckets/BulkDataList/49/f3/a6384a76f28de6df0a32bdf8ad56c52adffd.udd" 3004
"C:/PG/GFFproject/Content/MegaMagicVFXBundle/VFX/MagicalExplosionsVFX/Essentials/Materials/MF_MotionMaterial.uasset" 3005
"C:/Users/kbc12306156/AppData/Local/UnrealEngine/Common/DerivedDataCache/Buckets/BulkDataList/8b/6b/e3dc30c0bd1f790743bd254fb6312abf2187.udd" 3006
"C:/Users/kbc12306156/AppData/Local/UnrealEngine/Common/DerivedDataCache/Buckets/LegacyAudio/b2/42/f9a9090e7c3f5351771b9e777639dcb5a73b.udd" 3007
"C:/Users/kbc12306156/AppData/Local/UnrealEngine/Common/DerivedDataCache/Buckets/LegacySTREAMEDAUDIO/90/79/9975eac03a4a593a0950ebd5e0388f41aebd.udd" 3008
"C:/Users/kbc12306156/AppData/Local/UnrealEngine/Common/DerivedDataCache/Buckets/LegacySTREAMEDAUDIO/13/e9/ebf7df199291bda12cc32f275b43660154c9.udd" 3009
"C:/Users/kbc12306156/AppData/Local/UnrealEngine/Common/DerivedDataCache/Buckets/LegacyAudio/3b/34/d423b18f8859eba7b18581a17fcadeaeb312.udd" 3010
"C:/Users/kbc12306156/AppData/Local/UnrealEngine/Common/DerivedDataCache/Buckets/LegacyAudio/46/98/797741bedbe505b1b72d3cfdc360f51d6637.udd" 3011
"C:/Users/kbc12306156/AppData/Local/UnrealEngine/Common/DerivedDataCache/Buckets/LegacyAudio/e9/97/aedb0021c288469faf2fa4e42d062ece4e57.udd" 3012
"C:/Users/kbc12306156/AppData/Local/UnrealEngine/Common/DerivedDataCache/Content/fc/d2/0515ce7f84bc6d010b2f8100b9bce733c3c0.udd" 3013
"C:/Users/kbc12306156/AppData/Local/UnrealEngine/Common/DerivedDataCache/Buckets/LegacySTREAMEDAUDIO/34/55/c5c63f9380a8741dc23cce281a133be15c00.udd" 3014
"C:/Users/kbc12306156/AppData/Local/UnrealEngine/Common/DerivedDataCache/Buckets/LegacySTREAMEDAUDIO/32/8b/0156b62b52ddd042f5bcdfced5885ffd5c11.udd" 3015
"C:/Users/kbc12306156/AppData/Local/UnrealEngine/Common/DerivedDataCache/Buckets/LegacySTREAMEDAUDIO/b0/cd/2e35ee1ea3b0c941e8ec96b2df84c468802c.udd" 3016
"C:/Users/kbc12306156/AppData/Local/UnrealEngine/Common/DerivedDataCache/Content/bf/02/ae448f687078fdf3cc19b81a8f785ccf0129.udd" 3017
"C:/Users/kbc12306156/AppData/Local/UnrealEngine/Common/DerivedDataCache/Content/a0/c0/c0b06c2f15a15568285d6bdaf341e76c05b4.udd" 3018
"C:/Users/kbc12306156/AppData/Local/UnrealEngine/Common/DerivedDataCache/Buckets/LegacySTREAMEDAUDIO/88/96/7236e1b9ba0737adb17343fa859f460ebde7.udd" 3019
"C:/Users/kbc12306156/AppData/Local/UnrealEngine/Common/DerivedDataCache/Buckets/LegacyAudio/c4/56/ca071a766598930c8249bf72cda86b389c39.udd" 3020
"C:/Users/kbc12306156/AppData/Local/UnrealEngine/Common/DerivedDataCache/Buckets/LegacyAudio/4a/6a/b84c8e942ed24057912bee9f36f0eb0696f3.udd" 3021
"C:/Users/kbc12306156/AppData/Local/UnrealEngine/Common/DerivedDataCache/Buckets/LegacySTREAMEDAUDIO/03/5b/6ef399ed3a814bb48d8a7329f40907143f12.udd" 3022
"C:/Users/kbc12306156/AppData/Local/UnrealEngine/Common/DerivedDataCache/Content/b7/2e/5bf90b39fb6238f1f1a3a5ac9122f2285140.udd" 3023
"C:/Users/kbc12306156/AppData/Local/UnrealEngine/Common/DerivedDataCache/Buckets/LegacyAudio/6b/7d/8369f47856e022ad6b2c92ff449d438dd551.udd" 3024
"C:/Users/kbc12306156/AppData/Local/UnrealEngine/Common/DerivedDataCache/Buckets/LegacySTREAMEDAUDIO/37/95/6253b5b98fa30049e8cd78d0da220b417039.udd" 3025
"C:/Users/kbc12306156/AppData/Local/UnrealEngine/Common/DerivedDataCache/Buckets/LegacySTREAMEDAUDIO/e9/39/4aa6a9f1bae30bb522506ae3289a78201977.udd" 3026
"C:/Users/kbc12306156/AppData/Local/UnrealEngine/Common/DerivedDataCache/Buckets/LegacySTREAMEDAUDIO/71/e0/80aeb3d548a4859ce216bcd6ce01df90ca0b.udd" 3027
"C:/Users/kbc12306156/AppData/Local/UnrealEngine/Common/DerivedDataCache/Buckets/LegacySTREAMEDAUDIO/66/0e/80e42c8f958aa5ffaed7c585279e0817a887.udd" 3028
"C:/Users/kbc12306156/AppData/Local/UnrealEngine/Common/DerivedDataCache/Buckets/LegacySTREAMEDAUDIO/8f/e4/9d5e0a6957f6ab64f845bfbb129b3ff06457.udd" 3029
"C:/Users/kbc12306156/AppData/Local/UnrealEngine/Common/DerivedDataCache/Content/ef/ef/5eec68afe2cf1793eead844ede03604d84b0.udd" 3030
"C:/Users/kbc12306156/AppData/Local/UnrealEngine/Common/DerivedDataCache/Buckets/LegacySTREAMEDAUDIO/fd/ca/248be98bb7bb1cab5fb98a87776eb3bed904.udd" 3031
"C:/Users/kbc12306156/AppData/Local/UnrealEngine/Common/DerivedDataCache/Content/b9/97/98145e74fcf27b3b060c0fc22bac315c6e63.udd" 3032
"C:/Users/kbc12306156/AppData/Local/UnrealEngine/Common/DerivedDataCache/Buckets/LegacySTREAMEDAUDIO/3e/2a/135ec885e812ae5675309259ea6709a8a3f0.udd" 3033
"C:/Users/kbc12306156/AppData/Local/UnrealEngine/Common/DerivedDataCache/Buckets/LegacySTREAMEDAUDIO/f0/0c/4509b4fa84dd347e9dc23ae28057ce8f737e.udd" 3034
"C:/Users/kbc12306156/AppData/Local/UnrealEngine/Common/DerivedDataCache/Buckets/LegacySTREAMEDAUDIO/1a/f9/5bbc3d4a320f0dee425074b5b356a7149140.udd" 3035
"C:/Users/kbc12306156/AppData/Local/UnrealEngine/Common/DerivedDataCache/Buckets/LegacySTREAMEDAUDIO/da/37/5a7f46720c2e4d08dd63646cfaebcc05313d.udd" 3036
"C:/Users/kbc12306156/AppData/Local/UnrealEngine/Common/DerivedDataCache/Buckets/LegacySTREAMEDAUDIO/d5/95/8a2175723f0dbe9fb75c0d3ddccd96660aa6.udd" 3037
"C:/Users/kbc12306156/AppData/Local/UnrealEngine/Common/DerivedDataCache/Buckets/LegacySTREAMEDAUDIO/7e/1d/d2292a090794d7ba3d05db2c21261b036e9c.udd" 3038
"C:/Users/kbc12306156/AppData/Local/UnrealEngine/Common/DerivedDataCache/Buckets/LegacyAudio/cd/9e/7225d9bdb8b3c4f1b9d2cfbb45c4412a06aa.udd" 3039
"C:/Users/kbc12306156/AppData/Local/UnrealEngine/Common/DerivedDataCache/Buckets/LegacySTREAMEDAUDIO/2a/2a/833f652f0452c4c7c200aeaa528eb75cca0d.udd" 3040
"C:/Users/kbc12306156/AppData/Local/UnrealEngine/Common/DerivedDataCache/Buckets/LegacySTREAMEDAUDIO/db/be/aeff5c509beb1e58ad79a1c9fda6d9a31148.udd" 3041
"C:/Users/kbc12306156/AppData/Local/UnrealEngine/Common/DerivedDataCache/Buckets/LegacySTREAMEDAUDIO/45/62/a8fee20d34b82f7d6a030086a4f5ea986a12.udd" 3042
"C:/Users/kbc12306156/AppData/Local/UnrealEngine/Common/DerivedDataCache/Buckets/LegacySTREAMEDAUDIO/2e/b9/edd5f14d3a9a8e4e552304f9acf10df6721f.udd" 3043
"C:/Users/kbc12306156/AppData/Local/UnrealEngine/Common/DerivedDataCache/Buckets/LegacySTREAMEDAUDIO/b1/a3/8c176f7f88f78f204240d6959e8645376eb8.udd" 3044
"C:/Users/kbc12306156/AppData/Local/UnrealEngine/Common/DerivedDataCache/Buckets/LegacySTREAMEDAUDIO/97/9f/bac78496b3398e3d824e8846b163b754ff34.udd" 3045
"C:/Users/kbc12306156/AppData/Local/UnrealEngine/Common/DerivedDataCache/Buckets/LegacySTREAMEDAUDIO/c2/2c/6656972662b73229d721704931dd2462d207.udd" 3046
"C:/Users/kbc12306156/AppData/Local/UnrealEngine/Common/DerivedDataCache/Buckets/LegacySTREAMEDAUDIO/0b/2d/2be9511e1bf291bdd2b56b7bf84e979b523b.udd" 3047
"C:/Users/kbc12306156/AppData/Local/UnrealEngine/Common/DerivedDataCache/Buckets/LegacySTREAMEDAUDIO/2b/ba/9dd1ddd84c3ccf466cd973d72f8b3eb4bcab.udd" 3048
"C:/Users/kbc12306156/AppData/Local/UnrealEngine/Common/DerivedDataCache/Buckets/LegacySTREAMEDAUDIO/45/23/4cfa044f27c641b448a52d007d5920840ca7.udd" 3049
"C:/Users/kbc12306156/AppData/Local/UnrealEngine/Common/DerivedDataCache/Buckets/LegacySTREAMEDAUDIO/a6/86/0654a9cc766ac7b505740f43e8f89a0fb78a.udd" 3050
"C:/Users/kbc12306156/AppData/Local/UnrealEngine/Common/DerivedDataCache/Buckets/LegacySTREAMEDAUDIO/c6/f3/078ef70e761017d208e63730a3637df47d34.udd" 3051
"C:/Users/kbc12306156/AppData/Local/UnrealEngine/Common/DerivedDataCache/Buckets/LegacySTREAMEDAUDIO/10/49/bdf958a7be941af16cab76cf5a10edf57880.udd" 3052
"C:/Users/kbc12306156/AppData/Local/UnrealEngine/Common/DerivedDataCache/Buckets/LegacySTREAMEDAUDIO/e7/53/49dcb3a7a5803190030605c5dbf9ce6c1c1d.udd" 3053
"C:/Users/kbc12306156/AppData/Local/UnrealEngine/Common/DerivedDataCache/Buckets/LegacySTREAMEDAUDIO/5b/b3/7becf4eae36356564f0b5ae496c142fcabf0.udd" 3054
"C:/Users/kbc12306156/AppData/Local/UnrealEngine/Common/DerivedDataCache/Buckets/LegacySTREAMEDAUDIO/b1/bf/a5d7831253fab32f76786ef075239b37b5af.udd" 3055
"C:/Users/kbc12306156/AppData/Local/UnrealEngine/Common/DerivedDataCache/Buckets/LegacySTREAMEDAUDIO/c7/a9/cc168405d8a8ee7722a2e18887bdd0702041.udd" 3056
"C:/Users/kbc12306156/AppData/Local/UnrealEngine/Common/DerivedDataCache/Buckets/LegacySTREAMEDAUDIO/fb/d1/84daa9a80ae291b36e666aed7625292186b5.udd" 3057
"C:/Users/kbc12306156/AppData/Local/UnrealEngine/Common/DerivedDataCache/Buckets/LegacySTREAMEDAUDIO/6e/20/d5fb77c1d6438085fdbae8c62ba1849942c2.udd" 3058
"C:/Users/kbc12306156/AppData/Local/UnrealEngine/Common/DerivedDataCache/Buckets/LegacySTREAMEDAUDIO/5f/cf/16e749ad53c5b221283e203ef4bbd2112e6f.udd" 3059
"C:/Users/kbc12306156/AppData/Local/UnrealEngine/Common/DerivedDataCache/Buckets/LegacySTREAMEDAUDIO/ab/77/f7a74c56cb39b0abf2703993914822432f8e.udd" 3060
"C:/Users/kbc12306156/AppData/Local/UnrealEngine/Common/DerivedDataCache/Buckets/LegacySTREAMEDAUDIO/cd/92/4fc16d54104893701dc6c7d9b4385df597ca.udd" 3061
"C:/Users/kbc12306156/AppData/Local/UnrealEngine/Common/DerivedDataCache/Buckets/LegacySTREAMEDAUDIO/53/63/0c53b6e6160f4ea2db496e5bae8b268d686d.udd" 3062
"C:/Users/kbc12306156/AppData/Local/UnrealEngine/Common/DerivedDataCache/Buckets/LegacySTREAMEDAUDIO/6e/a4/e58b8f3317908cccb0063d2be8bcd28e6131.udd" 3063
"C:/Users/kbc12306156/AppData/Local/UnrealEngine/Common/DerivedDataCache/Buckets/LegacySTREAMEDAUDIO/4d/20/35e851d7706aace71420b64eaf44fb87a1f8.udd" 3064
"C:/Users/kbc12306156/AppData/Local/UnrealEngine/Common/DerivedDataCache/Buckets/LegacySTREAMEDAUDIO/76/7d/5a081a293ec57d854a8bcf37152cb30c2229.udd" 3065
"C:/Users/kbc12306156/AppData/Local/UnrealEngine/Common/DerivedDataCache/Buckets/LegacySTREAMEDAUDIO/73/0b/a4ab366b3c3e90e98f9a842376e887bd1985.udd" 3066
"C:/Users/kbc12306156/AppData/Local/UnrealEngine/Common/DerivedDataCache/Buckets/LegacySTREAMEDAUDIO/c5/66/69994f095477e8ff725234dab6143063b35e.udd" 3067
"C:/Users/kbc12306156/AppData/Local/UnrealEngine/Common/DerivedDataCache/Buckets/LegacySTREAMEDAUDIO/05/f1/e2c74e605c0e6592c2184faa91c00ffbb57f.udd" 3068
"C:/Users/kbc12306156/AppData/Local/UnrealEngine/Common/DerivedDataCache/Buckets/LegacySTREAMEDAUDIO/b2/62/75dc7426618117ba4431616671a84740e4e7.udd" 3069
"C:/Users/kbc12306156/AppData/Local/UnrealEngine/Common/DerivedDataCache/Buckets/LegacySTREAMEDAUDIO/9c/67/7c03a49849065df4e537bbb9d4d7f855a9e7.udd" 3070
"C:/Users/kbc12306156/AppData/Local/UnrealEngine/Common/DerivedDataCache/Buckets/LegacySTREAMEDAUDIO/17/8a/3c33b64f5d453137a9b5fdda55539167663b.udd" 3071
"C:/Users/kbc12306156/AppData/Local/UnrealEngine/Common/DerivedDataCache/Buckets/LegacySTREAMEDAUDIO/73/ff/20ee68d413c79f8b8b5e56ae687eb90a4bbe.udd" 3072
"C:/Users/kbc12306156/AppData/Local/UnrealEngine/Common/DerivedDataCache/Buckets/LegacySTREAMEDAUDIO/3a/59/acd35e7d56ea33694cc741f6a1859f99a6f9.udd" 3073
"C:/Users/kbc12306156/AppData/Local/UnrealEngine/Common/DerivedDataCache/Buckets/LegacySTREAMEDAUDIO/1d/4d/7853d7b5d374675de6e7f590578d312b1427.udd" 3074
"C:/Users/kbc12306156/AppData/Local/UnrealEngine/Common/DerivedDataCache/Buckets/LegacySTREAMEDAUDIO/7c/9d/5a1fa4e2071747a79ce5aa52e720676ea60b.udd" 3075
"C:/Users/kbc12306156/AppData/Local/UnrealEngine/Common/DerivedDataCache/Buckets/LegacySTREAMEDAUDIO/b1/2f/abf91065ac2e7d7b21ba0cb71f2c5e41c5fe.udd" 3076
"C:/Users/kbc12306156/AppData/Local/UnrealEngine/Common/DerivedDataCache/Buckets/LegacySTREAMEDAUDIO/d1/ac/571a2bfea81e7ad35f6b3797057cdbb9d09a.udd" 3077
"C:/Users/kbc12306156/AppData/Local/UnrealEngine/Common/DerivedDataCache/Buckets/LegacySTREAMEDAUDIO/ab/a8/e54329e2b805ba0f1bf6ab16cc4b4490e5c4.udd" 3078
"C:/Users/kbc12306156/AppData/Local/UnrealEngine/Common/DerivedDataCache/Buckets/LegacySTREAMEDAUDIO/a0/ae/ebe5410670f6fd0fe6b633f3f691386ee6e3.udd" 3079
"C:/Users/kbc12306156/AppData/Local/UnrealEngine/Common/DerivedDataCache/Buckets/LegacySTREAMEDAUDIO/a0/44/d73d0472f190643660cdcc1b2f1d2e4dfe78.udd" 3080
"C:/Users/kbc12306156/AppData/Local/UnrealEngine/Common/DerivedDataCache/Buckets/LegacySTREAMEDAUDIO/2b/04/327bb1aa51ea68bd9bbdd30b473ce9ac094b.udd" 3081
"C:/Users/kbc12306156/AppData/Local/UnrealEngine/Common/DerivedDataCache/Buckets/LegacySTREAMEDAUDIO/e2/89/85e93c2ce8a696e7e04b13870215f9cbc538.udd" 3082
"C:/Users/kbc12306156/AppData/Local/UnrealEngine/Common/DerivedDataCache/Buckets/LegacySTREAMEDAUDIO/e7/12/031b2362d9b215a4ede1fc55dedd04b39f47.udd" 3083
"C:/Users/kbc12306156/AppData/Local/UnrealEngine/Common/DerivedDataCache/Buckets/LegacySTREAMEDAUDIO/31/ba/6da934d59e5248c8459d235c3827e8dc4394.udd" 3084
"C:/Users/kbc12306156/AppData/Local/UnrealEngine/Common/DerivedDataCache/Buckets/LegacySTREAMEDAUDIO/bb/3e/207524590e75882bf02aa9091021d87bf563.udd" 3085
"C:/Users/kbc12306156/AppData/Local/UnrealEngine/Common/DerivedDataCache/Buckets/LegacySTREAMEDAUDIO/dc/a6/01b56b595d26c7409a6e0a1be5035087c74b.udd" 3086
"C:/Users/kbc12306156/AppData/Local/UnrealEngine/Common/DerivedDataCache/Buckets/LegacySTREAMEDAUDIO/97/f6/413b1be150afa2c7dc852d7a6922891168d9.udd" 3087
"C:/Users/kbc12306156/AppData/Local/UnrealEngine/Common/DerivedDataCache/Buckets/LegacySTREAMEDAUDIO/18/93/e5abfc6d7c7a85e5ced5190549ae1900bac9.udd" 3088
"C:/Users/kbc12306156/AppData/Local/UnrealEngine/Common/DerivedDataCache/Buckets/LegacySTREAMEDAUDIO/d6/71/75ce3d28e81ec620df9f7cce9880d66441ca.udd" 3089
"C:/Users/kbc12306156/AppData/Local/UnrealEngine/Common/DerivedDataCache/Buckets/LegacyTEXTURE/e1/b0/d1b2f8ad09df9f34551fe8c4559ed7bc1a65.udd" 3090
"C:/Users/kbc12306156/AppData/Local/UnrealEngine/Common/DerivedDataCache/Buckets/LegacySTREAMEDAUDIO/88/fc/7987b6a89951396a8c8d8826babdac80779f.udd" 3091
"C:/Users/kbc12306156/AppData/Local/UnrealEngine/Common/DerivedDataCache/Buckets/LegacySTREAMEDAUDIO/5e/9b/cb09b838ee81b402fbfcca69d3340a202c62.udd" 3092
"C:/Users/kbc12306156/AppData/Local/UnrealEngine/Common/DerivedDataCache/Buckets/LegacySTREAMEDAUDIO/d5/76/5596555c82d662b4ae08844d89dc4336bb40.udd" 3093
"C:/Users/kbc12306156/AppData/Local/UnrealEngine/Common/DerivedDataCache/Buckets/LegacySTREAMEDAUDIO/c2/5d/da63818a6f83943309e6a5dd7b42063690b5.udd" 3094
"C:/Users/kbc12306156/AppData/Local/UnrealEngine/Common/DerivedDataCache/Buckets/LegacyTEXTURE/b0/c4/fb35e4aca82b1f9b1720b462370b125f063d.udd" 3095
"C:/Users/kbc12306156/AppData/Local/UnrealEngine/Common/DerivedDataCache/Buckets/LegacySTREAMEDAUDIO/ba/22/0ed2ce777e0900eaa9ec8cef060346fb89ef.udd" 3096
"C:/Users/kbc12306156/AppData/Local/UnrealEngine/Common/DerivedDataCache/Buckets/LegacySTREAMEDAUDIO/33/49/603588649c71702217898b97ef1920e70b8d.udd" 3097
"C:/Users/kbc12306156/AppData/Local/UnrealEngine/Common/DerivedDataCache/Buckets/LegacySTREAMEDAUDIO/50/0a/44a1f31eb0cfd95d360f3efd688c02b613df.udd" 3098
"C:/Users/kbc12306156/AppData/Local/UnrealEngine/Common/DerivedDataCache/Buckets/LegacySTREAMEDAUDIO/53/2f/f647b4e7760a72cc69d11624bae9293a2c32.udd" 3099
"C:/Users/kbc12306156/AppData/Local/UnrealEngine/Common/DerivedDataCache/Buckets/LegacySTREAMEDAUDIO/f2/2e/e930119734d1e70c0fae6229b87c96e1f777.udd" 3100
"C:/Users/kbc12306156/AppData/Local/UnrealEngine/Common/DerivedDataCache/Buckets/LegacySTREAMEDAUDIO/09/41/d6958c59eb0aa292d448114c2c5d9c3ef664.udd" 3101
"C:/Users/kbc12306156/AppData/Local/UnrealEngine/Common/DerivedDataCache/Buckets/LegacySTREAMEDAUDIO/cf/f1/b65b44c16da1ac1472a5ea2a8095e9aa0565.udd" 3102
"C:/Users/kbc12306156/AppData/Local/UnrealEngine/Common/DerivedDataCache/Buckets/LegacySTREAMEDAUDIO/47/db/337013e9b8650aa3df91767eb016e9f0fb65.udd" 3103
"C:/Users/kbc12306156/AppData/Local/UnrealEngine/Common/DerivedDataCache/Buckets/LegacySTREAMEDAUDIO/40/58/c09e5725b4e6401b5581082e11d07e725c26.udd" 3104
"C:/Users/kbc12306156/AppData/Local/UnrealEngine/Common/DerivedDataCache/Buckets/LegacySTREAMEDAUDIO/a5/e6/72c49b792ba3a54a0b9862d0bb42c30e5b89.udd" 3105
"C:/Users/kbc12306156/AppData/Local/UnrealEngine/Common/DerivedDataCache/Buckets/LegacySTREAMEDAUDIO/94/02/746571bbed1442bc616646f4adcabe360938.udd" 3106
"C:/Users/kbc12306156/AppData/Local/UnrealEngine/Common/DerivedDataCache/Buckets/LegacyTEXTURE/e6/6d/e2a52e184e085112777f1fcdc0da6b321ac8.udd" 3107
"C:/Users/kbc12306156/AppData/Local/UnrealEngine/Common/DerivedDataCache/Buckets/LegacySTREAMEDAUDIO/74/c6/afb36cda083c77e32d06de208d893b61bed0.udd" 3108
"C:/Users/kbc12306156/AppData/Local/UnrealEngine/Common/DerivedDataCache/Buckets/LegacySTREAMEDAUDIO/7d/ef/b95018010fcabc492de2c7e1568d1f4a221e.udd" 3109
"C:/Users/kbc12306156/AppData/Local/UnrealEngine/Common/DerivedDataCache/Buckets/LegacySTREAMEDAUDIO/70/8c/36e0358b2451da083c92724253ae77b7f739.udd" 3110
"C:/Users/kbc12306156/AppData/Local/UnrealEngine/Common/DerivedDataCache/Buckets/LegacyTEXTURE/68/45/20e782f4e7b0a7c3f02d1ed40793f0b1bd1d.udd" 3111
"C:/Users/kbc12306156/AppData/Local/UnrealEngine/Common/DerivedDataCache/Buckets/LegacySTREAMEDAUDIO/23/91/8c4ec83e6e8910cb5a30ea2fa464bf801fa4.udd" 3112
"C:/Users/kbc12306156/AppData/Local/UnrealEngine/Common/DerivedDataCache/Buckets/LegacySTREAMEDAUDIO/82/29/4ffc83e68360e1c2fedb55557337e786c616.udd" 3113
"C:/Users/kbc12306156/AppData/Local/UnrealEngine/Common/DerivedDataCache/Buckets/LegacyTEXTURE/f3/b9/2f3287a58f8eeaafe97f5edb0294cae89f21.udd" 3114
"C:/Users/kbc12306156/AppData/Local/UnrealEngine/Common/DerivedDataCache/Buckets/LegacySTREAMEDAUDIO/c0/8a/ffd7409202f57ad899121bdbcff92a211a02.udd" 3115
"C:/Users/kbc12306156/AppData/Local/UnrealEngine/Common/DerivedDataCache/Buckets/LegacySTREAMEDAUDIO/ad/90/184994a71b94d92b4225d4a9a07a4e72122c.udd" 3116
"C:/Users/kbc12306156/AppData/Local/UnrealEngine/Common/DerivedDataCache/Buckets/LegacySTREAMEDAUDIO/8b/fa/1b1f79542149b0d281033b6bb5dbf1288937.udd" 3117
"C:/Users/kbc12306156/AppData/Local/UnrealEngine/Common/DerivedDataCache/Buckets/LegacySTREAMEDAUDIO/e7/55/11b03f1f3c337d1a1c9b554e2f0447cf4908.udd" 3118
"C:/Users/kbc12306156/AppData/Local/UnrealEngine/Common/DerivedDataCache/Buckets/LegacyTEXTURE/32/4e/77aa639de85e5e417e705b29b77afbc01b79.udd" 3119
"C:/Users/kbc12306156/AppData/Local/UnrealEngine/Common/DerivedDataCache/Buckets/LegacySTREAMEDAUDIO/51/8b/cd047d5753d3c049d81db18bf9edeffb7e42.udd" 3120
"C:/Users/kbc12306156/AppData/Local/UnrealEngine/Common/DerivedDataCache/Buckets/LegacySTREAMEDAUDIO/26/93/f280022c3b3b407bed2a8b53bfc4763b7b53.udd" 3121
"C:/Users/kbc12306156/AppData/Local/UnrealEngine/Common/DerivedDataCache/Buckets/LegacySTREAMEDAUDIO/ff/2d/62aebf8b8e6ec158c20647fbb7ed04231515.udd" 3122
"C:/Users/kbc12306156/AppData/Local/UnrealEngine/Common/DerivedDataCache/Buckets/LegacySTREAMEDAUDIO/08/9f/0cdaad630797087d19d431afb94d8f137afd.udd" 3123
"C:/Users/kbc12306156/AppData/Local/UnrealEngine/Common/DerivedDataCache/Buckets/LegacyTEXTURE/a3/05/a738ea97a714b1c04435cbdaa8827d369167.udd" 3124
"C:/Users/kbc12306156/AppData/Local/UnrealEngine/Common/DerivedDataCache/Buckets/LegacySTREAMEDAUDIO/3d/c7/63795bccfb76a6501b4256f338970d3f4619.udd" 3125
"C:/Users/kbc12306156/AppData/Local/UnrealEngine/Common/DerivedDataCache/Buckets/LegacySTREAMEDAUDIO/77/27/cd99a360725add20d089a6936a6618f0bc8e.udd" 3126
"C:/Users/kbc12306156/AppData/Local/UnrealEngine/Common/DerivedDataCache/Buckets/LegacySTREAMEDAUDIO/94/5a/1394eb3418ec27ebcca1e3eeab0e5c8e3d32.udd" 3127
"C:/Users/kbc12306156/AppData/Local/UnrealEngine/Common/DerivedDataCache/Buckets/LegacyTEXTURE/6a/fd/ef6dc9d479395b0ea7938d9e1b010f6f0b46.udd" 3128
"C:/Users/kbc12306156/AppData/Local/UnrealEngine/Common/DerivedDataCache/Buckets/LegacySTREAMEDAUDIO/36/61/c732f4f807675504279c20114cb736b8fd6b.udd" 3129
"C:/Users/kbc12306156/AppData/Local/UnrealEngine/Common/DerivedDataCache/Buckets/LegacySTREAMEDAUDIO/c0/82/e8820cadf488fa77d1885a2791e868b60116.udd" 3130
"C:/Users/kbc12306156/AppData/Local/UnrealEngine/Common/DerivedDataCache/Buckets/LegacyTEXTURE/93/f3/afd462d207442f8fe01b2957abc135aa04e9.udd" 3131
"C:/Users/kbc12306156/AppData/Local/UnrealEngine/Common/DerivedDataCache/Buckets/LegacySTREAMEDAUDIO/2e/22/8549ce71c1d99f7cb5bcf02246d45d81a20f.udd" 3132
"C:/Users/kbc12306156/AppData/Local/UnrealEngine/Common/DerivedDataCache/Buckets/LegacyTEXTURE/81/ea/f25cff6f79bd7f25b475e2f3ce2cf9a3ceba.udd" 3133
"C:/Users/kbc12306156/AppData/Local/UnrealEngine/Common/DerivedDataCache/Buckets/LegacySTREAMEDAUDIO/0e/7e/a1d9ec1297aff7e8829508349a664430021b.udd" 3134
"C:/Users/kbc12306156/AppData/Local/UnrealEngine/Common/DerivedDataCache/Buckets/LegacySTREAMEDAUDIO/1e/5f/0d3df53a773a78121ce38589efa09844b3fa.udd" 3135
"C:/Users/kbc12306156/AppData/Local/UnrealEngine/Common/DerivedDataCache/Buckets/LegacySTREAMEDAUDIO/81/48/4bff5d25e835253e5ffb7c7c3cee951404b2.udd" 3136
"C:/Users/kbc12306156/AppData/Local/UnrealEngine/Common/DerivedDataCache/Buckets/LegacySTREAMEDAUDIO/bc/03/35671a642f2a6abb9ec954caa2301b9ca553.udd" 3137
"C:/Users/kbc12306156/AppData/Local/UnrealEngine/Common/DerivedDataCache/Buckets/LegacySTREAMEDAUDIO/6d/de/ec19251c794f32aeedfa7b8c07124e226ac8.udd" 3138
"C:/Users/kbc12306156/AppData/Local/UnrealEngine/Common/DerivedDataCache/Buckets/LegacySTREAMEDAUDIO/2e/10/f5af9a76f4a0b4e2413bbae8e779019e1921.udd" 3139
"C:/Users/kbc12306156/AppData/Local/UnrealEngine/Common/DerivedDataCache/Buckets/LegacySTREAMEDAUDIO/ee/67/422ac8ffebf6ecfd74d9d2b09df1086ce067.udd" 3140
"C:/Users/kbc12306156/AppData/Local/UnrealEngine/Common/DerivedDataCache/Buckets/LegacySTREAMEDAUDIO/3b/32/99040d23078abfaf5d44d5c46034bd24ad4b.udd" 3141
"C:/Users/kbc12306156/AppData/Local/UnrealEngine/Common/DerivedDataCache/Buckets/LegacySTREAMEDAUDIO/75/ac/e19a9840e85799fb63d3dedfc06d3e17c2d0.udd" 3142
"C:/Users/kbc12306156/AppData/Local/UnrealEngine/Common/DerivedDataCache/Buckets/LegacySTREAMEDAUDIO/4f/1c/86004eac9f8508316142d0160c82c2254cd1.udd" 3143
"C:/Users/kbc12306156/AppData/Local/UnrealEngine/Common/DerivedDataCache/Buckets/LegacySTREAMEDAUDIO/d7/b5/0aa51cc87d1493be744524a85b43dd48b1ab.udd" 3144
"C:/Users/kbc12306156/AppData/Local/UnrealEngine/Common/DerivedDataCache/Buckets/LegacySTREAMEDAUDIO/81/8f/ebfb95e4562f448e0cafb1350a6ce9ec0df2.udd" 3145
"C:/Users/kbc12306156/AppData/Local/UnrealEngine/Common/DerivedDataCache/Buckets/LegacySTREAMEDAUDIO/cc/32/540a9c8c1e0379e47c20266702869fa697cb.udd" 3146
"C:/Users/kbc12306156/AppData/Local/UnrealEngine/Common/DerivedDataCache/Buckets/LegacyAudio/a5/09/1683369072bc4bcee3717215ac877aba0c3c.udd" 3147
"C:/Users/kbc12306156/AppData/Local/UnrealEngine/Common/DerivedDataCache/Buckets/LegacyAudio/e7/05/6bcc3f0ceb22da05b9e17da1b77355e2373f.udd" 3148
"C:/Users/kbc12306156/AppData/Local/UnrealEngine/Common/DerivedDataCache/Buckets/LegacyAudio/d0/7b/ee45cf9a275b15c48ba255d802f6c9a64737.udd" 3149
"C:/Users/kbc12306156/AppData/Local/UnrealEngine/Common/DerivedDataCache/Buckets/LegacySTREAMEDAUDIO/46/f1/31ab346305b8317e737e2a7c5871c0de3e9e.udd" 3150
"C:/Users/kbc12306156/AppData/Local/UnrealEngine/Common/DerivedDataCache/Buckets/LegacySTREAMEDAUDIO/2e/3d/a55d85e3ebcef112d0c7b8364f951244dc87.udd" 3151
"C:/Users/kbc12306156/AppData/Local/UnrealEngine/Common/DerivedDataCache/Buckets/LegacySTREAMEDAUDIO/a7/8f/73ec2347e1aba72b45efce8f422f48e75c45.udd" 3152
"C:/Users/kbc12306156/AppData/Local/UnrealEngine/Common/DerivedDataCache/Buckets/LegacySTREAMEDAUDIO/f2/36/1dcaffa91ca78c2a9f2ce793888a628a5bec.udd" 3153
"C:/Users/kbc12306156/AppData/Local/UnrealEngine/Common/DerivedDataCache/Buckets/LegacySTREAMEDAUDIO/ed/2f/e9cfc5d754a8ac9009653507eb0c6f4c3020.udd" 3154
"C:/Users/kbc12306156/AppData/Local/UnrealEngine/Common/DerivedDataCache/Buckets/LegacySTREAMEDAUDIO/61/4a/80c7ebbd2bb495f6243d3526c08b6b3b400c.udd" 3155
"C:/Users/kbc12306156/AppData/Local/UnrealEngine/Common/DerivedDataCache/Buckets/LegacySTREAMEDAUDIO/0e/ce/311208779dcf99c542dace3c6e313d0b2a10.udd" 3156
"C:/Users/kbc12306156/AppData/Local/UnrealEngine/Common/DerivedDataCache/Buckets/LegacySTREAMEDAUDIO/fb/3b/81376ac7998a09006ba264e5bb77a068d137.udd" 3157
"C:/Users/kbc12306156/AppData/Local/UnrealEngine/Common/DerivedDataCache/Buckets/LegacySTREAMEDAUDIO/a3/8e/de404b42b5e34145eadbdf90ac438e6d59c0.udd" 3158
"C:/Users/kbc12306156/AppData/Local/UnrealEngine/Common/DerivedDataCache/Buckets/LegacySTREAMEDAUDIO/2f/97/989604333cfcab0ba5ff4f9cef5e292a2207.udd" 3159
"C:/Users/kbc12306156/AppData/Local/UnrealEngine/Common/DerivedDataCache/Buckets/LegacySTREAMEDAUDIO/68/bc/025b5013e5b4c95804e507db4fb97cb11e14.udd" 3160
"C:/Users/kbc12306156/AppData/Local/UnrealEngine/Common/DerivedDataCache/Buckets/LegacySTREAMEDAUDIO/df/5f/7d63560b4369cae79f9bb3e6f8c4c6d1ef66.udd" 3161
"C:/Users/kbc12306156/AppData/Local/UnrealEngine/Common/DerivedDataCache/Buckets/LegacySTREAMEDAUDIO/48/d0/b3973c95e2469b391273f4e97045fac977dc.udd" 3162
"C:/Users/kbc12306156/AppData/Local/UnrealEngine/Common/DerivedDataCache/Buckets/LegacySTREAMEDAUDIO/96/4a/fb533649b7d64aa2d91b2a71e4d5e53357e3.udd" 3163
"C:/Users/kbc12306156/AppData/Local/UnrealEngine/Common/DerivedDataCache/Buckets/LegacySTREAMEDAUDIO/61/39/fbe26eb55edbb16c57e8bf0948e4c41f8f81.udd" 3164
"C:/Users/kbc12306156/AppData/Local/UnrealEngine/Common/DerivedDataCache/Buckets/LegacySTREAMEDAUDIO/0f/2b/72f704db324b17dd4449f95eaf8f8f6f3983.udd" 3165
"C:/Users/kbc12306156/AppData/Local/UnrealEngine/Common/DerivedDataCache/Buckets/LegacySTREAMEDAUDIO/12/8c/618dda5d9eb274991315d7d45c4c371d7fb0.udd" 3166
"C:/Users/kbc12306156/AppData/Local/UnrealEngine/Common/DerivedDataCache/Buckets/LegacyTEXTURE/d7/9a/b81246070d231b8c243dd51169d047b0595b.udd" 3167
"C:/Users/kbc12306156/AppData/Local/UnrealEngine/Common/DerivedDataCache/Buckets/LegacyTEXTURE/38/3c/0f67fd8a07eda29fd6ffeca1e84df5c37473.udd" 3168
"C:/Users/kbc12306156/AppData/Local/UnrealEngine/Common/DerivedDataCache/Buckets/LegacyTEXTURE/64/5e/d73761d422876c2db4301036dd3e1226f8b8.udd" 3169
"C:/Users/kbc12306156/AppData/Local/UnrealEngine/Common/DerivedDataCache/Buckets/LegacyTEXTURE/61/61/2a35adaa427fbbc2cdf94507717c012b67d0.udd" 3170
"C:/Users/kbc12306156/AppData/Local/UnrealEngine/Common/DerivedDataCache/Buckets/LegacyTEXTURE/59/52/8f5d68cb538f36b1b64d65188c851ae65ea1.udd" 3171
"C:/Users/kbc12306156/AppData/Local/UnrealEngine/Common/DerivedDataCache/Buckets/LegacyTEXTURE/10/69/3b9d7b2dc4cce51b9078142c865bfb052247.udd" 3172
"C:/Users/kbc12306156/AppData/Local/UnrealEngine/Common/DerivedDataCache/Buckets/LegacyTEXTURE/87/5e/6908f773cfd99135198645f643bd8dfee02d.udd" 3173
"C:/Users/kbc12306156/AppData/Local/UnrealEngine/Common/DerivedDataCache/Buckets/LegacyTEXTURE/9c/e1/a99f534c54ba6b61902f721d2f72d276f12b.udd" 3174
"C:/Users/kbc12306156/AppData/Local/UnrealEngine/Common/DerivedDataCache/Buckets/LegacyTEXTURE/f3/d0/e966f56f3542129473ad78fa98b53a99787f.udd" 3175
"C:/Users/kbc12306156/AppData/Local/UnrealEngine/Common/DerivedDataCache/Buckets/LegacyTEXTURE/77/83/989a61dbec452c7d8e45378a6afce0b70924.udd" 3176
"C:/Users/kbc12306156/AppData/Local/UnrealEngine/Common/DerivedDataCache/Buckets/LegacySTREAMEDAUDIO/66/ee/67a0b1f294e5d61b30064b2ac450ecea29df.udd" 3177
"C:/Users/kbc12306156/AppData/Local/UnrealEngine/Common/DerivedDataCache/Buckets/LegacyTEXTURE/37/a3/0226775da6c81355d092ffa7209cd49539cc.udd" 3178
"C:/Users/kbc12306156/AppData/Local/UnrealEngine/Common/DerivedDataCache/Buckets/LegacySTREAMEDAUDIO/d4/5f/fd06035f77a407df0b94e71651b76d012283.udd" 3179
"C:/Users/kbc12306156/AppData/Local/UnrealEngine/Common/DerivedDataCache/Buckets/LegacyTEXTURE/2e/1d/9b341478899763c342be82581440b46f487b.udd" 3180
"C:/Users/kbc12306156/AppData/Local/UnrealEngine/Common/DerivedDataCache/Buckets/LegacyTEXTURE/e7/94/be098401678fce3c989732aaa435190c53d5.udd" 3181
"C:/Users/kbc12306156/AppData/Local/UnrealEngine/Common/DerivedDataCache/Buckets/LegacyTEXTURE/a8/41/fa29438dbb94235334451d6461201f1c2b73.udd" 3182
"C:/Users/kbc12306156/AppData/Local/UnrealEngine/Common/DerivedDataCache/Buckets/LegacyTEXTURE/b8/ed/699dbc8fa9603fd011bab571fbffb2c9bf56.udd" 3183
"C:/Users/kbc12306156/AppData/Local/UnrealEngine/Common/DerivedDataCache/Buckets/LegacyTEXTURE/47/4f/f6ec59387f6d6da4b93a688773349f9f7675.udd" 3184
"C:/Users/kbc12306156/AppData/Local/UnrealEngine/Common/DerivedDataCache/Buckets/LegacyTEXTURE/f4/a1/bd3f118a31ae4e9f34d0c64f2a749472bbf1.udd" 3185
"C:/Users/kbc12306156/AppData/Local/UnrealEngine/Common/DerivedDataCache/Buckets/LegacyTEXTURE/25/17/dd705d1ae6ff35b4d15c218ee11e333dd52d.udd" 3186
"C:/Users/kbc12306156/AppData/Local/UnrealEngine/Common/DerivedDataCache/Buckets/LegacyTEXTURE/37/ca/fcd465c3e72925b32aa616541f5fb16c2e73.udd" 3187
"C:/Users/kbc12306156/AppData/Local/UnrealEngine/Common/DerivedDataCache/Buckets/LegacyTEXTURE/51/98/a93f99fb9361d95bcbb31da90417dfe9daef.udd" 3188
"C:/Users/kbc12306156/AppData/Local/UnrealEngine/Common/DerivedDataCache/Buckets/LegacyTEXTURE/84/ff/bae2ab3ccef147174a6ef5a14d232d1c0035.udd" 3189
"C:/Users/kbc12306156/AppData/Local/UnrealEngine/Common/DerivedDataCache/Buckets/LegacyTEXTURE/e7/3a/c5d2f7cf22a7623d976b52ea9b6cccebd9dc.udd" 3190
"C:/Users/kbc12306156/AppData/Local/UnrealEngine/Common/DerivedDataCache/Buckets/LegacyTEXTURE/69/b2/cd21923b30c6f856bc8714cd12a9545ef8f6.udd" 3191
"C:/Users/kbc12306156/AppData/Local/UnrealEngine/Common/DerivedDataCache/Buckets/LegacyTEXTURE/7d/11/ad171c170420b94e286eddd284f17cbda5fa.udd" 3192
"C:/Users/kbc12306156/AppData/Local/UnrealEngine/Common/DerivedDataCache/Buckets/LegacyTEXTURE/9f/4e/41f78029bece8450f78667613e26cad53c86.udd" 3193
"C:/Users/kbc12306156/AppData/Local/UnrealEngine/Common/DerivedDataCache/Buckets/LegacyTEXTURE/3a/4e/55c9ed6b97506c2044741c3f45781eccbae7.udd" 3194
"C:/Users/kbc12306156/AppData/Local/UnrealEngine/Common/DerivedDataCache/Buckets/LegacyTEXTURE/5f/18/bd5a23144c544cb59661a580db480f31941d.udd" 3195
"C:/Users/kbc12306156/AppData/Local/UnrealEngine/Common/DerivedDataCache/Buckets/LegacyTEXTURE/9a/a6/4f4425e5b9a1208c566f652ed9209a6b7acb.udd" 3196
"C:/Users/kbc12306156/AppData/Local/UnrealEngine/Common/DerivedDataCache/Buckets/LegacyTEXTURE/f4/0f/b4cb3d4066bd7ae6e087940f20a1af0a8504.udd" 3197
"C:/Users/kbc12306156/AppData/Local/UnrealEngine/Common/DerivedDataCache/Buckets/LegacyTEXTURE/e6/10/244c73a3c6c483f27d19f5d5192693b3c5a0.udd" 3198
"C:/Users/kbc12306156/AppData/Local/UnrealEngine/Common/DerivedDataCache/Buckets/LegacyTEXTURE/84/d0/2bdfe7e3acdd3c17dae48f6d58979a57de03.udd" 3199
"C:/Users/kbc12306156/AppData/Local/UnrealEngine/Common/DerivedDataCache/Buckets/LegacyTEXTURE/21/ec/32f90a3a13ec101bb68169d735876d4ec638.udd" 3200
"C:/Users/kbc12306156/AppData/Local/UnrealEngine/Common/DerivedDataCache/Buckets/LegacyTEXTURE/74/26/6650b1845d63762972e55f8a1f21dc99af3e.udd" 3201
"C:/Users/kbc12306156/AppData/Local/UnrealEngine/Common/DerivedDataCache/Buckets/LegacyTEXTURE/84/72/4f962b7b8e17ff977aeda9c35c2c43a18b37.udd" 3202
"C:/Users/kbc12306156/AppData/Local/UnrealEngine/Common/DerivedDataCache/Buckets/LegacyTEXTURE/52/7f/445aa91f0a874925f44f4eb5fc5402d9bca4.udd" 3203
"C:/Users/kbc12306156/AppData/Local/UnrealEngine/Common/DerivedDataCache/Buckets/LegacyTEXTURE/79/ad/177fb2f1c8cc5d947709e95001a847d7166e.udd" 3204
"C:/Users/kbc12306156/AppData/Local/UnrealEngine/Common/DerivedDataCache/Buckets/LegacyTEXTURE/be/52/68ec1caead73163856fffa5899cd13857c33.udd" 3205
"C:/Users/kbc12306156/AppData/Local/UnrealEngine/Common/DerivedDataCache/Buckets/LegacyTEXTURE/d2/1b/2e8c0aec756dc0daa651b3bacd920bb1a477.udd" 3206
"C:/Users/kbc12306156/AppData/Local/UnrealEngine/Common/DerivedDataCache/Buckets/LegacyTEXTURE/71/61/f3f000c67cd15096a28427c6552885794fc7.udd" 3207
"C:/Users/kbc12306156/AppData/Local/UnrealEngine/Common/DerivedDataCache/Buckets/LegacyTEXTURE/25/bc/45c938b2575125dd853b01fe0a6359e4ab7a.udd" 3208
"C:/Users/kbc12306156/AppData/Local/UnrealEngine/Common/DerivedDataCache/Buckets/LegacyTEXTURE/be/f6/009ee2e4dba8961b7e0dedcea7c9f0837fcd.udd" 3209
"C:/Users/kbc12306156/AppData/Local/UnrealEngine/Common/DerivedDataCache/Buckets/LegacyTEXTURE/c9/f7/dca29c54aa8fab2b608011d4a66d539f1d0a.udd" 3210
"C:/Users/kbc12306156/AppData/Local/UnrealEngine/Common/DerivedDataCache/Buckets/LegacyTEXTURE/a4/eb/ac5e63f07eb6b014fa644141d1cb6d3843c5.udd" 3211
"C:/Users/kbc12306156/AppData/Local/UnrealEngine/Common/DerivedDataCache/Buckets/LegacyTEXTURE/5a/17/bb408baeeefacfacb9a5b28e8e31036cf542.udd" 3212
"C:/Users/kbc12306156/AppData/Local/UnrealEngine/Common/DerivedDataCache/Buckets/LegacyTEXTURE/d7/39/11a03bab4679a26c039a9c990fa0c3f0ff21.udd" 3213
"C:/Users/kbc12306156/AppData/Local/UnrealEngine/Common/DerivedDataCache/Buckets/LegacyTEXTURE/3a/c3/e83118ca3ac133afd2ab4a9cb529c063676a.udd" 3214
"C:/Users/kbc12306156/AppData/Local/UnrealEngine/Common/DerivedDataCache/Buckets/LegacyTEXTURE/6d/c5/cc329d1c8ccd2d5d143da6b0fc7aad197d18.udd" 3215
"C:/Users/kbc12306156/AppData/Local/UnrealEngine/Common/DerivedDataCache/Buckets/LegacyTEXTURE/99/d0/b1b3d897b0dc7e207c6e5fe04a9f6ec7f574.udd" 3216
"C:/Users/kbc12306156/AppData/Local/UnrealEngine/Common/DerivedDataCache/Buckets/LegacyTEXTURE/ad/ef/a4bef66616dd5a7cff18b998d1811b7ed445.udd" 3217
"C:/Users/kbc12306156/AppData/Local/UnrealEngine/Common/DerivedDataCache/Buckets/LegacyTEXTURE/b0/84/fb7288e7315721b6f19df7ebc9380fdcc643.udd" 3218
"C:/Users/kbc12306156/AppData/Local/UnrealEngine/Common/DerivedDataCache/Buckets/LegacyTEXTURE/4a/aa/2c77ea4bb85bf39373efe141671c49f2af52.udd" 3219
"C:/Users/kbc12306156/AppData/Local/UnrealEngine/Common/DerivedDataCache/Buckets/LegacyTEXTURE/9f/5d/53845fd2abec222d3a8ac3306f31aa18c994.udd" 3220
"C:/Users/kbc12306156/AppData/Local/UnrealEngine/Common/DerivedDataCache/Buckets/LegacyTEXTURE/08/a4/f6c611a92dd31ec64f2f35095eb58d9a0e5d.udd" 3221
"C:/Users/kbc12306156/AppData/Local/UnrealEngine/Common/DerivedDataCache/Buckets/LegacyTEXTURE/ad/3e/7f1a0c23ee7be98b6e5dbb9187ed47f3c5a5.udd" 3222
"C:/Users/kbc12306156/AppData/Local/UnrealEngine/Common/DerivedDataCache/Buckets/LegacyTEXTURE/99/81/70b3366ca33281b4068bac1b5e05758ea29a.udd" 3223
"C:/Users/kbc12306156/AppData/Local/UnrealEngine/Common/DerivedDataCache/Buckets/LegacyTEXTURE/b0/80/6c9cecd856890f0ec7e14e88ade86b58fa7b.udd" 3224
"C:/Users/kbc12306156/AppData/Local/UnrealEngine/Common/DerivedDataCache/Buckets/LegacyTEXTURE/f3/12/636a3b26c2fadb25eacdc18ce82dd274aa97.udd" 3225
"C:/Users/kbc12306156/AppData/Local/UnrealEngine/Common/DerivedDataCache/Buckets/LegacyTEXTURE/25/f2/3714fb6851cb84cef8f27a0e104dfe4b038d.udd" 3226
"C:/Users/kbc12306156/AppData/Local/UnrealEngine/Common/DerivedDataCache/Buckets/LegacyTEXTURE/38/aa/6fa59525abfcd0e35accd8fff99f69a76800.udd" 3227
"C:/Users/kbc12306156/AppData/Local/UnrealEngine/Common/DerivedDataCache/Buckets/LegacyTEXTURE/e7/29/dab1f3f255139050a2f66595ab7d23755837.udd" 3228
"C:/Users/kbc12306156/AppData/Local/UnrealEngine/Common/DerivedDataCache/Buckets/LegacyTEXTURE/d3/de/c686487b27a4f0a2c9c662aa4fecf6cbb294.udd" 3229
"C:/Users/kbc12306156/AppData/Local/UnrealEngine/Common/DerivedDataCache/Buckets/LegacyTEXTURE/2e/f7/ef938341d891dd95266e7f324b95e2464a49.udd" 3230
"C:/Users/kbc12306156/AppData/Local/UnrealEngine/Common/DerivedDataCache/Buckets/LegacyTEXTURE/28/d8/7e99395005a927c6caf2ff66293bd1d9b9c1.udd" 3231
"C:/Users/kbc12306156/AppData/Local/UnrealEngine/Common/DerivedDataCache/Buckets/LegacyTEXTURE/db/c6/c9624bca25f21542a42b64dd786b8281479a.udd" 3232
"C:/Users/kbc12306156/AppData/Local/UnrealEngine/Common/DerivedDataCache/Buckets/LegacyTEXTURE/d7/0b/58a037cfc7583114ce6469adb4b68da9b224.udd" 3233
"C:/Users/kbc12306156/AppData/Local/UnrealEngine/Common/DerivedDataCache/Buckets/LegacyTEXTURE/91/57/3e26f3f56ac04e41aed64ba708d6b743e4e5.udd" 3234
"C:/Users/kbc12306156/AppData/Local/UnrealEngine/Common/DerivedDataCache/Buckets/LegacyTEXTURE/bf/12/518bb2ff6c629dc424fac8eab615a5a89013.udd" 3235
"C:/Users/kbc12306156/AppData/Local/UnrealEngine/Common/DerivedDataCache/Buckets/LegacyTEXTURE/ba/47/104de2f3a6c61655fdd51d198da5fc1e4806.udd" 3236
"C:/Users/kbc12306156/AppData/Local/UnrealEngine/Common/DerivedDataCache/Buckets/LegacyTEXTURE/c8/05/ca1e105c8fa601f95307882808b7aeb41f3e.udd" 3237
"C:/Users/kbc12306156/AppData/Local/UnrealEngine/Common/DerivedDataCache/Buckets/LegacyTEXTURE/25/cd/690f0883dd703ffda4a7fba2d1d2ea45734e.udd" 3238
"C:/Users/kbc12306156/AppData/Local/UnrealEngine/Common/DerivedDataCache/Buckets/LegacyTEXTURE/8a/1f/14717c67a1284860405551c530739b203fa0.udd" 3239
"C:/Users/kbc12306156/AppData/Local/UnrealEngine/Common/DerivedDataCache/Buckets/LegacyTEXTURE/49/9a/7f3e652cbad417b2eb44c37332dcb1bb5798.udd" 3240
"C:/Users/kbc12306156/AppData/Local/UnrealEngine/Common/DerivedDataCache/Buckets/LegacyTEXTURE/d0/24/eb2d143b0b0a7880dedd1dbc19af8f30a889.udd" 3241
"C:/Users/kbc12306156/AppData/Local/UnrealEngine/Common/DerivedDataCache/Buckets/LegacyTEXTURE/49/9e/c7d47d7f66101bf283bdc2c7e66c0b704bcd.udd" 3242
"C:/Users/kbc12306156/AppData/Local/UnrealEngine/Common/DerivedDataCache/Buckets/LegacyTEXTURE/89/92/b548d9c465fd11db030618d41a417e665284.udd" 3243
"C:/Users/kbc12306156/AppData/Local/UnrealEngine/Common/DerivedDataCache/Buckets/LegacyTEXTURE/11/a0/0d776374365a7696b42915138d3203e0201c.udd" 3244
"C:/Users/kbc12306156/AppData/Local/UnrealEngine/Common/DerivedDataCache/Buckets/LegacyTEXTURE/98/7f/d7fa347bd39e1e88c1fd4a9696f6d3144ee1.udd" 3245
"C:/Users/kbc12306156/AppData/Local/UnrealEngine/Common/DerivedDataCache/Buckets/LegacyTEXTURE/3c/01/5e3522c4ce2392f2efe83f263f5442febc34.udd" 3246
"C:/Users/kbc12306156/AppData/Local/UnrealEngine/Common/DerivedDataCache/Buckets/LegacyTEXTURE/a2/d6/5b0fff43fefac8b91e5bc19919eb6f82c6a2.udd" 3247
"C:/Users/kbc12306156/AppData/Local/UnrealEngine/Common/DerivedDataCache/Buckets/LegacySTREAMEDAUDIO/89/de/a94b5417fd625e9944405a8bf333ab5a3caa.udd" 3248
"C:/Users/kbc12306156/AppData/Local/UnrealEngine/Common/DerivedDataCache/Buckets/LegacyTEXTURE/b5/d9/808af9287f3eec9408b8a7818cc95142f47f.udd" 3249
"C:/Users/kbc12306156/AppData/Local/UnrealEngine/Common/DerivedDataCache/Buckets/LegacyTEXTURE/49/76/fda8da5c26b418276034e0ede6b989086d0f.udd" 3250
"C:/Users/kbc12306156/AppData/Local/UnrealEngine/Common/DerivedDataCache/Buckets/LegacyTEXTURE/5b/b2/476b1538c8f76a4ca616c800ec8406357529.udd" 3251
"C:/Users/kbc12306156/AppData/Local/UnrealEngine/Common/DerivedDataCache/Buckets/LegacyTEXTURE/68/15/8c3a478ab2e3d242be98a0f2bf958f9635e5.udd" 3252
"C:/Users/kbc12306156/AppData/Local/UnrealEngine/Common/DerivedDataCache/Buckets/LegacyTEXTURE/da/ec/b069be1293498155fd142afc96e2d6dddccf.udd" 3253
"C:/Users/kbc12306156/AppData/Local/UnrealEngine/Common/DerivedDataCache/Buckets/LegacySTREAMEDAUDIO/18/42/5b6abcc7ad5b505d50fc42e5ff41e722e541.udd" 3254
"C:/Users/kbc12306156/AppData/Local/UnrealEngine/Common/DerivedDataCache/Buckets/LegacySTREAMEDAUDIO/bf/5a/c80a10d0597bf55e6f0910364e656007820e.udd" 3255
"C:/Users/kbc12306156/AppData/Local/UnrealEngine/Common/DerivedDataCache/Buckets/LegacyTEXTURE/ea/79/fca3465f80a86768f9eac37fa8e23adcb9e6.udd" 3256
"C:/Users/kbc12306156/AppData/Local/UnrealEngine/Common/DerivedDataCache/Buckets/LegacyTEXTURE/50/24/9df773c77faee5d6f4e9d6f4157bad400c88.udd" 3257
"C:/Users/kbc12306156/AppData/Local/UnrealEngine/Common/DerivedDataCache/Buckets/LegacyTEXTURE/65/ab/8f4729f5f1122e1925320ec7933140b98fcd.udd" 3258
"C:/Users/kbc12306156/AppData/Local/UnrealEngine/Common/DerivedDataCache/Buckets/LegacyTEXTURE/fd/59/0af0bbeb70ebcb9571b6b16538092cc0a17b.udd" 3259
"C:/Users/kbc12306156/AppData/Local/UnrealEngine/Common/DerivedDataCache/Buckets/LegacyTEXTURE/95/37/cd78967dad25755e93f9db98db7291d7ac76.udd" 3260
"C:/Users/kbc12306156/AppData/Local/UnrealEngine/Common/DerivedDataCache/Buckets/LegacyTEXTURE/cd/7e/0500120d5abf23350c53d7aff000fa95622f.udd" 3261
"C:/Users/kbc12306156/AppData/Local/UnrealEngine/Common/DerivedDataCache/Buckets/LegacySTREAMEDAUDIO/cb/c8/9911ca270a9f435b5c6118db98ae4e103f35.udd" 3262
"C:/Users/kbc12306156/AppData/Local/UnrealEngine/Common/DerivedDataCache/Buckets/LegacySTREAMEDAUDIO/1f/26/168d968193dac614841c4956332ea6fce9d3.udd" 3263
"C:/Users/kbc12306156/AppData/Local/UnrealEngine/Common/DerivedDataCache/Buckets/LegacySTREAMEDAUDIO/63/91/25091361d5113f3cc82e631d2f31353029e0.udd" 3264
"C:/Users/kbc12306156/AppData/Local/UnrealEngine/Common/DerivedDataCache/Buckets/LegacyTEXTURE/72/bf/fc779f174dcfc303efb4f1e020513e1dfb81.udd" 3265
"C:/Users/kbc12306156/AppData/Local/UnrealEngine/Common/DerivedDataCache/Buckets/LegacySTREAMEDAUDIO/8b/cd/0de187ede1436750245f185b573e6186c085.udd" 3266
"C:/Users/kbc12306156/AppData/Local/UnrealEngine/Common/DerivedDataCache/Buckets/LegacyTEXTURE/14/d7/e47e38b993cc6bc413818aeae300a29770e0.udd" 3267
"C:/Users/kbc12306156/AppData/Local/UnrealEngine/Common/DerivedDataCache/Buckets/LegacySTREAMEDAUDIO/bb/51/6d0f9ff57983a9308c891f454513196c9216.udd" 3268
"C:/Users/kbc12306156/AppData/Local/UnrealEngine/Common/DerivedDataCache/Buckets/LegacySTREAMEDAUDIO/42/04/2897dbb490b33bdb4ed62a7cbab834287e47.udd" 3269
"C:/Users/kbc12306156/AppData/Local/UnrealEngine/Common/DerivedDataCache/Buckets/LegacyTEXTURE/cc/0c/77588ccd359bc9a64f4ffe82166cdd21b19b.udd" 3270
"C:/Users/kbc12306156/AppData/Local/UnrealEngine/Common/DerivedDataCache/Buckets/LegacyTEXTURE/bc/d0/0064dc7b2ce136f4f275b582e43461e4e281.udd" 3271
"C:/Users/kbc12306156/AppData/Local/UnrealEngine/Common/DerivedDataCache/Buckets/LegacyTEXTURE/53/a4/7f2be2222453a3ace2fbd31756741f5bedca.udd" 3272
"C:/Users/kbc12306156/AppData/Local/UnrealEngine/Common/DerivedDataCache/Buckets/LegacyTEXTURE/71/5a/04a7a54831d7187dad9ab86bc9c1e27e9afd.udd" 3273
"C:/Users/kbc12306156/AppData/Local/UnrealEngine/Common/DerivedDataCache/Buckets/LegacyTEXTURE/b0/92/c04ede4f92083413eda13b59996b4e8be4d1.udd" 3274
"C:/Users/kbc12306156/AppData/Local/UnrealEngine/Common/DerivedDataCache/Buckets/LegacyTEXTURE/fd/bc/3e3587947392ab58975ae24b429afaf4a299.udd" 3275
"C:/Users/kbc12306156/AppData/Local/UnrealEngine/Common/DerivedDataCache/Buckets/LegacyTEXTURE/22/71/ce77b4d5f3b216bc803a984c18fecd2227e4.udd" 3276
"C:/Users/kbc12306156/AppData/Local/UnrealEngine/Common/DerivedDataCache/Buckets/LegacyTEXTURE/d2/17/8a8b2a01df1898f746c77f3a09114671555e.udd" 3277
"C:/Users/kbc12306156/AppData/Local/UnrealEngine/Common/DerivedDataCache/Buckets/LegacyTEXTURE/8d/ec/3022cc8fe5088717806affeada0c4334111a.udd" 3278
"C:/Users/kbc12306156/AppData/Local/UnrealEngine/Common/DerivedDataCache/Buckets/LegacyTEXTURE/8c/4b/e09eb379d846cd33e2be8b0a3944dc280f24.udd" 3279
"C:/Users/kbc12306156/AppData/Local/UnrealEngine/Common/DerivedDataCache/Buckets/LegacyTEXTURE/96/de/724da5e6ed0203466e1adfcb5777951e47be.udd" 3280
"C:/Users/kbc12306156/AppData/Local/UnrealEngine/Common/DerivedDataCache/Buckets/LegacyTEXTURE/32/34/694daaf2f6a9f0458bafa5155f4afe2f83a8.udd" 3281
"C:/Users/kbc12306156/AppData/Local/UnrealEngine/Common/DerivedDataCache/Buckets/LegacyTEXTURE/10/fd/baaebd6ab67e9a275ebcd2ebcb824652814e.udd" 3282
"C:/Users/kbc12306156/AppData/Local/UnrealEngine/Common/DerivedDataCache/Buckets/LegacyTEXTURE/f5/ef/748672843ed5664e47e3e2469d7b2c6a8560.udd" 3283
"C:/Users/kbc12306156/AppData/Local/UnrealEngine/Common/DerivedDataCache/Buckets/LegacyTEXTURE/4f/b6/9b58408bbcc0fd54d691d5374368d0549097.udd" 3284
"C:/Users/kbc12306156/AppData/Local/UnrealEngine/Common/DerivedDataCache/Buckets/LegacyTEXTURE/7e/bd/3829b4078f622a0d999eb3e0ad883d04ff37.udd" 3285
"C:/Users/kbc12306156/AppData/Local/UnrealEngine/Common/DerivedDataCache/Buckets/LegacyTEXTURE/5d/10/1582abdc69d1872651035bfc57e8469d0808.udd" 3286
"C:/Users/kbc12306156/AppData/Local/UnrealEngine/Common/DerivedDataCache/Buckets/LegacyTEXTURE/a4/99/5a386c53a9c2de03aaacb035bd3ad65e0ab1.udd" 3287
"C:/Users/kbc12306156/AppData/Local/UnrealEngine/Common/DerivedDataCache/Buckets/LegacyTEXTURE/1a/e9/0086cec07f870552b6158ffa9fb64ffa8d2e.udd" 3288
"C:/Users/kbc12306156/AppData/Local/UnrealEngine/Common/DerivedDataCache/Buckets/LegacyTEXTURE/62/ac/383dd1e0d3677e6c4847b58243d160aa7b40.udd" 3289
"C:/Users/kbc12306156/AppData/Local/UnrealEngine/Common/DerivedDataCache/Buckets/LegacyTEXTURE/db/e8/6d1dd70281fe2b4ab1d9e095d66fbf1842fb.udd" 3290
"C:/Users/kbc12306156/AppData/Local/UnrealEngine/Common/DerivedDataCache/Buckets/LegacyTEXTURE/54/25/a9ecc68fdc297363dd260876b00965ad64ed.udd" 3291
"C:/Users/kbc12306156/AppData/Local/UnrealEngine/Common/DerivedDataCache/Buckets/LegacyTEXTURE/ab/5b/275917ce0671f871eaaa78223faca2ab74bd.udd" 3292
"C:/Users/kbc12306156/AppData/Local/UnrealEngine/Common/DerivedDataCache/Buckets/LegacyTEXTURE/b5/eb/14531eeb349d3421c659c62bd566b82a2545.udd" 3293
"C:/Users/kbc12306156/AppData/Local/UnrealEngine/Common/DerivedDataCache/Buckets/LegacyTEXTURE/0c/48/ae3482ee3bdd2cf197f6fc174697a07cadcb.udd" 3294
"C:/Users/kbc12306156/AppData/Local/UnrealEngine/Common/DerivedDataCache/Buckets/LegacyTEXTURE/f6/2e/045994dab45515e84ac8f43929f816d303e2.udd" 3295
"C:/Users/kbc12306156/AppData/Local/UnrealEngine/Common/DerivedDataCache/Buckets/LegacyTEXTURE/92/fa/02e4afd5fa3835a425324842e77e20c835b5.udd" 3296
"C:/Users/kbc12306156/AppData/Local/UnrealEngine/Common/DerivedDataCache/Buckets/LegacyTEXTURE/39/bf/47e1d3123976c4252ad863ca88ca2825be69.udd" 3297
"C:/Users/kbc12306156/AppData/Local/UnrealEngine/Common/DerivedDataCache/Buckets/LegacyTEXTURE/b0/f1/8b5e109a20c66b1047ec940a2bf97be24db3.udd" 3298
"C:/Users/kbc12306156/AppData/Local/UnrealEngine/Common/DerivedDataCache/Buckets/LegacyTEXTURE/10/6a/cfeb7554264a430e223c8916e3f5a09f828b.udd" 3299
"C:/Users/kbc12306156/AppData/Local/UnrealEngine/Common/DerivedDataCache/Buckets/LegacyTEXTURE/62/79/4ead1f0e17b20c1c0db1d162855bbeb38147.udd" 3300
"C:/Users/kbc12306156/AppData/Local/UnrealEngine/Common/DerivedDataCache/Buckets/LegacyTEXTURE/5a/31/367dbca0ff7644f302ab664785c570213d84.udd" 3301
"C:/Users/kbc12306156/AppData/Local/UnrealEngine/Common/DerivedDataCache/Buckets/LegacyTEXTURE/f0/80/bc95c37147f010abea4820bc71f82584c2bf.udd" 3302
"C:/Users/kbc12306156/AppData/Local/UnrealEngine/Common/DerivedDataCache/Buckets/LegacyTEXTURE/4a/73/17c3c975cdcb0274ce3be9703fc4c72e6e92.udd" 3303
"C:/Users/kbc12306156/AppData/Local/UnrealEngine/Common/DerivedDataCache/Buckets/LegacyTEXTURE/38/5e/6a8fa7d503084158fe53937a660ef0e8c622.udd" 3304
"C:/Users/kbc12306156/AppData/Local/UnrealEngine/Common/DerivedDataCache/Buckets/LegacyTEXTURE/4f/bc/35c6aefb6a8a8576a6658a5c0100d72dc216.udd" 3305
"C:/Users/kbc12306156/AppData/Local/UnrealEngine/Common/DerivedDataCache/Buckets/LegacyTEXTURE/f4/e0/dc6a0818c593f4743bed1aa9600434ad6c72.udd" 3306
"C:/Users/kbc12306156/AppData/Local/UnrealEngine/Common/DerivedDataCache/Buckets/LegacyTEXTURE/2b/7c/5ee8973eef79e9b2a28810772c1ae1956c2f.udd" 3307
"C:/Users/kbc12306156/AppData/Local/UnrealEngine/Common/DerivedDataCache/Buckets/LegacyTEXTURE/f5/ca/980d8cb04ca9fa6d2cecec51bee37294d543.udd" 3308
"C:/Users/kbc12306156/AppData/Local/UnrealEngine/Common/DerivedDataCache/Buckets/LegacyTEXTURE/6c/27/3de901f9f812b68900a4269177dba28869a2.udd" 3309
"C:/Users/kbc12306156/AppData/Local/UnrealEngine/Common/DerivedDataCache/Buckets/LegacyTEXTURE/7c/f8/0e793c649af733d07a6c07886577ac475d46.udd" 3310
"C:/Users/kbc12306156/AppData/Local/UnrealEngine/Common/DerivedDataCache/Buckets/LegacyTEXTURE/5f/2d/ff4f3b47df1c4f3cd9b147e6c1fa65fed990.udd" 3311
"C:/Users/kbc12306156/AppData/Local/UnrealEngine/Common/DerivedDataCache/Buckets/LegacyTEXTURE/44/5f/93aa046a08e6d21446abc3061a89ba4b3a05.udd" 3312
"C:/Users/kbc12306156/AppData/Local/UnrealEngine/Common/DerivedDataCache/Buckets/LegacyTEXTURE/4a/65/e2b22b8793f446a3410a2d2e62439f84cd28.udd" 3313
"C:/Users/kbc12306156/AppData/Local/UnrealEngine/Common/DerivedDataCache/Buckets/LegacyTEXTURE/a6/62/67ddecabf5dde48719dfdc45043c5053a6df.udd" 3314
"C:/Users/kbc12306156/AppData/Local/UnrealEngine/Common/DerivedDataCache/Buckets/LegacyTEXTURE/f4/f8/fa5b8da93bb94498df7e313d6dc91e97163d.udd" 3315
"C:/Users/kbc12306156/AppData/Local/UnrealEngine/Common/DerivedDataCache/Buckets/LegacyTEXTURE/8c/1c/d0a9f5ce32d20221e488321e523062275774.udd" 3316
"C:/Users/kbc12306156/AppData/Local/UnrealEngine/Common/DerivedDataCache/Buckets/LegacyTEXTURE/a4/d2/3093c6b3ac12d4c00434bf9b3a0d04db4465.udd" 3317
"C:/Users/kbc12306156/AppData/Local/UnrealEngine/Common/DerivedDataCache/Buckets/LegacyTEXTURE/b5/fc/a688487b354818b71c636929ac5ceaa80ba6.udd" 3318
"C:/Users/kbc12306156/AppData/Local/UnrealEngine/Common/DerivedDataCache/Buckets/LegacyTEXTURE/4d/96/4eeb64f909d78b53a587a54839a0a440b289.udd" 3319
"C:/Users/kbc12306156/AppData/Local/UnrealEngine/Common/DerivedDataCache/Buckets/LegacyTEXTURE/2e/9e/52c1a815d3c9f43c97af6dd9e416e894039d.udd" 3320
"C:/Users/kbc12306156/AppData/Local/UnrealEngine/Common/DerivedDataCache/Buckets/LegacyTEXTURE/72/de/a454527385817f1d4868471a936de388fab8.udd" 3321
"C:/Users/kbc12306156/AppData/Local/UnrealEngine/Common/DerivedDataCache/Buckets/LegacyTEXTURE/76/bc/aef158caa7b692bb4a7b7f115eb96063cb44.udd" 3322
"C:/Users/kbc12306156/AppData/Local/UnrealEngine/Common/DerivedDataCache/Buckets/LegacyTEXTURE/17/a5/e6ad6d704c6fa33510182357af6c083f7bcf.udd" 3323
"C:/Users/kbc12306156/AppData/Local/UnrealEngine/Common/DerivedDataCache/Buckets/LegacyTEXTURE/5e/fd/1b288f431d08b4542b548e0da1f4e223d7e2.udd" 3324
"C:/Users/kbc12306156/AppData/Local/UnrealEngine/Common/DerivedDataCache/Buckets/LegacyTEXTURE/b4/2f/0c52fb6bd9fc38651a0b5683bbbe8d8c52dd.udd" 3325
"C:/Users/kbc12306156/AppData/Local/UnrealEngine/Common/DerivedDataCache/Buckets/LegacyTEXTURE/f1/f2/8e19c58e550f5ad988503cee754025e33d96.udd" 3326
"C:/Users/kbc12306156/AppData/Local/UnrealEngine/Common/DerivedDataCache/Buckets/LegacyTEXTURE/09/95/5fea786f797ad98349182ba1c933c6f9fb76.udd" 3327
"C:/Users/kbc12306156/AppData/Local/UnrealEngine/Common/DerivedDataCache/Buckets/LegacyTEXTURE/64/8f/dd756e7e196cd9fec8567cbf2f5563fea292.udd" 3328
"C:/Users/kbc12306156/AppData/Local/UnrealEngine/Common/DerivedDataCache/Buckets/LegacyTEXTURE/02/56/ee30d366a26157a8c160e82961a4866ec066.udd" 3329
"C:/Users/kbc12306156/AppData/Local/UnrealEngine/Common/DerivedDataCache/Buckets/LegacyTEXTURE/b9/3b/9b41c828e8938646a5c77d556f811967fb10.udd" 3330
"C:/Users/kbc12306156/AppData/Local/UnrealEngine/Common/DerivedDataCache/Buckets/LegacyTEXTURE/dc/51/2e9192620e18b022850ef6c575be41f75967.udd" 3331
"C:/Users/kbc12306156/AppData/Local/UnrealEngine/Common/DerivedDataCache/Buckets/LegacyTEXTURE/6d/ff/f3bddc7ef3ec6a869c2558e892f69de8a314.udd" 3332
"C:/Users/kbc12306156/AppData/Local/UnrealEngine/Common/DerivedDataCache/Buckets/LegacyTEXTURE/83/2a/c2f354cad5edfb1e93bcf789a122fe18621c.udd" 3333
"C:/Users/kbc12306156/AppData/Local/UnrealEngine/Common/DerivedDataCache/Buckets/LegacyTEXTURE/79/86/419f75e597935330a9cb0481e2f88b595fdf.udd" 3334
"C:/Users/kbc12306156/AppData/Local/UnrealEngine/Common/DerivedDataCache/Buckets/LegacyTEXTURE/6d/f7/6d864f1260991bbb20d18606addc638ef60f.udd" 3335
"C:/Users/kbc12306156/AppData/Local/UnrealEngine/Common/DerivedDataCache/Buckets/LegacyTEXTURE/54/52/19f26681e52c878867f0c8dd536f96d33bbc.udd" 3336
"C:/Users/kbc12306156/AppData/Local/UnrealEngine/Common/DerivedDataCache/Buckets/LegacyTEXTURE/6e/ea/ab5d730dd17fc2f2463ff249f0cebeac4c27.udd" 3337
"C:/Users/kbc12306156/AppData/Local/UnrealEngine/Common/DerivedDataCache/Buckets/LegacyTEXTURE/25/df/8d8acb69380e4f143e420cf14cf4cd576abf.udd" 3338
"C:/Users/kbc12306156/AppData/Local/UnrealEngine/Common/DerivedDataCache/Buckets/LegacyTEXTURE/50/63/d5c2a1ba3ade467e77adab350ff6858dbd54.udd" 3339
"C:/Users/kbc12306156/AppData/Local/UnrealEngine/Common/DerivedDataCache/Buckets/LegacyTEXTURE/c4/d8/1a339a93235c79843a5efe38d0376898ed1b.udd" 3340
"C:/Users/kbc12306156/AppData/Local/UnrealEngine/Common/DerivedDataCache/Buckets/LegacyTEXTURE/24/a2/d2239dd53f6ff4f66333adbec37a47fea938.udd" 3341
"C:/Users/kbc12306156/AppData/Local/UnrealEngine/Common/DerivedDataCache/Buckets/LegacyTEXTURE/be/12/59d79957a1d6214fce3845d1cf7c7e1257ae.udd" 3342
"C:/Users/kbc12306156/AppData/Local/UnrealEngine/Common/DerivedDataCache/Buckets/LegacyTEXTURE/68/f3/618cbe01e7e2660ee9d30cf06cdc1a896f45.udd" 3343
"C:/Users/kbc12306156/AppData/Local/UnrealEngine/Common/DerivedDataCache/Buckets/LegacyTEXTURE/1e/50/b2ae976b0045d39805cd77858d46390e0c6a.udd" 3344
"C:/Users/kbc12306156/AppData/Local/UnrealEngine/Common/DerivedDataCache/Buckets/LegacyTEXTURE/fb/f6/aa85bbfeb983beaa4facfd9fb11ef79d2b3c.udd" 3345
"C:/Users/kbc12306156/AppData/Local/UnrealEngine/Common/DerivedDataCache/Buckets/LegacyTEXTURE/b6/01/f0ef1e1542963d7a599f7d0d3c23598dd034.udd" 3346
"C:/Users/kbc12306156/AppData/Local/UnrealEngine/Common/DerivedDataCache/Buckets/LegacyTEXTURE/5e/e3/848b18eb82bc6677cf3e6c3fa8a1aa339260.udd" 3347
"C:/Users/kbc12306156/AppData/Local/UnrealEngine/Common/DerivedDataCache/Buckets/LegacyTEXTURE/75/2e/51812a78fda8d6582f44ae2b513b52de9f83.udd" 3348
"C:/Users/kbc12306156/AppData/Local/UnrealEngine/Common/DerivedDataCache/Buckets/LegacyTEXTURE/7b/cc/fbdd5e17dd54cf75a8ac07a3332a45e411b2.udd" 3349
"C:/Users/kbc12306156/AppData/Local/UnrealEngine/Common/DerivedDataCache/Buckets/LegacyTEXTURE/66/1b/5a9c5dfe6846e3e5436fa2a1b2686fcc4a17.udd" 3350
"C:/Users/kbc12306156/AppData/Local/UnrealEngine/Common/DerivedDataCache/Buckets/LegacyTEXTURE/68/d0/82a19cd7a60cd5655142ebd3ec1db4577c65.udd" 3351
"C:/Users/kbc12306156/AppData/Local/UnrealEngine/Common/DerivedDataCache/Buckets/LegacyTEXTURE/e5/e9/18f630293623a6026e52b2278aab0f701821.udd" 3352
"C:/Users/kbc12306156/AppData/Local/UnrealEngine/Common/DerivedDataCache/Buckets/LegacyTEXTURE/09/cb/a08b455b5160ca9c77821df8bd3214113327.udd" 3353
"C:/Users/kbc12306156/AppData/Local/UnrealEngine/Common/DerivedDataCache/Buckets/LegacyTEXTURE/72/a6/231b2fc2b39d40ad89ded6618ae05a2b4f64.udd" 3354
"C:/Users/kbc12306156/AppData/Local/UnrealEngine/Common/DerivedDataCache/Buckets/LegacyTEXTURE/bf/21/f2cee59ee0f5bac157da0bc712aae3f3140e.udd" 3355
"C:/Users/kbc12306156/AppData/Local/UnrealEngine/Common/DerivedDataCache/Buckets/LegacyTEXTURE/2a/35/0333d79e6830998183698976f28b501aea38.udd" 3356
"C:/Users/kbc12306156/AppData/Local/UnrealEngine/Common/DerivedDataCache/Buckets/LegacyTEXTURE/29/a5/6ff40fcd5281ef004a1d3321cd5dd2b78061.udd" 3357
"C:/Users/kbc12306156/AppData/Local/UnrealEngine/Common/DerivedDataCache/Buckets/LegacyTEXTURE/3d/fe/5ec023f62fa934190cc749ddd68cf2f42288.udd" 3358
"C:/Users/kbc12306156/AppData/Local/UnrealEngine/Common/DerivedDataCache/Buckets/LegacyTEXTURE/b2/f7/e2e2a95c742b7564b013f23a63f7e6e85047.udd" 3359
"C:/Users/kbc12306156/AppData/Local/UnrealEngine/Common/DerivedDataCache/Buckets/LegacyTEXTURE/49/d8/97198456c95720af75597ba399810afd9d09.udd" 3360
"C:/Users/kbc12306156/AppData/Local/UnrealEngine/Common/DerivedDataCache/Buckets/LegacyTEXTURE/5b/59/562f3321e885437456364908387bc5486006.udd" 3361
"C:/Users/kbc12306156/AppData/Local/UnrealEngine/Common/DerivedDataCache/Buckets/LegacyTEXTURE/35/00/f0f09d057e642365fcb36257af6b6d738a59.udd" 3362
"C:/Users/kbc12306156/AppData/Local/UnrealEngine/Common/DerivedDataCache/Buckets/LegacyTEXTURE/e8/2e/c516381d6ccd9da5d26dfc41c5f11ec0f7c0.udd" 3363
"C:/Users/kbc12306156/AppData/Local/UnrealEngine/Common/DerivedDataCache/Buckets/LegacyTEXTURE/76/c2/0a9276c567d9ee93deb2461261034f8f309d.udd" 3364
"C:/Users/kbc12306156/AppData/Local/UnrealEngine/Common/DerivedDataCache/Buckets/LegacyTEXTURE/32/d4/52faaf3d4c4e8c194b0438d8852ed88f890c.udd" 3365
"C:/Users/kbc12306156/AppData/Local/UnrealEngine/Common/DerivedDataCache/Buckets/LegacyTEXTURE/f1/45/ceb6e9754159516416cc56fa72d3db33bdc3.udd" 3366
"C:/Users/kbc12306156/AppData/Local/UnrealEngine/Common/DerivedDataCache/Buckets/LegacyTEXTURE/81/02/0d9e0a4056c60fe179502920e2d835d05685.udd" 3367
"C:/Users/kbc12306156/AppData/Local/UnrealEngine/Common/DerivedDataCache/Buckets/LegacyTEXTURE/d9/d3/15b195a8cb8a039a0050d1ed28afeef3ae0e.udd" 3368
"C:/Users/kbc12306156/AppData/Local/UnrealEngine/Common/DerivedDataCache/Buckets/LegacyTEXTURE/c7/bc/7d0aaf195f4d2bc6621dcf70b8e8d8f7bec3.udd" 3369
"C:/Users/kbc12306156/AppData/Local/UnrealEngine/Common/DerivedDataCache/Buckets/LegacyTEXTURE/c6/70/638e83099cf8649afb9373e0e24f856c3e89.udd" 3370
"C:/Users/kbc12306156/AppData/Local/UnrealEngine/Common/DerivedDataCache/Buckets/LegacyTEXTURE/3f/50/748f38a5d109d06e0c3a545d443d1ab6ddf6.udd" 3371
"C:/Users/kbc12306156/AppData/Local/UnrealEngine/Common/DerivedDataCache/Buckets/LegacyTEXTURE/08/74/4c3e75279a3c4650a1b8f28a1ca36a149837.udd" 3372
"C:/Users/kbc12306156/AppData/Local/UnrealEngine/Common/DerivedDataCache/Buckets/LegacyTEXTURE/f7/f8/0d62914525b4b1a9e9b8caa1cdb563ba50e3.udd" 3373
"C:/Users/kbc12306156/AppData/Local/UnrealEngine/Common/DerivedDataCache/Buckets/LegacyTEXTURE/64/cd/945ef11dcc16ccc36e2fa3454cf36f283262.udd" 3374
"C:/Users/kbc12306156/AppData/Local/UnrealEngine/Common/DerivedDataCache/Buckets/LegacyTEXTURE/ca/e0/500e57d2b8026150b30dc79e27cd4364a607.udd" 3375
"C:/Users/kbc12306156/AppData/Local/UnrealEngine/Common/DerivedDataCache/Buckets/LegacyTEXTURE/18/2f/3a10ac5157f4e64c8b644227940ccdc21b75.udd" 3376
"C:/Users/kbc12306156/AppData/Local/UnrealEngine/Common/DerivedDataCache/Buckets/LegacyTEXTURE/56/5b/dcd4e05564ca24e7c102a5613e3112987130.udd" 3377
"C:/Users/kbc12306156/AppData/Local/UnrealEngine/Common/DerivedDataCache/Buckets/LegacyTEXTURE/92/59/7fc0cdc1aa5f07cd163e66c6347c1a268c35.udd" 3378
"C:/Users/kbc12306156/AppData/Local/UnrealEngine/Common/DerivedDataCache/Buckets/LegacyTEXTURE/e0/30/25bed6a6211e418977a6b014ccd76d955743.udd" 3379
"C:/Users/kbc12306156/AppData/Local/UnrealEngine/Common/DerivedDataCache/Buckets/LegacyTEXTURE/01/9b/3c7472f2db37ffa7025a03fb25154ba566c9.udd" 3380
"C:/Users/kbc12306156/AppData/Local/UnrealEngine/Common/DerivedDataCache/Buckets/LegacyTEXTURE/5f/bb/5c7732f323b7a3b7ed58132b60627207a912.udd" 3381
"C:/Users/kbc12306156/AppData/Local/UnrealEngine/Common/DerivedDataCache/Buckets/LegacyTEXTURE/0f/a8/6de78d319016f4a5cb601d1b4e5ff4b13ff2.udd" 3382
"C:/Users/kbc12306156/AppData/Local/UnrealEngine/Common/DerivedDataCache/Buckets/LegacyTEXTURE/de/f2/ac043fb1a75eee2fb97d3abd6d67ff5ad0dc.udd" 3383
"C:/Users/kbc12306156/AppData/Local/UnrealEngine/Common/DerivedDataCache/Buckets/LegacyTEXTURE/70/74/a66f8d92fb911bdab54a285ac024d2b4b3af.udd" 3384
"C:/Users/kbc12306156/AppData/Local/UnrealEngine/Common/DerivedDataCache/Buckets/LegacyTEXTURE/17/44/f2a79f1c04fddb7ceff62e5b7688679c353c.udd" 3385
"C:/Users/kbc12306156/AppData/Local/UnrealEngine/Common/DerivedDataCache/Buckets/LegacyTEXTURE/6e/8a/a5a30d5f6c344b2eb8e3a576181faa54988d.udd" 3386
"C:/Users/kbc12306156/AppData/Local/UnrealEngine/Common/DerivedDataCache/Buckets/LegacyTEXTURE/6f/42/7d1fcc193fccad087a7cd5a97ca19ca12339.udd" 3387
"C:/Users/kbc12306156/AppData/Local/UnrealEngine/Common/DerivedDataCache/Buckets/LegacyTEXTURE/57/1b/99a9bfd496cf9f5cf94e8adcb75ecb7b9640.udd" 3388
"C:/Users/kbc12306156/AppData/Local/UnrealEngine/Common/DerivedDataCache/Buckets/LegacyTEXTURE/52/03/a2463990fd2b3cd405d1b5d15ca0142ab059.udd" 3389
"C:/Users/kbc12306156/AppData/Local/UnrealEngine/Common/DerivedDataCache/Buckets/LegacyTEXTURE/4d/55/d1a15983b572b0c07d5d0c903670ee6c10a4.udd" 3390
"C:/Users/kbc12306156/AppData/Local/UnrealEngine/Common/DerivedDataCache/Buckets/LegacyTEXTURE/2b/fb/b721ce337c88a4d3ed849a642590b35fe55c.udd" 3391
"C:/Users/kbc12306156/AppData/Local/UnrealEngine/Common/DerivedDataCache/Buckets/LegacyTEXTURE/0a/20/1272bd37d21cceb38fd101cb590df494868d.udd" 3392
"C:/Users/kbc12306156/AppData/Local/UnrealEngine/Common/DerivedDataCache/Buckets/LegacyTEXTURE/e9/76/35b34359045926aa4912901b79bb2c97f428.udd" 3393
"C:/Users/kbc12306156/AppData/Local/UnrealEngine/Common/DerivedDataCache/Buckets/LegacyTEXTURE/df/4b/3c688d81179fa709c289588802c61277b0b2.udd" 3394
"C:/Users/kbc12306156/AppData/Local/UnrealEngine/Common/DerivedDataCache/Buckets/LegacyTEXTURE/c2/86/6768948bf06ab0d091966b471135c9901503.udd" 3395
"C:/Users/kbc12306156/AppData/Local/UnrealEngine/Common/DerivedDataCache/Buckets/LegacyTEXTURE/89/c8/529dc7ebbf02ffc15fe25ef0f66e1ebcf12e.udd" 3396
"C:/Users/kbc12306156/AppData/Local/UnrealEngine/Common/DerivedDataCache/Buckets/LegacyTEXTURE/03/bd/234209cc025784dcad762f990d0d5bded0ac.udd" 3397
"C:/Users/kbc12306156/AppData/Local/UnrealEngine/Common/DerivedDataCache/Buckets/LegacyTEXTURE/54/39/f07264d607bd1b96034698d01628af219471.udd" 3398
"C:/Users/kbc12306156/AppData/Local/UnrealEngine/Common/DerivedDataCache/Buckets/LegacyTEXTURE/be/4b/72b1a0d336d8d6193d71f6e075f7c146a097.udd" 3399
"C:/Users/kbc12306156/AppData/Local/UnrealEngine/Common/DerivedDataCache/Buckets/LegacyTEXTURE/86/c7/1eb369333061011c7b2463b05ae83f1224b4.udd" 3400
"C:/Users/kbc12306156/AppData/Local/UnrealEngine/Common/DerivedDataCache/Buckets/LegacyTEXTURE/fb/fa/449c22de7ef6ec96e07bfc1519a08d524403.udd" 3401
"C:/Users/kbc12306156/AppData/Local/UnrealEngine/Common/DerivedDataCache/Buckets/LegacyTEXTURE/20/19/219d25939d4e37a84225a5df538dbd2588ca.udd" 3402
"C:/Users/kbc12306156/AppData/Local/UnrealEngine/Common/DerivedDataCache/Buckets/LegacyTEXTURE/c3/15/06193372d36c9c9d8f8d9b39b744f4ba091a.udd" 3403
"C:/Users/kbc12306156/AppData/Local/UnrealEngine/Common/DerivedDataCache/Buckets/LegacyTEXTURE/c0/bf/8c3892b976faa15696a7e9159348f757a3b7.udd" 3404
"C:/Users/kbc12306156/AppData/Local/UnrealEngine/Common/DerivedDataCache/Buckets/LegacyTEXTURE/6c/83/2a95556ae490488c9e51935afbe1c5aa5d1b.udd" 3405
"C:/Users/kbc12306156/AppData/Local/UnrealEngine/Common/DerivedDataCache/Buckets/LegacyTEXTURE/17/94/fc4a31bc1220d2e6f8ba19518e5b4964a639.udd" 3406
"C:/Users/kbc12306156/AppData/Local/UnrealEngine/Common/DerivedDataCache/Buckets/LegacyTEXTURE/b6/b6/8e9692de9dd9c92075fd00b0af40e8b3a4e2.udd" 3407
"C:/Users/kbc12306156/AppData/Local/UnrealEngine/Common/DerivedDataCache/Buckets/LegacyTEXTURE/fa/ed/001c3ef7696da0b4de9b4abbe1131dafa6ad.udd" 3408
"C:/Users/kbc12306156/AppData/Local/UnrealEngine/Common/DerivedDataCache/Buckets/LegacyTEXTURE/74/96/3c56cc0789cc0f31dae8d2b990cc62d76113.udd" 3409
"C:/PG/GFFproject/Content/MegaMagicVFXBundle/VFX/MagicalExplosionsVFX/Essentials/Textures/T_TilingNoise.uasset" 3410
"C:/PG/GFFproject/Content/MonsterForSurvivalGame/Mesh/PBR/Cactus_Skeleton.uasset" 3411
"C:/PG/GFFproject/Content/MonsterForSurvivalGame/Mesh/PBR/ChestMonster_Skeleton.uasset" 3412
"C:/PG/GFFproject/Content/MonsterForSurvivalGame/Mesh/PBR/Mushroom_Skeleton.uasset" 3413
"C:/PG/GFFproject/Content/MonsterForSurvivalGame/Mesh/PBR/Swarm09_SK_Skeleton.uasset" 3414
"C:/Users/kbc12306156/AppData/Local/UnrealEngine/Common/DerivedDataCache/Buckets/BulkDataList/61/52/717ef1c0832bced6be37fea9b26acc350136.udd" 3415
"C:/PG/GFFproject/Content/MonsterForSurvivalGame/Mesh/PBR/TurtleShell_Skeleton.uasset" 3416
"C:/Users/kbc12306156/AppData/Local/UnrealEngine/Common/DerivedDataCache/Buckets/LegacyTEXTURE/e2/16/497ea7647c3e5f5858abb9f16c5b68367a18.udd" 3417
"C:/Users/kbc12306156/AppData/Local/UnrealEngine/Common/DerivedDataCache/Buckets/LegacyTEXTURE/53/de/0d085296602f64f55b8cb2fa6b5689add604.udd" 3418
"C:/PG/GFFproject/Content/MonsterForSurvivalGame/Mesh/PBR/Cactus_PhysicsAsset.uasset" 3419
"C:/Users/kbc12306156/AppData/Local/UnrealEngine/Common/DerivedDataCache/Buckets/LegacyTEXTURE/44/c7/7903adac7152230f5e93b0372ff3b7be8b81.udd" 3420
"C:/Users/kbc12306156/AppData/Local/UnrealEngine/Common/DerivedDataCache/Buckets/BulkDataList/69/b2/6432e70ebe93d4d401e54cbc6021fc6de3b3.udd" 3421
"C:/Users/kbc12306156/AppData/Local/UnrealEngine/Common/DerivedDataCache/Buckets/LegacyTEXTURE/cb/e4/0135fd0a2cc97eb3e7c5728a218752322b02.udd" 3422
"C:/PG/GFFproject/Content/MonsterForSurvivalGame/Mesh/PBR/ChestMonster_PhysicsAsset.uasset" 3423
"C:/Users/kbc12306156/AppData/Local/UnrealEngine/Common/DerivedDataCache/Buckets/LegacyTEXTURE/88/39/a584c7f0269a83de64f8395367b3146f3fe5.udd" 3424
"C:/Users/kbc12306156/AppData/Local/UnrealEngine/Common/DerivedDataCache/Buckets/LegacyTEXTURE/03/7d/5f66ffaf7c3dd46e07972215e088ea0a089a.udd" 3425
"C:/Users/kbc12306156/AppData/Local/UnrealEngine/Common/DerivedDataCache/Buckets/BulkDataList/b9/f1/2029f66f6e79a65f9014b2aa2ee6ad03af45.udd" 3426
"C:/Users/kbc12306156/AppData/Local/UnrealEngine/Common/DerivedDataCache/Buckets/LegacyTEXTURE/04/7c/8470261829aaa963020b7b4fb6e8f7c15c94.udd" 3427
"C:/PG/GFFproject/Content/MonsterForSurvivalGame/Mesh/PBR/Mushroom_PhysicsAsset.uasset" 3428
"C:/Users/kbc12306156/AppData/Local/UnrealEngine/Common/DerivedDataCache/Buckets/BulkDataList/05/9d/0531d5460974fda477d295ef97b9cd157804.udd" 3429
"C:/PG/GFFproject/Content/MonsterForSurvivalGame/Mesh/PBR/Swarm09_SK_PhysicsAsset.uasset" 3430
"C:/Users/kbc12306156/AppData/Local/UnrealEngine/Common/DerivedDataCache/Buckets/BulkDataList/e9/be/d373394d1092b615b5620acd02cca4bde941.udd" 3431
"C:/PG/GFFproject/Content/MonsterForSurvivalGame/Mesh/PBR/TurtleShell_PhysicsAsset.uasset" 3432
"C:/Users/kbc12306156/AppData/Local/UnrealEngine/Common/DerivedDataCache/Buckets/BulkDataList/2c/21/dcfce740a66ffce0b8aaf7182837580e7f6f.udd" 3433
"C:/PG/GFFproject/Content/RadicalMike/textures/Buster/T_Clouds.uasset" 3434
"C:/Users/kbc12306156/AppData/Local/UnrealEngine/Common/DerivedDataCache/Buckets/BulkDataList/e9/9e/2907da9d5e91b2317a039f1a905ac72d97ad.udd" 3435
"C:/PG/GFFproject/Content/RadicalMike/textures/Buster/T_RadicalBuster_Base_color.uasset" 3436
"C:/Users/kbc12306156/AppData/Local/UnrealEngine/Common/DerivedDataCache/Buckets/BulkDataList/16/d9/0e32c1e4a632dd2945718a11b1c8275745b0.udd" 3437
"C:/PG/GFFproject/Content/RadicalMike/textures/Buster/T_RadicalBuster_Emissive.uasset" 3438
"C:/PG/GFFproject/Content/RadicalMike/textures/Buster/T_RadicalBuster_Mask.uasset" 3439
"C:/PG/GFFproject/Content/RadicalMike/textures/Buster/T_RadicalBuster_Normal.uasset" 3440
"C:/Users/kbc12306156/AppData/Local/UnrealEngine/Common/DerivedDataCache/Buckets/BulkDataList/d3/5a/49518fdde294e6073105a8dee2acde732eef.udd" 3441
"C:/Users/kbc12306156/AppData/Local/UnrealEngine/Common/DerivedDataCache/Buckets/LegacyAudio/67/a8/314a8af7fb502567a4ae42ae331b2980ec3f.udd" 3442
"C:/Users/kbc12306156/AppData/Local/UnrealEngine/Common/DerivedDataCache/Buckets/LegacySTREAMEDAUDIO/1c/78/0e530cd9183ea0288a98fc3656e011d72e37.udd" 3443
"C:/Users/kbc12306156/AppData/Local/UnrealEngine/Common/DerivedDataCache/Buckets/LegacySTREAMEDAUDIO/6b/20/5ac48e69b67044777058d1e8fb006518d126.udd" 3444
"C:/Users/kbc12306156/AppData/Local/UnrealEngine/Common/DerivedDataCache/Buckets/LegacySTREAMEDAUDIO/f7/18/4a3e7f7cc2759cddc2acaedf1d9d40a91603.udd" 3445
"C:/Users/kbc12306156/AppData/Local/UnrealEngine/Common/DerivedDataCache/Buckets/LegacyTEXTURE/71/29/3d04234eea7b9d5210aa2bf87e178dce6715.udd" 3446
"C:/Users/kbc12306156/AppData/Local/UnrealEngine/Common/DerivedDataCache/Buckets/LegacyTEXTURE/19/d3/4a9cc643381aef9a455921a5d15137e9550c.udd" 3447
"C:/Users/kbc12306156/AppData/Local/UnrealEngine/Common/DerivedDataCache/Buckets/LegacyTEXTURE/03/33/6638fa283a4248489090b3366642d4283555.udd" 3448
"C:/Users/kbc12306156/AppData/Local/UnrealEngine/Common/DerivedDataCache/Buckets/LegacyTEXTURE/a2/13/f13f7d4b9fc674bd17d1cf1539fee35cd3f0.udd" 3449
"C:/Users/kbc12306156/AppData/Local/UnrealEngine/Common/DerivedDataCache/Content/b2/18/787fae3937732d6253f6bc84d2f2b060f162.udd" 3450
"C:/Users/kbc12306156/AppData/Local/UnrealEngine/Common/DerivedDataCache/Content/c8/3e/dd35a6559157bd0c974b0fbabe9b88cc9d08.udd" 3451
"C:/Users/kbc12306156/AppData/Local/UnrealEngine/Common/DerivedDataCache/Buckets/LegacyTEXTURE/b7/10/ebb29308a43d1ca5bd1b0d9ab2d934fb508b.udd" 3452
"C:/Users/kbc12306156/AppData/Local/UnrealEngine/Common/DerivedDataCache/Buckets/LegacyTEXTURE/2d/de/8a2158257c580657954ff24b23f58947676e.udd" 3453
"C:/Users/kbc12306156/AppData/Local/UnrealEngine/Common/DerivedDataCache/Buckets/LegacyTEXTURE/6d/0a/72a0a3af883ee9d3f51df4c63ad6f06754f0.udd" 3454
"C:/Users/kbc12306156/AppData/Local/UnrealEngine/Common/DerivedDataCache/Buckets/LegacyTEXTURE/91/85/72f46844780b39b1c7d281468e9e9faa314c.udd" 3455
"C:/Users/kbc12306156/AppData/Local/UnrealEngine/Common/DerivedDataCache/Content/f2/6f/8dfe229c63498ef1d423400ce55eac5d016f.udd" 3456
"C:/Users/kbc12306156/AppData/Local/UnrealEngine/Common/DerivedDataCache/Content/33/0d/7a25ea9d9a5e775a4e99c8ebf6ae042c0a17.udd" 3457
"C:/PG/GFFproject/Content/RadicalMike/textures/Buster/T_RadicalBuster_Stacked.uasset" 3458
"C:/PG/GFFproject/Content/RadicalMike/textures/Lens/T_ZMikeLens_Base_color.uasset" 3459
"C:/Users/kbc12306156/AppData/Local/UnrealEngine/Common/DerivedDataCache/Buckets/LegacyTEXTURE/52/d4/672ce6ab241b16979bf2baf107f3ce718d6d.udd" 3460
"C:/PG/GFFproject/Content/RadicalMike/textures/Lens/T_ZMikeLens_Emissive.uasset" 3461
"C:/Users/kbc12306156/AppData/Local/UnrealEngine/Common/DerivedDataCache/Buckets/LegacyTEXTURE/97/ac/e1f2d89382f91bcbc286aae659c73566b0d0.udd" 3462
"C:/PG/GFFproject/Content/RadicalMike/textures/Lens/T_ZMikeLens_Normal.uasset" 3463
"C:/Users/kbc12306156/AppData/Local/UnrealEngine/Common/DerivedDataCache/Buckets/LegacyTEXTURE/da/fe/fa9026c3a9bffde51eac3af802f8fbeed49b.udd" 3464
"C:/PG/GFFproject/Content/RadicalMike/textures/Lens/T_ZMikeLens_Stacked.uasset" 3465
"C:/Users/kbc12306156/AppData/Local/UnrealEngine/Common/DerivedDataCache/Buckets/LegacyTEXTURE/65/df/1798c090500814561b8a6a0c68e87ef801f6.udd" 3466
"C:/Users/kbc12306156/AppData/Local/UnrealEngine/Common/DerivedDataCache/Buckets/LegacyTEXTURE/fd/55/c6c5720a1b4f9ecf47c28665119e698d76e2.udd" 3467
"C:/Users/kbc12306156/AppData/Local/UnrealEngine/Common/DerivedDataCache/Buckets/LegacyTEXTURE/85/4f/1e7d223c2fd8aea22737b9fcdece85ae76ef.udd" 3468
"C:/Users/kbc12306156/AppData/Local/UnrealEngine/Common/DerivedDataCache/Buckets/LegacyTEXTURE/ba/ab/21d8d7d6b1bfc2a8a580cda36830ae091264.udd" 3469
"C:/PG/GFFproject/Content/StarterContent/Textures/T_Concrete_Tiles_D.uasset" 3470
"C:/Users/kbc12306156/AppData/Local/UnrealEngine/Common/DerivedDataCache/Buckets/LegacyTEXTURE/e5/96/5d5582a3b9564b4f57f5d752b469083d18da.udd" 3471
"C:/Users/kbc12306156/AppData/Local/UnrealEngine/Common/DerivedDataCache/Buckets/LegacyTEXTURE/ba/34/9126b8cb0420735460404791950df36f0be2.udd" 3472
"C:/Users/kbc12306156/AppData/Local/UnrealEngine/Common/DerivedDataCache/Buckets/LegacyTEXTURE/9d/44/87bd7af8c8add12b2200f9ee6ae824937d65.udd" 3473
"C:/Users/kbc12306156/AppData/Local/UnrealEngine/Common/DerivedDataCache/Content/70/03/21661a106ff8dcbb4c0ec20e861f92a8609d.udd" 3474
"C:/Users/kbc12306156/AppData/Local/UnrealEngine/Common/DerivedDataCache/Content/60/82/054c9c96dd5aa22cc43cb56ab52a49832eae.udd" 3475
"C:/PG/GFFproject/Content/StarterContent/Textures/T_Concrete_Tiles_M.uasset" 3476
"C:/Users/kbc12306156/AppData/Local/UnrealEngine/Common/DerivedDataCache/Buckets/LegacyTEXTURE/9d/39/b4464686cb1cce30f980369d6a736ba39d85.udd" 3477
"C:/Users/kbc12306156/AppData/Local/UnrealEngine/Common/DerivedDataCache/Buckets/LegacyTEXTURE/ba/57/cb3cfb558878a1391fce9fac7ae87336d518.udd" 3478
"C:/Users/kbc12306156/AppData/Local/UnrealEngine/Common/DerivedDataCache/Buckets/LegacyTEXTURE/92/94/70d6f9ac2f129256ccdfdc70a4c7ce66d223.udd" 3479
"C:/PG/GFFproject/Content/StarterContent/Textures/T_Concrete_Tiles_N.uasset" 3480
"C:/PG/GFFproject/Content/StarterContent/Textures/T_Concrete_Tiles_Variation_M.uasset" 3481
"C:/PG/GFFproject/Content/StarterContent/Textures/T_MacroVariation.uasset" 3482
"C:/PG/GFFproject/Content/StarterContent/Textures/T_Tech_Hex_Tile_M.uasset" 3483
"C:/Users/kbc12306156/AppData/Local/UnrealEngine/Common/DerivedDataCache/Buckets/BulkDataList/88/71/568e61840acb9a5f1e30b0ca05393d53f2fb.udd" 3484
"C:/Users/kbc12306156/AppData/Local/UnrealEngine/Common/DerivedDataCache/Buckets/LegacyTEXTURE/b5/f1/589231304634cdd93183e347f93ab54f98fc.udd" 3485
"C:/PG/GFFproject/Content/StarterContent/Textures/T_Tech_Hex_Tile_N.uasset" 3486
"C:/Users/kbc12306156/AppData/Local/UnrealEngine/Common/DerivedDataCache/Content/ba/cd/66591b81b90024d1e442e856e6f674214d7b.udd" 3487
"C:/Users/kbc12306156/AppData/Local/UnrealEngine/Common/DerivedDataCache/Buckets/BulkDataList/99/a1/a726dd0f5f55832e11d47758c13639f735ba.udd" 3488
"C:/PG/GFFproject/Content/BGM-SE/???3.uasset" 3489
"C:/Users/kbc12306156/AppData/Local/UnrealEngine/Common/DerivedDataCache/Buckets/BulkDataList/68/81/273b8fba8d767f97b8e2ff2bec5bba69336a.udd" 3490
"C:/PG/GFFproject/Content/Vefects/Free_Fire/Demo/Textures/GridMetrics/T_Metrics_Grid_basecolor.uasset" 3491
"C:/Users/kbc12306156/AppData/Local/UnrealEngine/Common/DerivedDataCache/Buckets/BulkDataList/3c/66/bd26c3d7dec2ec592b5eb87d00171c246ad9.udd" 3492
"C:/PG/GFFproject/Content/Vefects/Free_Fire/Demo/Textures/GridMetrics/T_Metrics_Grid_normal.uasset" 3493
"C:/Users/kbc12306156/AppData/Local/UnrealEngine/Common/DerivedDataCache/Buckets/BulkDataList/49/96/700b6dbded2bc4b60c8a3f9089dd53040acd.udd" 3494
"C:/Users/kbc12306156/AppData/Local/UnrealEngine/Common/DerivedDataCache/Buckets/LegacyTEXTURE/81/68/5218c2c03ecc9a3852a1995d89187f69ef61.udd" 3495
"C:/Users/kbc12306156/AppData/Local/UnrealEngine/Common/DerivedDataCache/Buckets/LegacyTEXTURE/aa/d8/e8f2bc429787922b46e80f1e4d48a0c3506b.udd" 3496
"C:/PG/GFFproject/Content/Arena/Textures/T_WallBricks05_BC.uasset" 3497
"C:/Users/kbc12306156/AppData/Local/UnrealEngine/Common/DerivedDataCache/Content/6f/6f/a74603accf82a4014d65bff0508d0d54a637.udd" 3498
"C:/Users/kbc12306156/AppData/Local/UnrealEngine/Common/DerivedDataCache/Buckets/BulkDataList/b7/0e/0000e1cfeaf9550b0c27cd32c53baf1de21c.udd" 3499
"C:/Users/kbc12306156/AppData/Local/UnrealEngine/Common/DerivedDataCache/Buckets/LegacyTEXTURE/b4/b6/99c8c586dbc56c7ad79823b3d33553a2663f.udd" 3500
"C:/Users/kbc12306156/AppData/Local/UnrealEngine/Common/DerivedDataCache/Buckets/LegacyTEXTURE/ba/b6/fbadf2924d7aa0abf33744e3e44e0792083d.udd" 3501
"C:/Users/kbc12306156/AppData/Local/UnrealEngine/Common/DerivedDataCache/Buckets/LegacyTEXTURE/18/29/9872ca799036c23824bc1c84ff3f8656c4a3.udd" 3502
"C:/Users/kbc12306156/AppData/Local/UnrealEngine/Common/DerivedDataCache/Buckets/LegacyTEXTURE/f4/60/d7e0e6cce3e2bac2d380da3f2485562837ae.udd" 3503
"C:/Users/kbc12306156/AppData/Local/UnrealEngine/Common/DerivedDataCache/Content/74/4c/eb3c1b2f6a936135aca9808f86e8e4f2e543.udd" 3504
"C:/Users/kbc12306156/AppData/Local/UnrealEngine/Common/DerivedDataCache/Buckets/LegacyTEXTURE/0d/a7/533a0f3bbfdb755f41fd2d02668be9f93f80.udd" 3505
"C:/Users/kbc12306156/AppData/Local/UnrealEngine/Common/DerivedDataCache/Content/76/09/4f35c5b507c6544371813f68f770732cae9c.udd" 3506
"C:/Users/kbc12306156/AppData/Local/UnrealEngine/Common/DerivedDataCache/Buckets/LegacyTEXTURE/16/3a/d3fe8eb8bf292d28f5ba4ac21d3ddb28b270.udd" 3507
"C:/Users/kbc12306156/AppData/Local/UnrealEngine/Common/DerivedDataCache/Buckets/LegacyTEXTURE/aa/ef/a940e042a3604d2dde99f0e5f9a53b6fbef7.udd" 3508
"C:/Users/kbc12306156/AppData/Local/UnrealEngine/Common/DerivedDataCache/Buckets/LegacyTEXTURE/63/70/8f2668371ed58e038f67ede5ae8476d90e4b.udd" 3509
"C:/Users/kbc12306156/AppData/Local/UnrealEngine/Common/DerivedDataCache/Buckets/LegacyTEXTURE/09/cc/90076e04adf75c8b0a78230bac03b7c7884d.udd" 3510
"C:/Users/kbc12306156/AppData/Local/UnrealEngine/Common/DerivedDataCache/Buckets/LegacyTEXTURE/0c/9e/3d01c94fe86566c6d1058f7b53918052b9a2.udd" 3511
"C:/Users/kbc12306156/AppData/Local/UnrealEngine/Common/DerivedDataCache/Buckets/LegacyTEXTURE/8d/6d/742ac82638ffe8cf38d092169a01471e3c20.udd" 3512
"C:/Users/kbc12306156/AppData/Local/UnrealEngine/Common/DerivedDataCache/Buckets/LegacyTEXTURE/ff/b3/071aa7e4f5b3e087b4bf1714842cd3b828c0.udd" 3513
"C:/Users/kbc12306156/AppData/Local/UnrealEngine/Common/DerivedDataCache/Buckets/LegacyTEXTURE/a3/76/ab5405698a60d79069d685a90337ca582d85.udd" 3514
"C:/Users/kbc12306156/AppData/Local/UnrealEngine/Common/DerivedDataCache/Buckets/LegacyTEXTURE/c8/ba/302d230cc468696ebab94dc4267949b31d7e.udd" 3515
"C:/Users/kbc12306156/AppData/Local/UnrealEngine/Common/DerivedDataCache/Content/9e/64/852a2ed42fb8e5196904a6f61efa791c7959.udd" 3516
"C:/Users/kbc12306156/AppData/Local/UnrealEngine/Common/DerivedDataCache/Buckets/LegacyTEXTURE/78/13/63ec8b2ebc63a6cfa4b3bb86f636219a068d.udd" 3517
"C:/Users/kbc12306156/AppData/Local/UnrealEngine/Common/DerivedDataCache/Buckets/LegacyTEXTURE/f7/e8/c190300709e8293dd9dcec9735544ea1bd45.udd" 3518
"C:/Users/kbc12306156/AppData/Local/UnrealEngine/Common/DerivedDataCache/Buckets/LegacyTEXTURE/e0/e1/1fbd847798c88f380e333b7cc3537ac2948b.udd" 3519
"C:/Users/kbc12306156/AppData/Local/UnrealEngine/Common/DerivedDataCache/Content/dc/7d/1990ebf69da7156b11cac03459262190e698.udd" 3520
"C:/Users/kbc12306156/AppData/Local/UnrealEngine/Common/DerivedDataCache/Buckets/LegacyTEXTURE/3a/12/03fa09871536d5c9a6114f497ca90e78a838.udd" 3521
"C:/Users/kbc12306156/AppData/Local/UnrealEngine/Common/DerivedDataCache/Buckets/LegacyTEXTURE/52/fd/cd4feb51c1fdcd1c6fe067e3905743136c53.udd" 3522
"C:/Users/kbc12306156/AppData/Local/UnrealEngine/Common/DerivedDataCache/Content/dd/3d/ba3eb5a659d8f50dcd20e952b5e227303252.udd" 3523
"C:/Users/kbc12306156/AppData/Local/UnrealEngine/Common/DerivedDataCache/Buckets/LegacyTEXTURE/da/a8/b3db319ca9a54c47f9d26e2d9bbc13fc6fd6.udd" 3524
"C:/Users/kbc12306156/AppData/Local/UnrealEngine/Common/DerivedDataCache/Buckets/LegacyTEXTURE/c5/cf/b0062cb4bd604b7a162701908a535642712b.udd" 3525
"C:/Users/kbc12306156/AppData/Local/UnrealEngine/Common/DerivedDataCache/Buckets/LegacyTEXTURE/98/81/9ea4860cf4e5fb82ee725da18c10d3999faa.udd" 3526
"C:/Users/kbc12306156/AppData/Local/UnrealEngine/Common/DerivedDataCache/Buckets/LegacyTEXTURE/d1/dc/560144263594c115865665738a1c2a66bf07.udd" 3527
"C:/Users/kbc12306156/AppData/Local/UnrealEngine/Common/DerivedDataCache/Buckets/LegacyTEXTURE/61/22/fe7596a7627a7ed22d595491103426b60be2.udd" 3528
"C:/Users/kbc12306156/AppData/Local/UnrealEngine/Common/DerivedDataCache/Buckets/LegacyTEXTURE/75/ad/04ea84c01b86a1bfbdfad0fb34f7ac02d633.udd" 3529
"C:/Users/kbc12306156/AppData/Local/UnrealEngine/Common/DerivedDataCache/Buckets/LegacyTEXTURE/f0/f7/489e3b3db517cb1f77d46806833b8a369a2f.udd" 3530
"C:/Users/kbc12306156/AppData/Local/UnrealEngine/Common/DerivedDataCache/Buckets/LegacyTEXTURE/41/7b/f9c4ad06b3d497b298ee1f3b604c0a964d80.udd" 3531
"C:/Users/kbc12306156/AppData/Local/UnrealEngine/Common/DerivedDataCache/Buckets/LegacyTEXTURE/db/4e/ca663d86c5eeb6cfd1c3f28c7e3aad93cb4f.udd" 3532
"C:/Users/kbc12306156/AppData/Local/UnrealEngine/Common/DerivedDataCache/Buckets/LegacyTEXTURE/7a/76/5437f8483412752e72f0f448aa242c44c4a2.udd" 3533
"C:/Users/kbc12306156/AppData/Local/UnrealEngine/Common/DerivedDataCache/Buckets/LegacyTEXTURE/c1/dc/151e79235ea148330f1488f2022772df984e.udd" 3534
"C:/Users/kbc12306156/AppData/Local/UnrealEngine/Common/DerivedDataCache/Buckets/LegacyTEXTURE/e4/26/694ccb0c3c7c5be2156f44ead3afef40bfbe.udd" 3535
"C:/PG/GFFproject/Content/Arena/Textures/T_WallBricks05_N.uasset" 3536
"C:/Users/kbc12306156/AppData/Local/UnrealEngine/Common/DerivedDataCache/Buckets/LegacyTEXTURE/9e/63/b62842309dec6113305048350d71c0d899be.udd" 3537
"C:/Users/kbc12306156/AppData/Local/UnrealEngine/Common/DerivedDataCache/Buckets/LegacyTEXTURE/b1/da/043734dfadc367facdd448dac96246b1d98c.udd" 3538
"C:/Users/kbc12306156/AppData/Local/UnrealEngine/Common/DerivedDataCache/Buckets/LegacyTEXTURE/e2/92/59e69ca909f6cfdad3647bc18361f0ef8cab.udd" 3539
"C:/Users/kbc12306156/AppData/Local/UnrealEngine/Common/DerivedDataCache/Buckets/LegacyTEXTURE/5a/8d/e4ce4a973c04824a1efac07e539247661486.udd" 3540
"C:/Users/kbc12306156/AppData/Local/UnrealEngine/Common/DerivedDataCache/Buckets/LegacyTEXTURE/21/76/23ce2e0d214fa7ff79d9a988c9100e66a5ea.udd" 3541
"C:/Users/kbc12306156/AppData/Local/UnrealEngine/Common/DerivedDataCache/Content/44/36/1d00fe801899ac3b2de8525b11a30193524c.udd" 3542
"C:/Users/kbc12306156/AppData/Local/UnrealEngine/Common/DerivedDataCache/Content/17/58/f7850ec73ef14d2a541eb868a6116133648e.udd" 3543
"C:/Users/kbc12306156/AppData/Local/UnrealEngine/Common/DerivedDataCache/Buckets/BulkDataList/1c/05/abb3a5daf4bf047ba7516d202e3161afb51a.udd" 3544
"C:/Users/kbc12306156/AppData/Local/UnrealEngine/Common/DerivedDataCache/Buckets/LegacyTEXTURE/e7/75/1b98230b5fbe3503b446b8ba817cd5a83d38.udd" 3545
"C:/PG/GFFproject/Content/Arena/Textures/T_WallBricks05_ORM.uasset" 3546
"C:/Users/kbc12306156/AppData/Local/UnrealEngine/Common/DerivedDataCache/Buckets/LegacyTEXTURE/47/78/7907084c5e8d8be552e2e003169010be1792.udd" 3547
"C:/Users/kbc12306156/AppData/Local/UnrealEngine/Common/DerivedDataCache/Buckets/LegacyTEXTURE/45/1c/75281d4ef2acd44a7d54b3a6b890f5ce72d8.udd" 3548
"C:/Users/kbc12306156/AppData/Local/UnrealEngine/Common/DerivedDataCache/Buckets/LegacyTEXTURE/0e/36/1e4d57599a099de9b8b5d3e82ba7f5efb15f.udd" 3549
"C:/Users/kbc12306156/AppData/Local/UnrealEngine/Common/DerivedDataCache/Buckets/LegacyTEXTURE/1e/31/36f5567c6ed7b16db4914d951973f282d86c.udd" 3550
"C:/Users/kbc12306156/AppData/Local/UnrealEngine/Common/DerivedDataCache/Buckets/LegacyTEXTURE/18/2f/d56ab446aec4910d26b0ec3b41a0029402f3.udd" 3551
"C:/Users/kbc12306156/AppData/Local/UnrealEngine/Common/DerivedDataCache/Buckets/BulkDataList/5f/bb/29c8ce004f0ef6251b98b075ed31720e8160.udd" 3552
"C:/Users/kbc12306156/AppData/Local/UnrealEngine/Common/DerivedDataCache/Buckets/LegacyTEXTURE/a9/d5/766679916d3b25f5e48f9169dbc343440079.udd" 3553
"C:/PG/GFFproject/Content/BGM-SE/??????1.uasset" 3554
"C:/Users/kbc12306156/AppData/Local/UnrealEngine/Common/DerivedDataCache/Buckets/LegacyTEXTURE/ca/14/b7e6b5c6c4e061c6f9671464a6d3a3f7fb6b.udd" 3555
"C:/Users/kbc12306156/AppData/Local/UnrealEngine/Common/DerivedDataCache/Buckets/LegacyTEXTURE/d3/6e/aa18de6a29cec4069e57ff79db4018e3e473.udd" 3556
"C:/Users/kbc12306156/AppData/Local/UnrealEngine/Common/DerivedDataCache/Buckets/LegacyTEXTURE/c9/46/9a510253a0b606e6a5f9b45cf0ca86fd7904.udd" 3557
"C:/Users/kbc12306156/AppData/Local/UnrealEngine/Common/DerivedDataCache/Buckets/LegacyTEXTURE/16/d1/cbaf026b441cc71b15fb27614b110f96d5fc.udd" 3558
"C:/Users/kbc12306156/AppData/Local/UnrealEngine/Common/DerivedDataCache/Buckets/LegacyTEXTURE/28/91/93b5cbd770304a3bbb3dcf8cf81f307c4dec.udd" 3559
"C:/Users/kbc12306156/AppData/Local/UnrealEngine/Common/DerivedDataCache/Buckets/LegacyTEXTURE/c3/02/b5db16b138162a2ae8c66ae406695e9a3cd6.udd" 3560
"C:/Users/kbc12306156/AppData/Local/UnrealEngine/Common/DerivedDataCache/Buckets/BulkDataList/84/16/63225620c30b5d560a18a41956bb90bf372c.udd" 3561
"C:/PG/GFFproject/Content/RadicalMike/textures/PowerPod/T_PowerPod_Base_color.uasset" 3562
"C:/Users/kbc12306156/AppData/Local/UnrealEngine/Common/DerivedDataCache/Buckets/LegacyTEXTURE/6b/46/863d08711b438fd46b8a39df078205b019f0.udd" 3563
"C:/Users/kbc12306156/AppData/Local/UnrealEngine/Common/DerivedDataCache/Buckets/BulkDataList/e3/13/9252869e9fa9af386ffee98797fd5a96a8e2.udd" 3564
"C:/Users/kbc12306156/AppData/Local/UnrealEngine/Common/DerivedDataCache/Buckets/LegacyTEXTURE/85/53/afc7c43ea2517c2e40efd1f0457d878f2ad1.udd" 3565
"C:/PG/GFFproject/Content/RadicalMike/textures/PowerPod/T_PowerPod_Emissive.uasset" 3566
"C:/Users/kbc12306156/AppData/Local/UnrealEngine/Common/DerivedDataCache/Buckets/LegacyTEXTURE/09/1d/8743fde9c2d76e188cdb232503e9e95cb614.udd" 3567
"C:/Users/kbc12306156/AppData/Local/UnrealEngine/Common/DerivedDataCache/Buckets/LegacyTEXTURE/e0/16/56a797b58dee168480f0b8d132f96412804a.udd" 3568
"C:/Users/kbc12306156/AppData/Local/UnrealEngine/Common/DerivedDataCache/Buckets/BulkDataList/94/36/6dab1f3af0d0f73738a01ee5723b7a8de91c.udd" 3569
"C:/PG/GFFproject/Content/RadicalMike/textures/PowerPod/T_PowerPod_Mask.uasset" 3570
"C:/Users/kbc12306156/AppData/Local/UnrealEngine/Common/DerivedDataCache/Buckets/BulkDataList/58/47/82140e5bb6150514009dce0e28913902b15d.udd" 3571
"C:/Users/kbc12306156/AppData/Local/UnrealEngine/Common/DerivedDataCache/Buckets/LegacyTEXTURE/6e/68/cca9c30cecda397457b55b2796f070087646.udd" 3572
"C:/PG/GFFproject/Content/RadicalMike/textures/PowerPod/T_PowerPod_Normal.uasset" 3573
"C:/Users/kbc12306156/AppData/Local/UnrealEngine/Common/DerivedDataCache/Buckets/LegacyTEXTURE/87/8b/9a6add98bdee2414e59736871c7f01219f41.udd" 3574
"C:/Users/kbc12306156/AppData/Local/UnrealEngine/Common/DerivedDataCache/Buckets/LegacyTEXTURE/a1/c1/0b02b77a3b6c41cb6b04f7bf779856fbc388.udd" 3575
"C:/Users/kbc12306156/AppData/Local/UnrealEngine/Common/DerivedDataCache/Buckets/BulkDataList/c5/21/dade62083c3d263fc67c3cfa769b172e12d8.udd" 3576
"C:/PG/GFFproject/Content/RadicalMike/textures/PowerPod/T_PowerPod_Stacked.uasset" 3577
"C:/Users/kbc12306156/AppData/Local/UnrealEngine/Common/DerivedDataCache/Buckets/BulkDataList/a2/ef/b07314e2f6e8ff14397740028754c0671d06.udd" 3578
"C:/PG/GFFproject/Content/StarterContent/Textures/T_Wood_Oak_D.uasset" 3579
"C:/Users/kbc12306156/AppData/Local/UnrealEngine/Common/DerivedDataCache/Buckets/BulkDataList/26/14/c49ad8ab2e3bc8d875e486cf859be9f1a08a.udd" 3580
"C:/PG/GFFproject/Content/StarterContent/Textures/T_Wood_Oak_N.uasset" 3581
"C:/Users/kbc12306156/AppData/Local/UnrealEngine/Common/DerivedDataCache/Buckets/BulkDataList/b8/17/97c9fef41192f530d8842398781eedbb701d.udd" 3582
"C:/PG/GFFproject/Content/StarterContent/Textures/T_Statue_M.uasset" 3583
"C:/Users/kbc12306156/AppData/Local/UnrealEngine/Common/DerivedDataCache/Buckets/BulkDataList/05/b2/2968b08344c7f2207f3f2c01685119d2231f.udd" 3584
"C:/PG/GFFproject/Content/StarterContent/Textures/T_Statue_N.uasset" 3585
"C:/Users/kbc12306156/AppData/Local/UnrealEngine/Common/DerivedDataCache/Buckets/BulkDataList/08/31/70de4692d133b2ec7b759c31c738464d2e82.udd" 3586
"C:/PG/GFFproject/Content/StarterContent/Audio/Explosion_Cue.uasset" 3587
"C:/Users/kbc12306156/AppData/Local/UnrealEngine/Common/DerivedDataCache/Buckets/BulkDataList/6d/9a/1b42e344bb1ad40f0cd0e8eb3057870348e7.udd" 3588
"C:/PG/GFFproject/Content/EnemyBos/EBS3.uasset" 3589
"C:/Users/kbc12306156/AppData/Local/UnrealEngine/Common/DerivedDataCache/Buckets/BulkDataList/8f/f6/220060e5165a337fb83e1e30378d9fdefa2f.udd" 3590
"C:/PG/GFFproject/Content/BGM-SE/AS_1570008_??????????????????.uasset" 3591
"C:/Users/kbc12306156/AppData/Local/UnrealEngine/Common/DerivedDataCache/Buckets/BulkDataList/9f/3c/e81959d8b01bbc7ff198197423b6dba41935.udd" 3592
"C:/PG/GFFproject/Content/Arena/Textures/T_WallBricks03_BC.uasset" 3593
"C:/Users/kbc12306156/AppData/Local/UnrealEngine/Common/DerivedDataCache/Buckets/BulkDataList/9b/85/0d5bf13183279b7aa81ef760a11e8836daf5.udd" 3594
"C:/Users/kbc12306156/AppData/Local/UnrealEngine/Common/DerivedDataCache/Buckets/LegacyTEXTURE/1e/64/18500eaa42e1a7b9d057a11dedd8fbc3ff3c.udd" 3595
"C:/Users/kbc12306156/AppData/Local/UnrealEngine/Common/DerivedDataCache/Buckets/LegacyTEXTURE/ca/f0/4384173fa1f63a82a5fcbbca4a34c1267293.udd" 3596
"C:/Users/kbc12306156/AppData/Local/UnrealEngine/Common/DerivedDataCache/Buckets/LegacyTEXTURE/30/82/0b8aaaff765c0aa5be70e8f9b589120d3528.udd" 3597
"C:/Users/kbc12306156/AppData/Local/UnrealEngine/Common/DerivedDataCache/Buckets/LegacyTEXTURE/c3/fc/7da0bed86fbcc37c18ba119e78def1154ffb.udd" 3598
"C:/PG/GFFproject/Content/Arena/Textures/T_WallBricks03_N.uasset" 3599
"C:/Users/kbc12306156/AppData/Local/UnrealEngine/Common/DerivedDataCache/Buckets/LegacyTEXTURE/af/de/142048f5d00488d57921b06dd16610d25d35.udd" 3600
"C:/PG/GFFproject/Content/Arena/Textures/T_WallBricks03_ORM.uasset" 3601
"C:/PG/GFFproject/Content/Arena/Textures/T_WallBricks04_BC.uasset" 3602
"C:/PG/GFFproject/Content/Arena/Textures/T_WallBricks04_N.uasset" 3603
"C:/PG/GFFproject/Content/Arena/Textures/T_WallBricks04_ORM.uasset" 3604
"C:/Users/kbc12306156/AppData/Local/UnrealEngine/Common/DerivedDataCache/Buckets/LegacyTEXTURE/4d/2e/7969ba064f9b22a2718358831a354a6168e2.udd" 3605
"C:/PG/GFFproject/Content/Arena/Textures/T_BrokenConcrete_BC.uasset" 3606
"C:/Users/kbc12306156/AppData/Local/UnrealEngine/Common/DerivedDataCache/Buckets/LegacyTEXTURE/55/e1/225b4e02e86f9fc457f1994ceadc205b36fc.udd" 3607
"C:/PG/GFFproject/Content/Arena/Textures/T_BrokenConcrete_N.uasset" 3608
"C:/Users/kbc12306156/AppData/Local/UnrealEngine/Common/DerivedDataCache/Buckets/LegacyTEXTURE/ff/99/a7f7814a44bec907b3c4362579639badd5e8.udd" 3609
"C:/Users/kbc12306156/AppData/Local/UnrealEngine/Common/DerivedDataCache/Buckets/LegacyTEXTURE/4d/f9/9c66892d4e845eb8059314a00ced7650fba8.udd" 3610
"C:/PG/GFFproject/Content/Arena/Textures/T_BrokenConcrete_ORM.uasset" 3611
"C:/Users/kbc12306156/AppData/Local/UnrealEngine/Common/DerivedDataCache/Buckets/LegacyTEXTURE/1b/7f/e0dee37b1ae9fa60e53945ab1c4a392f4384.udd" 3612
"C:/Users/kbc12306156/AppData/Local/UnrealEngine/Common/DerivedDataCache/Buckets/LegacyTEXTURE/db/97/e31b5870e29b018829535add3cc1911f8c8b.udd" 3613
"C:/Users/kbc12306156/AppData/Local/UnrealEngine/Common/DerivedDataCache/Buckets/LegacyTEXTURE/cd/dd/fe9c3e205bd9d3b1a3d54094f00219638fb6.udd" 3614
"C:/Users/kbc12306156/AppData/Local/UnrealEngine/Common/DerivedDataCache/Buckets/BulkDataList/d9/98/3a59046fe049d4b60046930b73acc08520a6.udd" 3615
"C:/Users/kbc12306156/AppData/Local/UnrealEngine/Common/DerivedDataCache/Buckets/BulkDataList/74/3b/658f48fc374ace3e2b40adfe52d7aefeb18f.udd" 3616
"C:/PG/GFFproject/Content/Arena/Textures/T_Statue01_MSK.uasset" 3617
"C:/Users/kbc12306156/AppData/Local/UnrealEngine/Common/DerivedDataCache/Buckets/BulkDataList/27/0b/cdc27af027122efdbcee94b6ec196e6eaf0c.udd" 3618
"C:/Users/kbc12306156/AppData/Local/UnrealEngine/Common/DerivedDataCache/Buckets/BulkDataList/87/fb/d5c12679d8523c36c4edd62b9ee8b861c07f.udd" 3619
"C:/Users/kbc12306156/AppData/Local/UnrealEngine/Common/DerivedDataCache/Buckets/BulkDataList/49/79/500515c4786514bdbc9b9e5bbd65ba4fd612.udd" 3620
"C:/Users/kbc12306156/AppData/Local/UnrealEngine/Common/DerivedDataCache/Buckets/LegacyAudio/7e/23/1870d5eb29b1907f512ff2909c89a9dc34fe.udd" 3621
"C:/Users/kbc12306156/AppData/Local/UnrealEngine/Common/DerivedDataCache/Buckets/LegacyTEXTURE/15/1a/d7505a10887969329e5cd970dea533c0da72.udd" 3622
"C:/Users/kbc12306156/AppData/Local/UnrealEngine/Common/DerivedDataCache/Buckets/BulkDataList/25/33/722f4d7c7492a1406996dda82a51c468ee71.udd" 3623
"C:/Users/kbc12306156/AppData/Local/UnrealEngine/Common/DerivedDataCache/Buckets/LegacyTEXTURE/29/11/f0ca9005b1d2bc3a5c2a8ab89fa7a4215840.udd" 3624
"C:/Users/kbc12306156/AppData/Local/UnrealEngine/Common/DerivedDataCache/Buckets/BulkDataList/71/69/74c312f607aeace17657fc1181962a28aa0f.udd" 3625
"C:/Users/kbc12306156/AppData/Local/UnrealEngine/Common/DerivedDataCache/Buckets/LegacySTREAMEDAUDIO/ff/81/145e5f951965621040800f73fea709ca9b82.udd" 3626
"C:/Users/kbc12306156/AppData/Local/UnrealEngine/Common/DerivedDataCache/Buckets/BulkDataList/ab/38/50f7f2d0826f65b6940492c95644fa5627a6.udd" 3627
"C:/Users/kbc12306156/AppData/Local/UnrealEngine/Common/DerivedDataCache/Buckets/LegacyTEXTURE/11/18/8a3060ba7d2d8c913b21e08dd8334e93b468.udd" 3628
"C:/PG/GFFproject/Content/StarterContent/Textures/T_Brick_Cut_Stone_D.uasset" 3629
"C:/Users/kbc12306156/AppData/Local/UnrealEngine/Common/DerivedDataCache/Buckets/LegacySTREAMEDAUDIO/8f/0b/7443c1c16f407bb86fa137e1b3e431fc2698.udd" 3630
"C:/Users/kbc12306156/AppData/Local/UnrealEngine/Common/DerivedDataCache/Buckets/LegacySTREAMEDAUDIO/01/df/50d7ea81c77e3ee482b08837deff16d41647.udd" 3631
"C:/Users/kbc12306156/AppData/Local/UnrealEngine/Common/DerivedDataCache/Buckets/BulkDataList/cd/d1/b9a63c007edf8894ef000e842816aa3bb85c.udd" 3632
"C:/Users/kbc12306156/AppData/Local/UnrealEngine/Common/DerivedDataCache/Buckets/LegacyTEXTURE/1b/6b/bc0b49c44adb54834d596f6c6c9ee9ea93af.udd" 3633
"C:/Users/kbc12306156/AppData/Local/UnrealEngine/Common/DerivedDataCache/Buckets/LegacyTEXTURE/5e/7f/5b5b73ae2dce0451cb2e0bf7cf3eb1e477e4.udd" 3634
"C:/Users/kbc12306156/AppData/Local/UnrealEngine/Common/DerivedDataCache/Buckets/LegacyTEXTURE/06/40/aeb68542aa025643eeea233e58e5087c9c8a.udd" 3635
"C:/Users/kbc12306156/AppData/Local/UnrealEngine/Common/DerivedDataCache/Buckets/BulkDataList/88/87/8e988c847c04ec3ef03cd3fafaebfeb71ff8.udd" 3636
"C:/PG/GFFproject/Content/StarterContent/Textures/T_Brick_Cut_Stone_N.uasset" 3637
"C:/Users/kbc12306156/AppData/Local/UnrealEngine/Common/DerivedDataCache/Buckets/LegacyTEXTURE/d5/6a/e7981e1d21e7389a77884a86e998760a573f.udd" 3638
"C:/Users/kbc12306156/AppData/Local/UnrealEngine/Common/DerivedDataCache/Buckets/LegacyTEXTURE/7d/8d/cad9dc1b79a5b9f4869b5d1a679a0d72e3d9.udd" 3639
"C:/Users/kbc12306156/AppData/Local/UnrealEngine/Common/DerivedDataCache/Content/0b/4e/f43d6210f5a5d4486c9a81ee1c03069fd34f.udd" 3640
"C:/Users/kbc12306156/AppData/Local/UnrealEngine/Common/DerivedDataCache/Buckets/LegacyTEXTURE/14/07/cbb58ac97e572523254b7543f4b3398fa041.udd" 3641
"C:/Users/kbc12306156/AppData/Local/UnrealEngine/Common/DerivedDataCache/Content/60/f3/ba797b540ecf1b461204b7666c501745284c.udd" 3642
"C:/Users/kbc12306156/AppData/Local/UnrealEngine/Common/DerivedDataCache/Buckets/LegacyTEXTURE/7d/91/a781dda3e961d707f78ff47ee410fd07fff4.udd" 3643
"C:/Users/kbc12306156/AppData/Local/UnrealEngine/Common/DerivedDataCache/Buckets/BulkDataList/f2/f3/96e5725d1ba6565b65684e8503ab684a6185.udd" 3644
"C:/PG/GFFproject/Content/StarterContent/Textures/T_Perlin_Noise_M.uasset" 3645
"C:/Users/kbc12306156/AppData/Local/UnrealEngine/Common/DerivedDataCache/Buckets/LegacyTEXTURE/d8/f5/0b326c025be4a4f76012787015fd1eeffb3f.udd" 3646
"C:/Users/kbc12306156/AppData/Local/UnrealEngine/Common/DerivedDataCache/Buckets/LegacyTEXTURE/2c/9b/03c02409ee4710cfa7c6f499d8b991227115.udd" 3647
"C:/Users/kbc12306156/AppData/Local/UnrealEngine/Common/DerivedDataCache/Buckets/LegacyTEXTURE/e3/cf/f9411e14e044345d9800a44558e8b31b9c7d.udd" 3648
"C:/Users/kbc12306156/AppData/Local/UnrealEngine/Common/DerivedDataCache/Buckets/LegacyTEXTURE/91/c1/b7b4cb49b0d6338fc91e63d139769e01c64d.udd" 3649
"C:/Users/kbc12306156/AppData/Local/UnrealEngine/Common/DerivedDataCache/Buckets/LegacyTEXTURE/72/65/a7ac66fe046f2d00188a45383bf5868a069f.udd" 3650
"C:/Users/kbc12306156/AppData/Local/UnrealEngine/Common/DerivedDataCache/Buckets/LegacyTEXTURE/02/46/3d2ab2ef93d97408e9122d29f9372fad0300.udd" 3651
"C:/Users/kbc12306156/AppData/Local/UnrealEngine/Common/DerivedDataCache/Buckets/LegacyTEXTURE/d4/8b/977322c60075e83ba4ebafd1e7fcf7aa580f.udd" 3652
"C:/Users/kbc12306156/AppData/Local/UnrealEngine/Common/DerivedDataCache/Buckets/LegacyTEXTURE/5f/02/3830435ef32cd010cd1d30a02131d5fbf3e8.udd" 3653
"C:/Users/kbc12306156/AppData/Local/UnrealEngine/Common/DerivedDataCache/Buckets/LegacyTEXTURE/4c/95/4eb995e681195b88a88bb85575c983ed45d6.udd" 3654
"C:/Users/kbc12306156/AppData/Local/UnrealEngine/Common/DerivedDataCache/Buckets/LegacyTEXTURE/b6/ab/8f227846ef23eb7d2d8891254f4ece24ab98.udd" 3655
"C:/Users/kbc12306156/AppData/Local/UnrealEngine/Common/DerivedDataCache/Buckets/LegacyTEXTURE/fc/cd/777ddfddb99f33c0c5c217853bf4c19f1b27.udd" 3656
"C:/Users/kbc12306156/AppData/Local/UnrealEngine/Common/DerivedDataCache/Buckets/LegacyTEXTURE/9b/4d/dacad8fbe0c7cae72d24665ba11a77a6eb13.udd" 3657
"C:/Users/kbc12306156/AppData/Local/UnrealEngine/Common/DerivedDataCache/Buckets/LegacyTEXTURE/eb/cc/9469bd0004c5571e9d3660139aa6893cfafc.udd" 3658
"../../../../../../PG/GFFproject/Content/StarterContent/Audio/Explosion01.uasset" 3659
"C:/Users/kbc12306156/AppData/Local/UnrealEngine/Common/DerivedDataCache/Buckets/LegacyTEXTURE/57/d3/db9fd23d1f48eb2714997ff0e09b2b5146c6.udd" 3660
"C:/Users/kbc12306156/AppData/Local/UnrealEngine/Common/DerivedDataCache/Buckets/LegacyTEXTURE/3b/1b/d5263e61bc13824921137e95daada4dbbdbd.udd" 3661
"C:/Users/kbc12306156/AppData/Local/UnrealEngine/Common/DerivedDataCache/Buckets/LegacyTEXTURE/21/e3/2ddfb47099697c4463039d76a70ab083a84e.udd" 3662
"C:/Users/kbc12306156/AppData/Local/UnrealEngine/Common/DerivedDataCache/Buckets/LegacyTEXTURE/f8/70/a8516f203da078c820d6ad53710c1d351e99.udd" 3663
"C:/Users/kbc12306156/AppData/Local/UnrealEngine/Common/DerivedDataCache/Buckets/LegacyTEXTURE/b7/47/d59a4131645fe0363ce3a94789a88e1924a6.udd" 3664
"../../../../../../PG/GFFproject/Content/StarterContent/Audio/Explosion02.uasset" 3665
"C:/Users/kbc12306156/AppData/Local/UnrealEngine/Common/DerivedDataCache/Buckets/BulkDataList/14/de/69b001b53f05a05810d637ae7d64f7adab89.udd" 3666
"C:/Users/kbc12306156/AppData/Local/UnrealEngine/Common/DerivedDataCache/Buckets/BulkDataList/f7/82/17d51c9deaca9615c120c750588019cd276e.udd" 3667
"C:/PG/GFFproject/Content/StarterContent/Textures/T_Wood_Pine_D.uasset" 3668
"C:/Users/kbc12306156/AppData/Local/UnrealEngine/Common/DerivedDataCache/Buckets/BulkDataList/ca/6b/de079ffb4d4ae60e40efe8ec8c08fda771de.udd" 3669
"C:/PG/GFFproject/Content/StarterContent/Textures/T_Wood_Pine_N.uasset" 3670
"C:/Users/kbc12306156/AppData/Local/UnrealEngine/Common/DerivedDataCache/Buckets/BulkDataList/d9/bd/46c1d54595b82ccd7e850e473fb38788b726.udd" 3671
"C:/PG/GFFproject/Content/EnemyBos/EBS2.uasset" 3672
"C:/Users/kbc12306156/AppData/Local/UnrealEngine/Common/DerivedDataCache/Buckets/BulkDataList/4e/40/24b27711ec1ba5156a723dc514196992e5c9.udd" 3673
"C:/PG/GFFproject/Content/StarterContent/Textures/T_Metal_Gold_N.uasset" 3674
"C:/Users/kbc12306156/AppData/Local/UnrealEngine/Common/DerivedDataCache/Buckets/BulkDataList/40/18/71c2a6fafda48d19e1acdecdec7d4b69e7a6.udd" 3675
"C:/Users/kbc12306156/AppData/Local/UnrealEngine/Common/DerivedDataCache/Buckets/LegacyTEXTURE/01/77/6b9b6d096553ec71a2faed9e3dc4e6ed5b8d.udd" 3676
"C:/Users/kbc12306156/AppData/Local/UnrealEngine/Common/DerivedDataCache/Content/db/6d/9200ed3cc352fbcec6f0c45cc8e28fa86c9b.udd" 3677
"C:/Users/kbc12306156/AppData/Local/UnrealEngine/Common/DerivedDataCache/Buckets/LegacyTEXTURE/d7/4c/d4976bfdbcfbb9bd580d6318c3cd9c3c6c28.udd" 3678
"C:/Users/kbc12306156/AppData/Local/UnrealEngine/Common/DerivedDataCache/Buckets/LegacyTEXTURE/35/13/beaff1426689bc81c18f24f10f0f606ac2ee.udd" 3679
"C:/Users/kbc12306156/AppData/Local/UnrealEngine/Common/DerivedDataCache/Buckets/LegacyTEXTURE/d7/97/9ce729eecd0149425f5a07b04d11f50f58c8.udd" 3680
"C:/Users/kbc12306156/AppData/Local/UnrealEngine/Common/DerivedDataCache/Buckets/LegacyTEXTURE/b3/d0/fb60832b08e9333a3b58f3443488b2523725.udd" 3681
"C:/Users/kbc12306156/AppData/Local/UnrealEngine/Common/DerivedDataCache/Buckets/LegacyTEXTURE/29/03/f036526fce78f89a9692fe9f89b13cb48c56.udd" 3682
"C:/Users/kbc12306156/AppData/Local/UnrealEngine/Common/DerivedDataCache/Content/37/81/4909acaad841de20994012ae456306c1bc6d.udd" 3683
"C:/Users/kbc12306156/AppData/Local/UnrealEngine/Common/DerivedDataCache/Buckets/LegacyTEXTURE/30/3e/fb6f0d64b89369a98c000966d44cfe007cd7.udd" 3684
"C:/Users/kbc12306156/AppData/Local/UnrealEngine/Common/DerivedDataCache/Content/a0/4c/ad9bf889ed7c59876ac2a0b1b3e72361c668.udd" 3685
"C:/Users/kbc12306156/AppData/Local/UnrealEngine/Common/DerivedDataCache/Buckets/LegacyTEXTURE/72/1a/d26d4e2e0be93113431c9ecc40452be22318.udd" 3686
"C:/Users/kbc12306156/AppData/Local/UnrealEngine/Common/DerivedDataCache/Buckets/LegacyTEXTURE/ed/a8/ec99cb6157729f6ac254fffb154bab2373f0.udd" 3687
"C:/Users/kbc12306156/AppData/Local/UnrealEngine/Common/DerivedDataCache/Buckets/LegacyTEXTURE/f0/c9/aa049a9b70a3197ab6866a8b7d11bfae8915.udd" 3688
"C:/Users/kbc12306156/AppData/Local/UnrealEngine/Common/DerivedDataCache/Buckets/LegacyTEXTURE/dc/42/c57adcb56f0c4c16a05144039d129a0d01da.udd" 3689
"C:/Users/kbc12306156/AppData/Local/UnrealEngine/Common/DerivedDataCache/Buckets/LegacyTEXTURE/b0/db/6861d4620ff059023391f85f4fff595ed6a5.udd" 3690
"C:/Users/kbc12306156/AppData/Local/UnrealEngine/Common/DerivedDataCache/Content/73/52/9fae7a351133b40e97c7533a0798a0e5d3ea.udd" 3691
"C:/Users/kbc12306156/AppData/Local/UnrealEngine/Common/DerivedDataCache/Buckets/LegacyAudio/1a/e1/d387c73ce8abb8fbfc04ea2c002016bec511.udd" 3692
"C:/Users/kbc12306156/AppData/Local/UnrealEngine/Common/DerivedDataCache/Buckets/LegacySTREAMEDAUDIO/1b/68/7ec459cee6fd298c7b46c65a01fa550df464.udd" 3693
"C:/Users/kbc12306156/AppData/Local/UnrealEngine/Common/DerivedDataCache/Buckets/LegacyTEXTURE/ca/b4/674880f0e952d1a398bcc201bd34599892d6.udd" 3694
"C:/Users/kbc12306156/AppData/Local/UnrealEngine/Common/DerivedDataCache/Buckets/LegacySTREAMEDAUDIO/34/a2/2c8e82c62d43092658c0636df1b8cb296a04.udd" 3695
"C:/Users/kbc12306156/AppData/Local/UnrealEngine/Common/DerivedDataCache/Buckets/LegacyTEXTURE/cb/9b/2071231fd2ea1e05d3d407ed674c44eeba1c.udd" 3696
"C:/Users/kbc12306156/AppData/Local/UnrealEngine/Common/DerivedDataCache/Buckets/LegacySTREAMEDAUDIO/de/4f/1dd0dac7093a3066dbc913f0c45d05581927.udd" 3697
"C:/Users/kbc12306156/AppData/Local/UnrealEngine/Common/DerivedDataCache/Buckets/LegacyTEXTURE/73/f1/6acd54e153d3f9f619c10da4b53e3613b7c6.udd" 3698
"C:/Users/kbc12306156/AppData/Local/UnrealEngine/Common/DerivedDataCache/Buckets/LegacyTEXTURE/34/03/eb955dda0ca1ef0e980c104fe0845b700a5b.udd" 3699
"C:/Users/kbc12306156/AppData/Local/UnrealEngine/Common/DerivedDataCache/Buckets/LegacyTEXTURE/e0/c3/cd6f5822d028dc2da714b6512030963b261f.udd" 3700
"C:/Users/kbc12306156/AppData/Local/UnrealEngine/Common/DerivedDataCache/Buckets/LegacyTEXTURE/7c/15/89e5107f50250c624ab5f2232e3bbba60da4.udd" 3701
"C:/Users/kbc12306156/AppData/Local/UnrealEngine/Common/DerivedDataCache/Buckets/LegacyTEXTURE/6f/6d/57047e62558e0cf7cf7225c738872c622bb0.udd" 3702
"C:/Users/kbc12306156/AppData/Local/UnrealEngine/Common/DerivedDataCache/Buckets/LegacyTEXTURE/f9/44/d349b015b177fe66c9ddc0b6b2d1a0867a54.udd" 3703
"C:/Users/kbc12306156/AppData/Local/UnrealEngine/Common/DerivedDataCache/Buckets/LegacyTEXTURE/9d/01/eac4b0689813bf1ea5575c836fe27cf1343f.udd" 3704
"C:/Users/kbc12306156/AppData/Local/UnrealEngine/Common/DerivedDataCache/Content/d6/ac/ed7b77b72e1e3b347887178b2d1c49bdf937.udd" 3705
"C:/Users/kbc12306156/AppData/Local/UnrealEngine/Common/DerivedDataCache/Content/26/09/2e7e5806f2a3519ec3d5b13a71d3a2087507.udd" 3706
"C:/Users/kbc12306156/AppData/Local/UnrealEngine/Common/DerivedDataCache/Content/64/4d/577d9908de4dff1ecb5adc49eda1683b93d8.udd" 3707
"C:/Users/kbc12306156/AppData/Local/UnrealEngine/Common/DerivedDataCache/Buckets/LegacyTEXTURE/c7/ec/da23ecb8e147841258b9192d3005ee2a3dce.udd" 3708
"C:/PG/GFFproject/Content/StarterContent/Textures/T_Rock_Marble_Polished_D.uasset" 3709
"C:/Users/kbc12306156/AppData/Local/UnrealEngine/Common/DerivedDataCache/Buckets/LegacyTEXTURE/81/99/02b99fb2eebcfea48b33af2a083c3f5c01f6.udd" 3710
"C:/Users/kbc12306156/AppData/Local/UnrealEngine/Common/DerivedDataCache/Buckets/BulkDataList/f6/a4/c6540b0fa9d8fd54883e8e2ebd6a582771fe.udd" 3711
"C:/PG/GFFproject/Content/UI/?????????_2025-12-04_142332.uasset" 3712
"C:/Users/kbc12306156/AppData/Local/UnrealEngine/Common/DerivedDataCache/Buckets/LegacyAudio/3c/80/9ae5bf465b950e685da19968616d96016395.udd" 3713
"C:/Users/kbc12306156/AppData/Local/UnrealEngine/Common/DerivedDataCache/Buckets/LegacyTEXTURE/b2/67/266297e2f1cfdef2b4cb6e46dde9e4022d67.udd" 3714
"C:/Users/kbc12306156/AppData/Local/UnrealEngine/Common/DerivedDataCache/Buckets/BulkDataList/34/e2/0a665fd98647d689a66479c3692b1b07efdb.udd" 3715
"C:/Users/kbc12306156/AppData/Local/UnrealEngine/Common/DerivedDataCache/Buckets/LegacyTEXTURE/d7/a9/a0304f52ce04a666a8d826a65ca2baa33c22.udd" 3716
"C:/Users/kbc12306156/AppData/Local/UnrealEngine/Common/DerivedDataCache/Buckets/LegacyTEXTURE/4c/95/1a47a2b584bfdde1db5c93fdee1616a7c493.udd" 3717
"C:/PG/GFFproject/Content/BGM-SE/??.uasset" 3718
"C:/Users/kbc12306156/AppData/Local/UnrealEngine/Common/DerivedDataCache/Buckets/LegacyTEXTURE/f2/78/82510d1195949dd5e9bacc5a3d6cd027ae1c.udd" 3719
"C:/Users/kbc12306156/AppData/Local/UnrealEngine/Common/DerivedDataCache/Buckets/LegacyTEXTURE/65/79/22a1b8a2ec7fe1ad3791a792d522da0b4480.udd" 3720
"C:/PG/GFFproject/Content/RadicalMike/Mesh/SK_MegaMikeZ.uasset" 3721
"C:/Users/kbc12306156/AppData/Local/UnrealEngine/Common/DerivedDataCache/Buckets/LegacyTEXTURE/b8/2e/bb30ba216bcdbfe963b01820dddf68732770.udd" 3722
"C:/Users/kbc12306156/AppData/Local/UnrealEngine/Common/DerivedDataCache/Buckets/LegacyTEXTURE/5d/19/c7a4975e1ded9155b894f7aa594924798b79.udd" 3723
"C:/Users/kbc12306156/AppData/Local/UnrealEngine/Common/DerivedDataCache/Buckets/LegacyTEXTURE/dc/42/eccdd5835c1d66a2503851102162bc7b3de4.udd" 3724
"C:/Users/kbc12306156/AppData/Local/UnrealEngine/Common/DerivedDataCache/Buckets/LegacyTEXTURE/f0/e4/aa4f3350f9051e6ca0171379b63ad29e2d79.udd" 3725
"C:/Users/kbc12306156/AppData/Local/UnrealEngine/Common/DerivedDataCache/Buckets/LegacyTEXTURE/4c/89/32a939615d3a3657c092b0010cd5db64f7aa.udd" 3726
"C:/PG/GFFproject/Content/RadicalMike/Mesh/PA_MegaMikeZ.uasset" 3727
"C:/Users/kbc12306156/AppData/Local/UnrealEngine/Common/DerivedDataCache/Buckets/LegacyTEXTURE/b4/cd/06d5c4f292f80d883f69c45694bebbe1bd9e.udd" 3728
"C:/Users/kbc12306156/AppData/Local/UnrealEngine/Common/DerivedDataCache/Buckets/LegacyTEXTURE/5b/c5/ed78bde9055282d8dc4772803861185bdf2f.udd" 3729
"C:/PG/GFFproject/Content/BGM-SE/???1.uasset" 3730
"C:/Users/kbc12306156/AppData/Local/UnrealEngine/Common/DerivedDataCache/Buckets/LegacyTEXTURE/2f/96/feb200ad0ff8e6dd2df76da9fba8845a9f5f.udd" 3731
"C:/Users/kbc12306156/AppData/Local/UnrealEngine/Common/DerivedDataCache/Buckets/BulkDataList/26/ee/3c9f148f36b456293857ec17ad13347505a1.udd" 3732
"C:/Users/kbc12306156/AppData/Local/UnrealEngine/Common/DerivedDataCache/Buckets/BulkDataList/fa/95/e7f342ce1c3edc7af57224368503531f1e68.udd" 3733
"C:/Users/kbc12306156/AppData/Local/UnrealEngine/Common/DerivedDataCache/Buckets/BulkDataList/2e/aa/6f40a399eef289485416ac25f152a013e260.udd" 3734
"C:/PG/GFFproject/Content/Arena/Textures/T_Fabric02_BC.uasset" 3735
"C:/Users/kbc12306156/AppData/Local/UnrealEngine/Common/DerivedDataCache/Buckets/LegacyTEXTURE/3f/68/12e7b3cc82f1eb7a1c79e26853d475b3a507.udd" 3736
"C:/Users/kbc12306156/AppData/Local/UnrealEngine/Common/DerivedDataCache/Buckets/LegacyTEXTURE/8b/f6/5a59f2486d45cdfcbea947421cc77c736c25.udd" 3737
"C:/Users/kbc12306156/AppData/Local/UnrealEngine/Common/DerivedDataCache/Buckets/LegacyTEXTURE/8f/47/3d51265d644f6748a01e7e15762b14b64b67.udd" 3738
"C:/Users/kbc12306156/AppData/Local/UnrealEngine/Common/DerivedDataCache/Buckets/LegacyTEXTURE/6b/9c/4e778e5abab63e678eaa6ece8e0a8faa599c.udd" 3739
"C:/PG/GFFproject/Content/Arena/Textures/T_Fabric02_N.uasset" 3740
"C:/Users/kbc12306156/AppData/Local/UnrealEngine/Common/DerivedDataCache/Buckets/LegacyTEXTURE/bf/b5/1b3e0a49919d2eda3ae701c35800ab5298d3.udd" 3741
"C:/Users/kbc12306156/AppData/Local/UnrealEngine/Common/DerivedDataCache/Buckets/LegacyTEXTURE/51/77/2c5266919445b381216fe4a7c3b21fa60a7b.udd" 3742
"C:/PG/GFFproject/Content/Arena/Textures/T_Fabric02_ORM.uasset" 3743
"C:/Users/kbc12306156/AppData/Local/UnrealEngine/Common/DerivedDataCache/Buckets/LegacySTREAMEDAUDIO/eb/bb/56e670b3e38d31d791132da0b78db8c98be2.udd" 3744
"C:/Users/kbc12306156/AppData/Local/UnrealEngine/Common/DerivedDataCache/Buckets/BulkDataList/bf/b8/1417d9d5a4abfdf2bd050d152503a78e5828.udd" 3745
"C:/Users/kbc12306156/AppData/Local/UnrealEngine/Common/DerivedDataCache/Buckets/BulkDataList/1d/d2/498459ab8abe8c77399888a47dc97880ecd1.udd" 3746
"C:/Users/kbc12306156/AppData/Local/UnrealEngine/Common/DerivedDataCache/Buckets/BulkDataList/2d/12/a3a49f06554895e764c3f5bbf8dac7c4e71d.udd" 3747
"C:/Users/kbc12306156/AppData/Local/UnrealEngine/Common/DerivedDataCache/Buckets/LegacyTEXTURE/ea/de/dd93f3c805237310c0cbd1da6f31e0014ddb.udd" 3748
"C:/Users/kbc12306156/AppData/Local/UnrealEngine/Common/DerivedDataCache/Buckets/LegacyTEXTURE/59/12/b4442e507f40722408d873c3fa073d1775bf.udd" 3749
"C:/Users/kbc12306156/AppData/Local/UnrealEngine/Common/DerivedDataCache/Buckets/BulkDataList/20/fe/9f41d2c24554a34cbf51acc0617bb67fc8ae.udd" 3750
"C:/Users/kbc12306156/AppData/Local/UnrealEngine/Common/DerivedDataCache/Buckets/LegacySTREAMEDAUDIO/cc/8b/7b96529c34ae551a0dcfd0ec3af5dc164d65.udd" 3751
"C:/PG/GFFproject/Content/Arena/Textures/T_WindNoise_N.uasset" 3752
"C:/Users/kbc12306156/AppData/Local/UnrealEngine/Common/DerivedDataCache/Buckets/LegacySTREAMEDAUDIO/c2/c4/f76b892c4379e81f6bfd7ab47c3342da32ca.udd" 3753
"C:/Users/kbc12306156/AppData/Local/UnrealEngine/Common/DerivedDataCache/Buckets/LegacyTEXTURE/b0/3f/96f1a6695002b0f23ff8c11fc377efe3cf7f.udd" 3754
"C:/Users/kbc12306156/AppData/Local/UnrealEngine/Common/DerivedDataCache/Buckets/LegacyTEXTURE/31/93/af5048a6f141bab85033f65c30190b136ad1.udd" 3755
"C:/Users/kbc12306156/AppData/Local/UnrealEngine/Common/DerivedDataCache/Content/13/46/d5d90fc6748ded4c199a174f027b6be1c899.udd" 3756
"C:/Users/kbc12306156/AppData/Local/UnrealEngine/Common/DerivedDataCache/Buckets/LegacyTEXTURE/cd/7a/ccd6648f0a0a4e5b77e6b3c827afbeb6dd23.udd" 3757
"C:/Users/kbc12306156/AppData/Local/UnrealEngine/Common/DerivedDataCache/Buckets/BulkDataList/eb/76/bc7c7e76504722ae1e5c9929875994a7cc4a.udd" 3758
"C:/Users/kbc12306156/AppData/Local/UnrealEngine/Common/DerivedDataCache/Content/e4/25/00bead672d8fa87df1af5b5d64c9818d5e1f.udd" 3759
"C:/PG/GFFproject/Content/Arena/Textures/T_Fabric01_BC.uasset" 3760
"C:/Users/kbc12306156/AppData/Local/UnrealEngine/Common/DerivedDataCache/Buckets/BulkDataList/85/45/5f652eafbaa6e29cba93d897a2b1f344e58c.udd" 3761
"C:/PG/GFFproject/Content/Arena/Textures/T_Fabric01_N.uasset" 3762
"C:/Users/kbc12306156/AppData/Local/UnrealEngine/Common/DerivedDataCache/Buckets/LegacyTEXTURE/9c/a0/81bcb9bbc340a617ffbf37111594ccea2b69.udd" 3763
"C:/Users/kbc12306156/AppData/Local/UnrealEngine/Common/DerivedDataCache/Content/57/c8/407c796a68dfd3f95ab1c359073c2e56a0d3.udd" 3764
"C:/PG/GFFproject/Content/Arena/Textures/T_Fabric01_ORM.uasset" 3765
"C:/Users/kbc12306156/AppData/Local/UnrealEngine/Common/DerivedDataCache/Buckets/BulkDataList/64/40/b5c53a406e269477cf0a44a3d1584adab450.udd" 3766
"C:/Users/kbc12306156/AppData/Local/UnrealEngine/Common/DerivedDataCache/Buckets/BulkDataList/a6/29/32f0316ffee069e0fc949a5cca3ba87d877e.udd" 3767
"C:/PG/GFFproject/Content/Arena/Textures/T_ArchDetails03_BC.uasset" 3768
"C:/PG/GFFproject/Content/Arena/Textures/T_ArchDetails03_N.uasset" 3769
"C:/Users/kbc12306156/AppData/Local/UnrealEngine/Common/DerivedDataCache/Buckets/LegacyTEXTURE/99/9d/c9ef4d32aa35606215d7d66bdd32c045bb8e.udd" 3770
"C:/Users/kbc12306156/AppData/Local/UnrealEngine/Common/DerivedDataCache/Buckets/BulkDataList/99/ff/354e19340a7b80eb743b2b1b0f9d4ef0d4e7.udd" 3771
"C:/Users/kbc12306156/AppData/Local/UnrealEngine/Common/DerivedDataCache/Buckets/BulkDataList/8d/1e/4389d9c953b8470c55bbff863bfba32c1255.udd" 3772
"C:/PG/GFFproject/Content/Arena/Textures/T_ArchDetails03_ORM.uasset" 3773
"C:/Users/kbc12306156/AppData/Local/UnrealEngine/Common/DerivedDataCache/Buckets/LegacyTEXTURE/37/f1/0e521f15b3dff845d7a9b2c06dec927f56e7.udd" 3774
"C:/Users/kbc12306156/AppData/Local/UnrealEngine/Common/DerivedDataCache/Buckets/LegacyTEXTURE/78/1a/4c88b13e4328938b2a7e447d262bf3023bd7.udd" 3775
"C:/Users/kbc12306156/AppData/Local/UnrealEngine/Common/DerivedDataCache/Buckets/BulkDataList/cb/c7/2e4f4dd8ac1b33d033321dac91ee80fa9f95.udd" 3776
"C:/Users/kbc12306156/AppData/Local/UnrealEngine/Common/DerivedDataCache/Buckets/LegacyTEXTURE/25/40/40d26a6f78e8ba219e47d05015c15f23ec3d.udd" 3777
"C:/Users/kbc12306156/AppData/Local/UnrealEngine/Common/DerivedDataCache/Buckets/LegacyTEXTURE/82/d3/bce6153b8dd7b79ca0a742c5ea9d76d1856d.udd" 3778
"C:/Users/kbc12306156/AppData/Local/UnrealEngine/Common/DerivedDataCache/Buckets/LegacyTEXTURE/19/6d/92ce4db4072814fc628eae5234caa66ed0bc.udd" 3779
"C:/Users/kbc12306156/AppData/Local/UnrealEngine/Common/DerivedDataCache/Buckets/LegacyTEXTURE/9e/ff/0e0a061e16d6451f9ee0c6662b4ba2cdbb9f.udd" 3780
"C:/Users/kbc12306156/AppData/Local/UnrealEngine/Common/DerivedDataCache/Buckets/LegacyTEXTURE/9c/6f/ec5645d8376c9501ef005e0750fde1d8706d.udd" 3781
"C:/Users/kbc12306156/AppData/Local/UnrealEngine/Common/DerivedDataCache/Buckets/LegacyTEXTURE/4e/6a/f34647355811fe7aae3726c1ac0db5bee745.udd" 3782
"C:/Users/kbc12306156/AppData/Local/UnrealEngine/Common/DerivedDataCache/Content/7a/69/7e00377d8c4e6e6d6cff8fc2fdef956e8662.udd" 3783
"C:/Users/kbc12306156/AppData/Local/UnrealEngine/Common/DerivedDataCache/Content/8f/75/2f24ad50f20138c9c79b30b08f8589bafde4.udd" 3784
"C:/PG/GFFproject/Content/Arena/Textures/T_Fabric03_BC.uasset" 3785
"C:/Users/kbc12306156/AppData/Local/UnrealEngine/Common/DerivedDataCache/Buckets/LegacyTEXTURE/63/19/13bfdd0d31590d6303bff0b7f74f404d054b.udd" 3786
"C:/Users/kbc12306156/AppData/Local/UnrealEngine/Common/DerivedDataCache/Buckets/LegacyTEXTURE/d2/83/aa4e595b108edcd9a79c6e194cb311e4498f.udd" 3787
"C:/Users/kbc12306156/AppData/Local/UnrealEngine/Common/DerivedDataCache/Buckets/LegacyTEXTURE/e3/db/26c937163ee43f8b6891bc28c8978989605f.udd" 3788
"C:/Users/kbc12306156/AppData/Local/UnrealEngine/Common/DerivedDataCache/Buckets/LegacyTEXTURE/e6/8f/d4045ad2737462756c52721df708969cbf0e.udd" 3789
"C:/Users/kbc12306156/AppData/Local/UnrealEngine/Common/DerivedDataCache/Content/4f/5a/e33486646a610dd00fea81bfebe3720ec214.udd" 3790
"C:/Users/kbc12306156/AppData/Local/UnrealEngine/Common/DerivedDataCache/Buckets/LegacyTEXTURE/d9/2d/3b233c04d6ff1e2711f0f93de0cce37f90d5.udd" 3791
"C:/Users/kbc12306156/AppData/Local/UnrealEngine/Common/DerivedDataCache/Buckets/LegacyTEXTURE/99/2d/095e641c4b6ca03dd9684faa63c0c228dcbd.udd" 3792
"C:/Users/kbc12306156/AppData/Local/UnrealEngine/Common/DerivedDataCache/Buckets/LegacyTEXTURE/19/84/5b04e6747b9204bb3058a8eb0717958d97f1.udd" 3793
"C:/Users/kbc12306156/AppData/Local/UnrealEngine/Common/DerivedDataCache/Content/a3/85/46831fbc1c3f1a77bbe619dbb32fa3104f89.udd" 3794
"C:/Users/kbc12306156/AppData/Local/UnrealEngine/Common/DerivedDataCache/Content/be/1d/688d9252eb42a3ee8374d7d55354c30904da.udd" 3795
"C:/Users/kbc12306156/AppData/Local/UnrealEngine/Common/DerivedDataCache/Content/2b/75/a544cfbb2b8ad7aa98c056e62704c1c3ab71.udd" 3796
"C:/Users/kbc12306156/AppData/Local/UnrealEngine/Common/DerivedDataCache/Buckets/BulkDataList/e9/d6/401ed2bee54b8ec24ef559b1595075f1b7ff.udd" 3797
"C:/PG/GFFproject/Content/Arena/Textures/T_Ornaments01_BC.uasset" 3798
"C:/Users/kbc12306156/AppData/Local/UnrealEngine/Common/DerivedDataCache/Buckets/BulkDataList/d1/23/67845336dbffad2348247cc91ec36aa3d936.udd" 3799
"C:/PG/GFFproject/Content/Arena/Textures/T_Ornaments01_N.uasset" 3800
"C:/Users/kbc12306156/AppData/Local/UnrealEngine/Common/DerivedDataCache/Buckets/LegacyTEXTURE/b0/b4/f887b4502db5282d280bbc2a1a5543a5a42f.udd" 3801
"C:/PG/GFFproject/Content/Arena/Textures/T_Ornaments01_ORM.uasset" 3802
"C:/Users/kbc12306156/AppData/Local/UnrealEngine/Common/DerivedDataCache/Buckets/LegacyTEXTURE/88/b5/c562f690e3e91ba245eaae6a3009536cd4d9.udd" 3803
"C:/Users/kbc12306156/AppData/Local/UnrealEngine/Common/DerivedDataCache/Buckets/LegacyTEXTURE/76/bd/ee9680e9e48575308e80c7dc4b63b837109f.udd" 3804
"C:/Users/kbc12306156/AppData/Local/UnrealEngine/Common/DerivedDataCache/Buckets/LegacyTEXTURE/9e/dc/a26316da933e85a021b7b34fb52e81e6ffcd.udd" 3805
"C:/PG/GFFproject/Content/Arena/Textures/T_Ornaments01_MSK.uasset" 3806
"C:/Users/kbc12306156/AppData/Local/UnrealEngine/Common/DerivedDataCache/Buckets/LegacyTEXTURE/2b/82/676541b1bf7ffd0aedf55e0085c603174630.udd" 3807
"C:/Users/kbc12306156/AppData/Local/UnrealEngine/Common/DerivedDataCache/Buckets/LegacyTEXTURE/41/1e/4205b3753e370c11a26b8d71b708ceca6752.udd" 3808
"C:/Users/kbc12306156/AppData/Local/UnrealEngine/Common/DerivedDataCache/Buckets/LegacyTEXTURE/04/69/04460978361e97305038eb88b56164707578.udd" 3809
"C:/Users/kbc12306156/AppData/Local/UnrealEngine/Common/DerivedDataCache/Buckets/BulkDataList/34/19/e9f33197fc87f5cc0d121f6a0e6134dda341.udd" 3810
"C:/Users/kbc12306156/AppData/Local/UnrealEngine/Common/DerivedDataCache/Content/d7/cc/5e9e23a82dc38744758293d0a32c2c2a877b.udd" 3811
"C:/PG/GFFproject/Content/Arena/Textures/T_Ornaments02_BC.uasset" 3812
"C:/Users/kbc12306156/AppData/Local/UnrealEngine/Common/DerivedDataCache/Content/6f/69/212e0b38a6b35cad4d73c136dc781b47fb7f.udd" 3813
"C:/Users/kbc12306156/AppData/Local/UnrealEngine/Common/DerivedDataCache/Buckets/LegacyTEXTURE/1a/c8/64479a75e87ab7f8c229b0943c14e4c99069.udd" 3814
"C:/Users/kbc12306156/AppData/Local/UnrealEngine/Common/DerivedDataCache/Content/be/64/a5bf42ee52038f77a6f171d39d53914eb9de.udd" 3815
"C:/Users/kbc12306156/AppData/Local/UnrealEngine/Common/DerivedDataCache/Buckets/BulkDataList/5f/0b/41e9f866d9f088769e8707f7e2a124a47ffe.udd" 3816
"C:/PG/GFFproject/Content/Arena/Textures/T_Ornaments02_MSK.uasset" 3817
"C:/Users/kbc12306156/AppData/Local/UnrealEngine/Common/DerivedDataCache/Buckets/BulkDataList/f8/61/024cb4846a174df4cd42509e373307b1e4bb.udd" 3818
"C:/Users/kbc12306156/AppData/Local/UnrealEngine/Common/DerivedDataCache/Buckets/LegacyTEXTURE/0b/3f/91e8efba65d84cfec5ef4e20493dc958bec5.udd" 3819
"C:/PG/GFFproject/Content/Arena/Textures/T_Ornaments02_N.uasset" 3820
"C:/Users/kbc12306156/AppData/Local/UnrealEngine/Common/DerivedDataCache/Buckets/LegacyTEXTURE/ca/22/00c38044d8d3cd57bab558e36707b855d026.udd" 3821
"C:/Users/kbc12306156/AppData/Local/UnrealEngine/Common/DerivedDataCache/Buckets/LegacyTEXTURE/8d/7a/2ca318ec873b2538f6d107918c56c014e958.udd" 3822
"C:/Users/kbc12306156/AppData/Local/UnrealEngine/Common/DerivedDataCache/Buckets/LegacyTEXTURE/cd/c7/ed88963694649afbfa2ef32b7f200100ed4e.udd" 3823
"C:/Users/kbc12306156/AppData/Local/UnrealEngine/Common/DerivedDataCache/Buckets/LegacyTEXTURE/ab/a9/cc6e7b783f20676e3ca68e48ac7b3af4bcbf.udd" 3824
"C:/Users/kbc12306156/AppData/Local/UnrealEngine/Common/DerivedDataCache/Buckets/BulkDataList/b5/10/98b09c50285c1e2c1da3a9643c6699997354.udd" 3825
"C:/PG/GFFproject/Content/Arena/Textures/T_Ornaments02_ORM.uasset" 3826
"C:/Users/kbc12306156/AppData/Local/UnrealEngine/Common/DerivedDataCache/Buckets/LegacyTEXTURE/0f/b5/9ec7563e473df6609acde611e070d80e1886.udd" 3827
"C:/Users/kbc12306156/AppData/Local/UnrealEngine/Common/DerivedDataCache/Buckets/LegacyTEXTURE/68/40/72696fce82e6d1818ef9642c428615814170.udd" 3828
"C:/Users/kbc12306156/AppData/Local/UnrealEngine/Common/DerivedDataCache/Buckets/BulkDataList/68/f4/edb1edd9d41e0f518db83b23c381345ca044.udd" 3829
"C:/PG/GFFproject/Content/Arena/Meshes/SkeletalMeshes/PA_FabricFlag01.uasset" 3830
"C:/Users/kbc12306156/AppData/Local/UnrealEngine/Common/DerivedDataCache/Buckets/LegacyTEXTURE/fa/3f/3aeda62ec31fa5329c70d924bf33b50f9ed4.udd" 3831
"C:/Users/kbc12306156/AppData/Local/UnrealEngine/Common/DerivedDataCache/Buckets/LegacyTEXTURE/bd/7e/2a2a1d07e3d77525b211371a23f9a52376d7.udd" 3832
"C:/Users/kbc12306156/AppData/Local/UnrealEngine/Common/DerivedDataCache/Buckets/LegacyTEXTURE/1a/ae/34f7b0d49c0bd36e843c2a06fedc955c7614.udd" 3833
"C:/Users/kbc12306156/AppData/Local/UnrealEngine/Common/DerivedDataCache/Buckets/LegacyTEXTURE/39/95/6478d0c0215e90f05d28f5504c767746e608.udd" 3834
"C:/Users/kbc12306156/AppData/Local/UnrealEngine/Common/DerivedDataCache/Buckets/BulkDataList/08/3d/10d4db07f89c319f8ac040f128b51613e1ab.udd" 3835
"C:/Users/kbc12306156/AppData/Local/UnrealEngine/Common/DerivedDataCache/Buckets/LegacyTEXTURE/8c/9e/d20b20816b0babaf322b05414873f9ec15c0.udd" 3836
"C:/PG/GFFproject/Content/Arena/Meshes/SkeletalMeshes/SK_FabricFlag01Skeleton.uasset" 3837
"C:/PG/GFFproject/Content/Arena/Blueprints/BP_CameraShake01.uasset" 3838
"C:/PG/GFFproject/Content/Arena/Blueprints/BP_CameraShake02.uasset" 3839
"C:/Users/kbc12306156/AppData/Local/UnrealEngine/Common/DerivedDataCache/Buckets/LegacyTEXTURE/4a/de/b5a02f9ac15ac9a05730ac916689522b73b8.udd" 3840
"C:/Users/kbc12306156/AppData/Local/UnrealEngine/Common/DerivedDataCache/Content/57/b2/c8b17dfca83c84d11540b4c7d03b4ecba4c0.udd" 3841
"C:/Users/kbc12306156/AppData/Local/UnrealEngine/Common/DerivedDataCache/Buckets/LegacyTEXTURE/f6/9a/3c1ecfbd6e8dc68daabc406036fdc2a7842f.udd" 3842
"C:/Users/kbc12306156/AppData/Local/UnrealEngine/Common/DerivedDataCache/Content/b7/d1/549175a8b3aa347ea2b9fff709814c7152ee.udd" 3843
"C:/PG/GFFproject/Content/EnemyBos/EBS1.uasset" 3844
"C:/Users/kbc12306156/AppData/Local/UnrealEngine/Common/DerivedDataCache/Buckets/BulkDataList/ed/98/6286790e90faa8909b5bfcaf5667989aebb4.udd" 3845
"C:/Users/kbc12306156/AppData/Local/UnrealEngine/Common/DerivedDataCache/Buckets/LegacyTEXTURE/db/9b/3b8da5bb4320f8a4f6e208213ddf7d353a93.udd" 3846
"C:/Users/kbc12306156/AppData/Local/UnrealEngine/Common/DerivedDataCache/Buckets/BulkDataList/0a/e0/210ad07762adb9f582c04bfdae152882d930.udd" 3847
"C:/Users/kbc12306156/AppData/Local/UnrealEngine/Common/DerivedDataCache/Buckets/BulkDataList/fc/b1/3700f6bd43197dce9dbc3dd6f85b3176d16f.udd" 3848
"C:/Users/kbc12306156/AppData/Local/UnrealEngine/Common/DerivedDataCache/Content/41/f2/a20a3062e4ddc87f13ad832682122c7c7c55.udd" 3849
"C:/Users/kbc12306156/AppData/Local/UnrealEngine/Common/DerivedDataCache/Buckets/LegacyTEXTURE/72/9c/3cc85535798323cfa2a235d0f7862279a127.udd" 3850
"../../../Engine/Plugins/FX/Niagara/Content/VectorFields/Assets/TilingCurl32.uasset" 3851
"C:/Users/kbc12306156/AppData/Local/UnrealEngine/Common/DerivedDataCache/Content/61/8e/ecf9067658356b82b2242a28bd8be0db09ba.udd" 3852
"C:/PG/GFFproject/Content/BGM-SE/?????????.uasset" 3853
"C:/Users/kbc12306156/AppData/Local/UnrealEngine/Common/DerivedDataCache/Buckets/LegacyTEXTURE/dd/15/5174163fe79855d800b34d56aa58f7dc0597.udd" 3854
"C:/Users/kbc12306156/AppData/Local/UnrealEngine/Common/DerivedDataCache/Content/34/85/6f19668926c396b488607117f4fd3211d70c.udd" 3855
"C:/Users/kbc12306156/AppData/Local/UnrealEngine/Common/DerivedDataCache/Buckets/LegacyTEXTURE/e8/93/9db0294d33ca33bca98afa27502bc5e8484d.udd" 3856
"C:/Users/kbc12306156/AppData/Local/UnrealEngine/Common/DerivedDataCache/Buckets/LegacyTEXTURE/f0/2f/74a0d09796a02b834dc91a027d018125e626.udd" 3857
"C:/Users/kbc12306156/AppData/Local/UnrealEngine/Common/DerivedDataCache/Buckets/BulkDataList/16/c2/fd02d36e501a4e3e4b9998080d0abd44222a.udd" 3858
"C:/Users/kbc12306156/AppData/Local/UnrealEngine/Common/DerivedDataCache/Buckets/BulkDataList/40/93/1b6b3fc1536eabfdac59c762c8749b9c7a98.udd" 3859
"C:/Users/kbc12306156/AppData/Local/UnrealEngine/Common/DerivedDataCache/Buckets/BulkDataList/4f/c7/61695ef4a40ff18cca065af60110366ba49d.udd" 3860
"C:/Users/kbc12306156/AppData/Local/UnrealEngine/Common/DerivedDataCache/Buckets/LegacyTEXTURE/86/b0/d9e6722d9ab195974cd194e5ee1e0d6088f3.udd" 3861
"C:/Users/kbc12306156/AppData/Local/UnrealEngine/Common/DerivedDataCache/Buckets/LegacyTEXTURE/73/3d/497150654785bd03bf20a510f34dc3aa4ef1.udd" 3862
"C:/Users/kbc12306156/AppData/Local/UnrealEngine/Common/DerivedDataCache/Buckets/LegacyTEXTURE/2a/76/ea26a605cf10e7da0f14b261e7284fc94000.udd" 3863
"C:/Users/kbc12306156/AppData/Local/UnrealEngine/Common/DerivedDataCache/Buckets/LegacyTEXTURE/e9/85/60abefdb90f2db9d6e737f0eacbc632c83af.udd" 3864
"C:/Users/kbc12306156/AppData/Local/UnrealEngine/Common/DerivedDataCache/Buckets/LegacyTEXTURE/fa/46/f91b8038ced90a05f74d458afbf2f47cbfc7.udd" 3865
"C:/Users/kbc12306156/AppData/Local/UnrealEngine/Common/DerivedDataCache/Buckets/LegacyTEXTURE/ad/8e/ff7545966dbac8eaafa7af09da9a2538bfb4.udd" 3866
"C:/Users/kbc12306156/AppData/Local/UnrealEngine/Common/DerivedDataCache/Buckets/LegacyTEXTURE/b7/d0/2ca8fe1966c5eb23cf582371aa6211ac4f9c.udd" 3867
"C:/Users/kbc12306156/AppData/Local/UnrealEngine/Common/DerivedDataCache/Buckets/LegacyTEXTURE/ed/a9/8f01e7c4372cc5a97ee182f96493c6602050.udd" 3868
"C:/Users/kbc12306156/AppData/Local/UnrealEngine/Common/DerivedDataCache/Buckets/LegacyTEXTURE/c4/4d/fa6fd46f7fd30455b6f85258edfb8960b264.udd" 3869
"C:/Users/kbc12306156/AppData/Local/UnrealEngine/Common/DerivedDataCache/Buckets/LegacyTEXTURE/ad/2a/cb943db8dd369cd83289e269ac01395391af.udd" 3870
"C:/Users/kbc12306156/AppData/Local/UnrealEngine/Common/DerivedDataCache/Buckets/LegacyTEXTURE/14/79/0abe8f54db572dadc6abac6b8605679c5f88.udd" 3871
"C:/Users/kbc12306156/AppData/Local/UnrealEngine/Common/DerivedDataCache/Buckets/LegacyTEXTURE/86/c7/2cf821d198b3f0d707af8d353deec2f904f2.udd" 3872
"C:/Users/kbc12306156/AppData/Local/UnrealEngine/Common/DerivedDataCache/Content/ee/b1/8ef3d8f9d7eaca02d3795e28d3d4073b2dc9.udd" 3873
"C:/Users/kbc12306156/AppData/Local/UnrealEngine/Common/DerivedDataCache/Buckets/LegacyTEXTURE/a9/db/2b3cebff5231952d5eb1f4ee3c6776451d5e.udd" 3874
"C:/Users/kbc12306156/AppData/Local/UnrealEngine/Common/DerivedDataCache/Buckets/LegacyTEXTURE/3f/b0/85e20cd44549ad579ef90863afcc84a3146d.udd" 3875
"C:/Users/kbc12306156/AppData/Local/UnrealEngine/Common/DerivedDataCache/Buckets/LegacyTEXTURE/aa/05/325bcd3b422e10eff618eccbae23ca908e7f.udd" 3876
"C:/Users/kbc12306156/AppData/Local/UnrealEngine/Common/DerivedDataCache/Buckets/LegacyTEXTURE/68/bd/acf9a688bf812001e671d99b448c48d9d1e8.udd" 3877
"C:/Users/kbc12306156/AppData/Local/UnrealEngine/Common/DerivedDataCache/Content/e1/49/0c7bb5fbaa4f08773cad84582c1304391705.udd" 3878
"C:/Users/kbc12306156/AppData/Local/UnrealEngine/Common/DerivedDataCache/Buckets/LegacyTEXTURE/20/c8/c95fcb560503eff70d83f5088d926d8c3ce0.udd" 3879
"C:/Users/kbc12306156/AppData/Local/UnrealEngine/Common/DerivedDataCache/Buckets/LegacyTEXTURE/71/0d/2b0df66e2384cc1c3ed20268ecf5deb18a88.udd" 3880
"C:/Users/kbc12306156/AppData/Local/UnrealEngine/Common/DerivedDataCache/Buckets/LegacyTEXTURE/ee/cf/161bcbb93bb75bcefe6b0567c331614cfeb0.udd" 3881
"C:/Users/kbc12306156/AppData/Local/UnrealEngine/Common/DerivedDataCache/Buckets/LegacyTEXTURE/b8/31/1d8310b14f3c3a1c2d058cdcad30a8b6ed1f.udd" 3882
"C:/Users/kbc12306156/AppData/Local/UnrealEngine/Common/DerivedDataCache/Buckets/LegacyTEXTURE/d7/2b/f84402a6deebe8ef86c83fc7ddb1746105b8.udd" 3883
"C:/Users/kbc12306156/AppData/Local/UnrealEngine/Common/DerivedDataCache/Buckets/LegacyTEXTURE/e1/8c/464753a5c38d8f03380583b0331342e705d7.udd" 3884
"C:/Users/kbc12306156/AppData/Local/UnrealEngine/Common/DerivedDataCache/Content/ba/90/ca94dbce13f58b3373f7f17c16bc36de7ad2.udd" 3885
"C:/Users/kbc12306156/AppData/Local/UnrealEngine/Common/DerivedDataCache/Buckets/LegacyTEXTURE/42/6c/ebe392d67b6d5fa1193aa54373b48ad09535.udd" 3886
"C:/Users/kbc12306156/AppData/Local/UnrealEngine/Common/DerivedDataCache/Buckets/LegacyTEXTURE/a0/72/fceec47ce50d71ab85cf358864e172d21178.udd" 3887
"C:/Users/kbc12306156/AppData/Local/UnrealEngine/Common/DerivedDataCache/Buckets/LegacyTEXTURE/6b/74/db7512b1d186b7081c7f1a2ff745cbcf8642.udd" 3888
"C:/Users/kbc12306156/AppData/Local/UnrealEngine/Common/DerivedDataCache/Buckets/LegacyAudio/d5/5f/04e6c781313fda8824a5dd8445aa2d58ed29.udd" 3889
"C:/Users/kbc12306156/AppData/Local/UnrealEngine/Common/DerivedDataCache/Buckets/LegacyAudio/5d/67/64c25e3cb891ec011666547865ab0400335a.udd" 3890
"C:/Users/kbc12306156/AppData/Local/UnrealEngine/Common/DerivedDataCache/Buckets/LegacyTEXTURE/b1/64/f5331cdc88bda623e748a3195b3aa6f4a495.udd" 3891
"C:/Users/kbc12306156/AppData/Local/UnrealEngine/Common/DerivedDataCache/Content/af/b0/30e6d73573ee42936640d5870038484cf5bc.udd" 3892
"C:/PG/GFFproject/Content/Realistic_Starter_VFX_Pack_Vol2/Materials/M_Derbis.uasset" 3893
"C:/Users/kbc12306156/AppData/Local/UnrealEngine/Common/DerivedDataCache/Buckets/BulkDataList/64/e8/5d6d05e1803c55e0906cb69b4d929ad61684.udd" 3894
"C:/PG/GFFproject/Content/StarterContent/Particles/Materials/m_flare_01.uasset" 3895
"C:/Users/kbc12306156/AppData/Local/UnrealEngine/Common/DerivedDataCache/Buckets/BulkDataList/93/54/6d1a6576eb02984f9d612c51861f80bd1bbd.udd" 3896
"C:/PG/GFFproject/Content/UI/bar_murasaki.uasset" 3897
"C:/Users/kbc12306156/AppData/Local/UnrealEngine/Common/DerivedDataCache/Buckets/BulkDataList/85/23/82d7387962ed8c02d6e622421b949d3cc85b.udd" 3898
"C:/PG/GFFproject/Content/UI/bar_nakami.uasset" 3899
"C:/Users/kbc12306156/AppData/Local/UnrealEngine/Common/DerivedDataCache/Buckets/BulkDataList/66/92/f3d1037ecc1c75e2e1a9688ab06e0e2c8ce3.udd" 3900
"C:/PG/GFFproject/Content/UI/bar_soto_transparent2.uasset" 3901
"C:/Users/kbc12306156/AppData/Local/UnrealEngine/Common/DerivedDataCache/Buckets/BulkDataList/59/e9/1688b5e5cc5207d8e28b3e751841cebd80f2.udd" 3902
"C:/Users/kbc12306156/AppData/Local/UnrealEngine/Common/DerivedDataCache/Buckets/LegacySTREAMEDAUDIO/ef/96/8ebab59692827edfc71dbe14aa9ef81def6a.udd" 3903
"C:/PG/GFFproject/Content/UI/blueblock.uasset" 3904
"C:/Users/kbc12306156/AppData/Local/UnrealEngine/Common/DerivedDataCache/Buckets/LegacySTREAMEDAUDIO/73/87/d98c2f281a59c281ffc5590d8c70d5a802c7.udd" 3905
"C:/Users/kbc12306156/AppData/Local/UnrealEngine/Common/DerivedDataCache/Buckets/LegacySTREAMEDAUDIO/b3/18/d42f76abb8eaeb7b65d13645f4b5b6ef56aa.udd" 3906
"C:/Users/kbc12306156/AppData/Local/UnrealEngine/Common/DerivedDataCache/Buckets/BulkDataList/69/0e/3a9379d08d406e6bc09e9b6f6d4ad23c3a92.udd" 3907
"C:/PG/GFFproject/Content/UI/greenblock.uasset" 3908
"C:/Users/kbc12306156/AppData/Local/UnrealEngine/Common/DerivedDataCache/Buckets/LegacyTEXTURE/bf/c5/5931766cc98948fcaaeb1d64499a9c221df3.udd" 3909
"C:/Users/kbc12306156/AppData/Local/UnrealEngine/Common/DerivedDataCache/Buckets/LegacySTREAMEDAUDIO/bf/5b/14bca4b22f3da104413681f191511187dd2c.udd" 3910
"C:/Users/kbc12306156/AppData/Local/UnrealEngine/Common/DerivedDataCache/Buckets/LegacyTEXTURE/59/ff/0152ecd21ec236eacb0eeef76a698a7603e6.udd" 3911
"C:/Users/kbc12306156/AppData/Local/UnrealEngine/Common/DerivedDataCache/Buckets/LegacySTREAMEDAUDIO/b0/f1/4cd9fc9cbacec14ffdf785cccb2fd2213549.udd" 3912
"C:/Users/kbc12306156/AppData/Local/UnrealEngine/Common/DerivedDataCache/Buckets/LegacyTEXTURE/57/45/6977869febaf35753e736e9585ea006a274b.udd" 3913
"C:/Users/kbc12306156/AppData/Local/UnrealEngine/Common/DerivedDataCache/Buckets/LegacySTREAMEDAUDIO/41/ec/db43a7d964eedacbf1f082f592fb454de94e.udd" 3914
"C:/Users/kbc12306156/AppData/Local/UnrealEngine/Common/DerivedDataCache/Buckets/LegacyTEXTURE/c4/35/58e86587387f49e5f2f7a4dfdabd564f88fe.udd" 3915
"C:/Users/kbc12306156/AppData/Local/UnrealEngine/Common/DerivedDataCache/Buckets/LegacyTEXTURE/ed/b0/0bee4274284d0b50bc00db0656994a0ae293.udd" 3916
"C:/Users/kbc12306156/AppData/Local/UnrealEngine/Common/DerivedDataCache/Buckets/BulkDataList/a9/a7/888eb5949cf959ac04d42ea8b7b821ea50cd.udd" 3917
"C:/Users/kbc12306156/AppData/Local/UnrealEngine/Common/DerivedDataCache/Buckets/LegacyTEXTURE/a0/5b/dd136b6ff84c9b9151f085ff0daa8035aff1.udd" 3918
"C:/Users/kbc12306156/AppData/Local/UnrealEngine/Common/DerivedDataCache/Buckets/LegacyTEXTURE/78/cf/dcc4e12565ef3d526580de146061b0362130.udd" 3919
"C:/PG/GFFproject/Content/UI/lightblueblock.uasset" 3920
"C:/Users/kbc12306156/AppData/Local/UnrealEngine/Common/DerivedDataCache/Content/82/ab/63d730ff2df6ac1d1d2270ffb68f9549a40a.udd" 3921
"C:/Users/kbc12306156/AppData/Local/UnrealEngine/Common/DerivedDataCache/Content/12/7c/7afc7c282c4304d95f171df8892f65ee6119.udd" 3922
"C:/Users/kbc12306156/AppData/Local/UnrealEngine/Common/DerivedDataCache/Buckets/LegacyTEXTURE/d4/96/9dd53741ce40eb2ac08113934cc10abef804.udd" 3923
"C:/Users/kbc12306156/AppData/Local/UnrealEngine/Common/DerivedDataCache/Content/d7/16/b5bdfbb34954b433059af131934d68b5a335.udd" 3924
"C:/Users/kbc12306156/AppData/Local/UnrealEngine/Common/DerivedDataCache/Buckets/BulkDataList/d4/92/abe5f7adc16d384e7a6b5835a7dc637c10c4.udd" 3925
"C:/PG/GFFproject/Content/UI/redblock.uasset" 3926
"C:/Users/kbc12306156/AppData/Local/UnrealEngine/Common/DerivedDataCache/Buckets/LegacyTEXTURE/04/5d/879476dd62dc4ad72b2ba72d92038e330c96.udd" 3927
"C:/PG/GFFproject/Content/UI/yellowblock.uasset" 3928
"C:/Users/kbc12306156/AppData/Local/UnrealEngine/Common/DerivedDataCache/Buckets/LegacyTEXTURE/1d/83/5cd51aabe604fd4ef562f3047206945888d0.udd" 3929
"C:/PG/GFFproject/Content/UI/LButton_transparent2.uasset" 3930
"C:/Users/kbc12306156/AppData/Local/UnrealEngine/Common/DerivedDataCache/Buckets/LegacyTEXTURE/13/11/651389f61ad0eca4d046d6cb2f3157e714ff.udd" 3931
"C:/Users/kbc12306156/AppData/Local/UnrealEngine/Common/DerivedDataCache/Buckets/LegacyTEXTURE/0f/81/4d203bd13fc877518b30b4aaac44d4c2ca39.udd" 3932
"C:/Users/kbc12306156/AppData/Local/UnrealEngine/Common/DerivedDataCache/Buckets/LegacyTEXTURE/86/c6/b1fed3f27ce51690f84e738d0c0632387eeb.udd" 3933
"C:/Users/kbc12306156/AppData/Local/UnrealEngine/Common/DerivedDataCache/Buckets/LegacyTEXTURE/46/c1/9d4b8e5263dc8860780d4eaa51dcebf44573.udd" 3934
"C:/Users/kbc12306156/AppData/Local/UnrealEngine/Common/DerivedDataCache/Buckets/LegacyTEXTURE/4f/30/b8a7c8953441462d631e7467e427cb7fcc5e.udd" 3935
"C:/Users/kbc12306156/AppData/Local/UnrealEngine/Common/DerivedDataCache/Buckets/LegacyTEXTURE/ed/74/9a2f20203e5c9647f454b3a9f20c97268c37.udd" 3936
"C:/Users/kbc12306156/AppData/Local/UnrealEngine/Common/DerivedDataCache/Buckets/LegacyTEXTURE/c2/da/3c1a44f3866ea8d5d4907f25af8a794b86fb.udd" 3937
"C:/Users/kbc12306156/AppData/Local/UnrealEngine/Common/DerivedDataCache/Buckets/LegacyTEXTURE/18/29/4224400ed9d3f33fe83fafc13044a69b2f7f.udd" 3938
"C:/Users/kbc12306156/AppData/Local/UnrealEngine/Common/DerivedDataCache/Buckets/LegacyTEXTURE/a4/32/c511ea1d8fe79c699cba6e2f27ade9bff047.udd" 3939
"C:/Users/kbc12306156/AppData/Local/UnrealEngine/Common/DerivedDataCache/Content/11/3c/3b4b80d8cbb8c09094c8ab3abc1a2d99abe5.udd" 3940
"C:/Users/kbc12306156/AppData/Local/UnrealEngine/Common/DerivedDataCache/Buckets/LegacyTEXTURE/44/46/b3ec6b2078ef1335bb869adf784dd47c2f03.udd" 3941
"C:/Users/kbc12306156/AppData/Local/UnrealEngine/Common/DerivedDataCache/Buckets/LegacyTEXTURE/59/8e/7d98a2c1d155fa23ccb0fafacca89f0a6fa2.udd" 3942
"C:/Users/kbc12306156/AppData/Local/UnrealEngine/Common/DerivedDataCache/Content/0c/67/e4cea9a1d74cdabb9b197e7e2d4d61429a20.udd" 3943
"C:/Users/kbc12306156/AppData/Local/UnrealEngine/Common/DerivedDataCache/Content/65/62/3392ce8480ee9e8a1f8566a29eec8a86aa4d.udd" 3944
"C:/PG/GFFproject/Content/UI/LSthi_transparent2.uasset" 3945
"C:/Users/kbc12306156/AppData/Local/UnrealEngine/Common/DerivedDataCache/Content/57/f7/255114b8332fb6059fff91b2fe8fcffc411e.udd" 3946
"C:/Users/kbc12306156/AppData/Local/UnrealEngine/Common/DerivedDataCache/Content/76/32/8aa39bdfe9562d7995c682ef4ec75569ad76.udd" 3947
"C:/PG/GFFproject/Content/UI/RButton_transparent2.uasset" 3948
"C:/Users/kbc12306156/AppData/Local/UnrealEngine/Common/DerivedDataCache/Buckets/LegacyTEXTURE/10/3e/c168096dd6c3d9a1a692ee47f6da6ace553d.udd" 3949
"C:/Users/kbc12306156/AppData/Local/UnrealEngine/Common/DerivedDataCache/Buckets/BulkDataList/6b/50/8f8512b2fcc6099155d4f68b4a0aabf55537.udd" 3950
"C:/PG/GFFproject/Content/UI/RSthi_transparent2.uasset" 3951
"C:/Users/kbc12306156/AppData/Local/UnrealEngine/Common/DerivedDataCache/Buckets/LegacyTEXTURE/76/c2/5fd45b10175fabb6a975967ebfa7727812f1.udd" 3952
"C:/Users/kbc12306156/AppData/Local/UnrealEngine/Common/DerivedDataCache/Buckets/LegacyTEXTURE/93/ae/5cc427aa626576cbcad4c6033209c61ab284.udd" 3953
"C:/Users/kbc12306156/AppData/Local/UnrealEngine/Common/DerivedDataCache/Buckets/LegacyTEXTURE/5f/a9/e0329d24066da0274ff508291d0b03588bc7.udd" 3954
"C:/Users/kbc12306156/AppData/Local/UnrealEngine/Common/DerivedDataCache/Buckets/LegacyTEXTURE/02/ce/1dd882d13bb3e6bf78543663673e30ada3c0.udd" 3955
"C:/Users/kbc12306156/AppData/Local/UnrealEngine/Common/DerivedDataCache/Buckets/LegacyTEXTURE/97/14/476d68eda2469df111dcb944da646f9d2194.udd" 3956
"../../../Engine/Plugins/FX/Niagara/Content/DefaultAssets/DefaultSpriteMaterial.uasset" 3957
"C:/Users/kbc12306156/AppData/Local/UnrealEngine/Common/DerivedDataCache/Buckets/LegacyTEXTURE/c0/6d/6bdf2ce9433dbe87c3df2a42c2971f5da878.udd" 3958
"C:/Users/kbc12306156/AppData/Local/UnrealEngine/Common/DerivedDataCache/Buckets/LegacyTEXTURE/5c/5b/74cfec146478e65de9563d0267b930630ea2.udd" 3959
"C:/PG/GFFproject/Content/StarterContent/Materials/M_AssetPlatform.uasset" 3960
"C:/Users/kbc12306156/AppData/Local/UnrealEngine/Common/DerivedDataCache/Buckets/BulkDataList/7c/54/f4ceaf9a7baa625ca4c2fd634a03056044d0.udd" 3961
"C:/Users/kbc12306156/AppData/Local/UnrealEngine/Common/DerivedDataCache/Buckets/LegacyTEXTURE/21/50/9a206ae498d4db29fb4e1750559e4aaca370.udd" 3962
"C:/Users/kbc12306156/AppData/Local/UnrealEngine/Common/DerivedDataCache/Buckets/LegacyTEXTURE/fa/b8/a7e37eb47ce4a5b1726899f4680a5cc2b600.udd" 3963
"C:/Users/kbc12306156/AppData/Local/UnrealEngine/Common/DerivedDataCache/Buckets/LegacyTEXTURE/67/18/4567ba7f8492c1b4f9032cfa802fbb515fb8.udd" 3964
"C:/Users/kbc12306156/AppData/Local/UnrealEngine/Common/DerivedDataCache/Content/7d/4a/c89313ab27cf9070eaecfaedead59d0e1693.udd" 3965
"C:/Users/kbc12306156/AppData/Local/UnrealEngine/Common/DerivedDataCache/Content/10/4a/e6d53d295e2ee83c1d00f8cc3afba7a3c36c.udd" 3966
"C:/Users/kbc12306156/AppData/Local/UnrealEngine/Common/DerivedDataCache/Buckets/LegacyTEXTURE/1e/48/0320b693796b848092ca1d8d6613f9a90244.udd" 3967
"C:/Users/kbc12306156/AppData/Local/UnrealEngine/Common/DerivedDataCache/Buckets/LegacyTEXTURE/bc/bd/72d6623ba12368868314e62ddb3cb8c42ee1.udd" 3968
"C:/Users/kbc12306156/AppData/Local/UnrealEngine/Common/DerivedDataCache/Buckets/LegacyTEXTURE/1f/c2/4959d0bece0a07de4b6a744853dbe71ca562.udd" 3969
"C:/Users/kbc12306156/AppData/Local/UnrealEngine/Common/DerivedDataCache/Buckets/LegacyTEXTURE/b7/96/c558e13799a644be5be766ba50bab6cac1b3.udd" 3970
"C:/Users/kbc12306156/AppData/Local/UnrealEngine/Common/DerivedDataCache/Buckets/LegacyTEXTURE/38/d5/941098f6d6b3298452da91d2fe426e6985a0.udd" 3971
"C:/Users/kbc12306156/AppData/Local/UnrealEngine/Common/DerivedDataCache/Buckets/LegacyTEXTURE/57/8a/1795055e257a684db095995eee9e2613cb2e.udd" 3972
"C:/Users/kbc12306156/AppData/Local/UnrealEngine/Common/DerivedDataCache/Buckets/LegacyTEXTURE/f2/44/03cd78ce0f2b9bd8ebfed4c9cdd052254d08.udd" 3973
"C:/Users/kbc12306156/AppData/Local/UnrealEngine/Common/DerivedDataCache/Buckets/LegacyTEXTURE/51/f3/b62f2f93aa3de8a8b700be9042988e743baa.udd" 3974
"C:/Users/kbc12306156/AppData/Local/UnrealEngine/Common/DerivedDataCache/Buckets/LegacyTEXTURE/f3/2d/cba4b2d79a3ab829471731e7bd660dba8409.udd" 3975
"C:/Users/kbc12306156/AppData/Local/UnrealEngine/Common/DerivedDataCache/Buckets/LegacyTEXTURE/3c/2c/1bfa42779b1c1f12e26db5285014b13f35fc.udd" 3976
"C:/Users/kbc12306156/AppData/Local/UnrealEngine/Common/DerivedDataCache/Buckets/LegacyTEXTURE/a9/63/cc46d6855e33d398daa609bb47230d249a7b.udd" 3977
"C:/Users/kbc12306156/AppData/Local/UnrealEngine/Common/DerivedDataCache/Buckets/LegacyTEXTURE/9c/6a/88c3b3a22b8f9465455ec9c6ad200354a071.udd" 3978
"C:/Users/kbc12306156/AppData/Local/UnrealEngine/Common/DerivedDataCache/Buckets/LegacyTEXTURE/e0/ef/fab92f0442ade6b26326186ac913c70af161.udd" 3979
"C:/Users/kbc12306156/AppData/Local/UnrealEngine/Common/DerivedDataCache/Content/12/ec/07506e2ea995a8611f9fb7d25562564124e0.udd" 3980
"C:/Users/kbc12306156/AppData/Local/UnrealEngine/Common/DerivedDataCache/Content/d5/cc/9ff6469e471142d271ebfe4aa5ad75336381.udd" 3981
"C:/Users/kbc12306156/AppData/Local/UnrealEngine/Common/DerivedDataCache/Buckets/LegacyTEXTURE/43/41/46fc3ce4854225cd65b525a022851bfb0621.udd" 3982
"C:/Users/kbc12306156/AppData/Local/UnrealEngine/Common/DerivedDataCache/Buckets/LegacyTEXTURE/21/c9/d39fd07db0f52b88293efc1adba11d597080.udd" 3983
"C:/Users/kbc12306156/AppData/Local/UnrealEngine/Common/DerivedDataCache/Buckets/LegacyTEXTURE/26/4d/614da47b24dda488cda65bda2a86183cdc65.udd" 3984
"C:/Users/kbc12306156/AppData/Local/UnrealEngine/Common/DerivedDataCache/Buckets/LegacyTEXTURE/6e/00/2412d1b3c347d901374537dcb94508b09cab.udd" 3985
"C:/Users/kbc12306156/AppData/Local/UnrealEngine/Common/DerivedDataCache/Buckets/LegacyTEXTURE/a7/9d/7d3fd458976605ac36f8d87f9dff5c370a0f.udd" 3986
"C:/Users/kbc12306156/AppData/Local/UnrealEngine/Common/DerivedDataCache/Buckets/LegacyTEXTURE/a0/0b/141fb51a28fa379f5b7a897a0fb00c8ac18c.udd" 3987
"C:/Users/kbc12306156/AppData/Local/UnrealEngine/Common/DerivedDataCache/Buckets/LegacyTEXTURE/a0/ab/d4ed30627179567dd5c1c3e7dbb96334b127.udd" 3988
"C:/Users/kbc12306156/AppData/Local/UnrealEngine/Common/DerivedDataCache/Buckets/LegacyTEXTURE/81/e7/66c1338241b3f3ecbafe1cba8d9bc33b8df4.udd" 3989
"C:/Users/kbc12306156/AppData/Local/UnrealEngine/Common/DerivedDataCache/Content/53/fc/627b989d90ce2a42e6fb302e4804307c5ff8.udd" 3990
"C:/Users/kbc12306156/AppData/Local/UnrealEngine/Common/DerivedDataCache/Buckets/LegacyTEXTURE/38/3b/16a071539e5ebc0d4bb9f33933147d6d1775.udd" 3991
"C:/Users/kbc12306156/AppData/Local/UnrealEngine/Common/DerivedDataCache/Content/47/f2/d0b1ca8607ab3b6990d26175ef1632177ab8.udd" 3992
"C:/Users/kbc12306156/AppData/Local/UnrealEngine/Common/DerivedDataCache/Buckets/LegacyTEXTURE/8c/11/f216c805f784c629e47b603c59e4990af3a3.udd" 3993
"C:/Users/kbc12306156/AppData/Local/UnrealEngine/Common/DerivedDataCache/Content/99/31/2e3d4b6714b287804c6a27e3eec4a2b6773b.udd" 3994
"C:/Users/kbc12306156/AppData/Local/UnrealEngine/Common/DerivedDataCache/Buckets/LegacyTEXTURE/df/94/fca2e6afab4f465b869dbd37b2eaf68cc53c.udd" 3995
"C:/Users/kbc12306156/AppData/Local/UnrealEngine/Common/DerivedDataCache/Buckets/LegacyTEXTURE/38/c0/2987e97a4cec62062638735d1b7b08e0bcc3.udd" 3996
"C:/Users/kbc12306156/AppData/Local/UnrealEngine/Common/DerivedDataCache/Buckets/LegacyTEXTURE/84/50/76c6dc43cb1fb040f8872227a788b42ddefc.udd" 3997
"C:/Users/kbc12306156/AppData/Local/UnrealEngine/Common/DerivedDataCache/Buckets/LegacyTEXTURE/e9/d1/72de70eb5b4ef04394cc372a695838243946.udd" 3998
"C:/Users/kbc12306156/AppData/Local/UnrealEngine/Common/DerivedDataCache/Content/b7/30/10ba23fe523dbc4977977d78e5960d9b8d88.udd" 3999
"C:/Users/kbc12306156/AppData/Local/UnrealEngine/Common/DerivedDataCache/Buckets/LegacyTEXTURE/63/40/dfde3b2f10a8197d8eee9a6c7033260d626f.udd" 4000
"C:/Users/kbc12306156/AppData/Local/UnrealEngine/Common/DerivedDataCache/Buckets/LegacyTEXTURE/89/1f/31623e5e0aa24d5be0143f73428f38bc6835.udd" 4001
"C:/Users/kbc12306156/AppData/Local/UnrealEngine/Common/DerivedDataCache/Buckets/LegacyTEXTURE/84/ea/733a1ec6dbeb17b4144b7735f54a2d58c060.udd" 4002
"C:/Users/kbc12306156/AppData/Local/UnrealEngine/Common/DerivedDataCache/Buckets/LegacyTEXTURE/63/13/0f3757c6db65dee32074d5e7f5ab3877de4b.udd" 4003
"C:/Users/kbc12306156/AppData/Local/UnrealEngine/Common/DerivedDataCache/Buckets/LegacyTEXTURE/c8/b1/47f6886d144023cd63c3fd3e2935b44df90e.udd" 4004
"C:/Users/kbc12306156/AppData/Local/UnrealEngine/Common/DerivedDataCache/Buckets/LegacyTEXTURE/81/47/4871f9ffa13b8dbd3243dcf268e2a6661781.udd" 4005
"C:/Users/kbc12306156/AppData/Local/UnrealEngine/Common/DerivedDataCache/Buckets/LegacyTEXTURE/e9/04/60c23dc33d5236c109b10f85235d9d1e81bf.udd" 4006
"C:/Users/kbc12306156/AppData/Local/UnrealEngine/Common/DerivedDataCache/Buckets/LegacyTEXTURE/22/86/2e8298c36ae92b4de324269d869c6911c7ef.udd" 4007
"C:/Users/kbc12306156/AppData/Local/UnrealEngine/Common/DerivedDataCache/Buckets/LegacyTEXTURE/27/23/d5705cd6ff1157180bbf63257f72d8915599.udd" 4008
"C:/Users/kbc12306156/AppData/Local/UnrealEngine/Common/DerivedDataCache/Buckets/LegacyTEXTURE/43/4e/8999542b26d33d40f9addc34ccbae18fca3e.udd" 4009
"C:/Users/kbc12306156/AppData/Local/UnrealEngine/Common/DerivedDataCache/Buckets/LegacyTEXTURE/37/a1/aa76566f6d14b81894db491adcbe92a1f731.udd" 4010
"C:/Users/kbc12306156/AppData/Local/UnrealEngine/Common/DerivedDataCache/Buckets/LegacyTEXTURE/ec/ef/416faef03e0e9faabc20fe1a7c3bc9cf38a9.udd" 4011
"C:/Users/kbc12306156/AppData/Local/UnrealEngine/Common/DerivedDataCache/Buckets/LegacyTEXTURE/d4/58/7640cf33558c60ebdb5259eade03d8d2653e.udd" 4012
"C:/Users/kbc12306156/AppData/Local/UnrealEngine/Common/DerivedDataCache/Buckets/LegacyTEXTURE/32/1c/f0e9dde911c70b936efd6abbbf4554ea6637.udd" 4013
"C:/Users/kbc12306156/AppData/Local/UnrealEngine/Common/DerivedDataCache/Buckets/LegacyTEXTURE/bb/2a/44393dfa0d08fe906648cc99a65fd951ae5f.udd" 4014
"C:/Users/kbc12306156/AppData/Local/UnrealEngine/Common/DerivedDataCache/Content/fc/a0/f12f1176914ac387787542bf0913d31951b2.udd" 4015
"C:/Users/kbc12306156/AppData/Local/UnrealEngine/Common/DerivedDataCache/Buckets/LegacyAudio/eb/68/98599713b1b8d74b872ab0f6fefd203207bc.udd" 4016
"C:/Users/kbc12306156/AppData/Local/UnrealEngine/Common/DerivedDataCache/Buckets/LegacyTEXTURE/eb/24/bbc0be7fd6dc75c6a7f4b6ff3e2b0cfae5c8.udd" 4017
"C:/Users/kbc12306156/AppData/Local/UnrealEngine/Common/DerivedDataCache/Buckets/LegacyTEXTURE/d1/ba/e06ffaff0a104ac3ce812cbd7952805c2d2d.udd" 4018
"C:/Users/kbc12306156/AppData/Local/UnrealEngine/Common/DerivedDataCache/Buckets/LegacyTEXTURE/76/a5/004db5d8c0c56cea51f80f91e7acad5396c0.udd" 4019
"C:/Users/kbc12306156/AppData/Local/UnrealEngine/Common/DerivedDataCache/Buckets/LegacyTEXTURE/62/61/614ea4fac3276dfa503665915848c5da63ee.udd" 4020
"C:/Users/kbc12306156/AppData/Local/UnrealEngine/Common/DerivedDataCache/Buckets/LegacyTEXTURE/4a/9e/b16fbddb4cef3dc5a89d1046b87aec715807.udd" 4021
"C:/Users/kbc12306156/AppData/Local/UnrealEngine/Common/DerivedDataCache/Content/0e/f8/313954895ae79642125b06ce81a65b59c395.udd" 4022
"C:/Users/kbc12306156/AppData/Local/UnrealEngine/Common/DerivedDataCache/Buckets/LegacyTEXTURE/bf/39/9dd2876797db8325dc03f72bf36e9ecbc5e0.udd" 4023
"C:/Users/kbc12306156/AppData/Local/UnrealEngine/Common/DerivedDataCache/Buckets/LegacyTEXTURE/8b/81/2a620b08ec50c014ed848192d472086a9f45.udd" 4024
"C:/Users/kbc12306156/AppData/Local/UnrealEngine/Common/DerivedDataCache/Content/22/88/2cfc9c591936d7edeb7047caa492b8b58455.udd" 4025
"C:/Users/kbc12306156/AppData/Local/UnrealEngine/Common/DerivedDataCache/Content/7d/76/3fe8a9d025800a1b556a8b0f293fa8b78495.udd" 4026
"C:/Users/kbc12306156/AppData/Local/UnrealEngine/Common/DerivedDataCache/Buckets/LegacyTEXTURE/bb/07/5422d1346c71941c26ce7b09fbe4cca953b8.udd" 4027
"C:/Users/kbc12306156/AppData/Local/UnrealEngine/Common/DerivedDataCache/Content/ed/5e/8b54ab699856944ea74037236af59c1b61a8.udd" 4028
"C:/Users/kbc12306156/AppData/Local/UnrealEngine/Common/DerivedDataCache/Buckets/LegacyTEXTURE/4a/ad/1afbb927859b52a8743251520a0de861dc6d.udd" 4029
"C:/Users/kbc12306156/AppData/Local/UnrealEngine/Common/DerivedDataCache/Buckets/LegacyTEXTURE/1c/a9/a5b857edcb1d0ca3c76cda5aa99f795cbdd0.udd" 4030
"C:/Users/kbc12306156/AppData/Local/UnrealEngine/Common/DerivedDataCache/Content/30/6e/498e9573520648d791fe067c0a37f52cecb6.udd" 4031
"C:/Users/kbc12306156/AppData/Local/UnrealEngine/Common/DerivedDataCache/Buckets/LegacyTEXTURE/7c/b6/53b342354131a45aa3210ebb02555cd13e85.udd" 4032
"C:/Users/kbc12306156/AppData/Local/UnrealEngine/Common/DerivedDataCache/Buckets/LegacyTEXTURE/98/61/f055c7f7787034d06bbd15e290fe5d4c187c.udd" 4033
"C:/Users/kbc12306156/AppData/Local/UnrealEngine/Common/DerivedDataCache/Buckets/LegacyTEXTURE/82/26/aaf9071d78c7e91034cdc171fde9cbe3a539.udd" 4034
"C:/Users/kbc12306156/AppData/Local/UnrealEngine/Common/DerivedDataCache/Buckets/LegacyTEXTURE/a2/a9/e806aae5f208fdf171e46ae20d5057427e1c.udd" 4035
"C:/Users/kbc12306156/AppData/Local/UnrealEngine/Common/DerivedDataCache/Buckets/LegacyTEXTURE/35/f8/908c2ca955b0ae7c9000fd1dd7116413d93b.udd" 4036
"C:/Users/kbc12306156/AppData/Local/UnrealEngine/Common/DerivedDataCache/Buckets/LegacyTEXTURE/25/c3/ab4153f5ddcbb59b588e844ae96da09327a2.udd" 4037
"C:/Users/kbc12306156/AppData/Local/UnrealEngine/Common/DerivedDataCache/Buckets/LegacyTEXTURE/62/10/d67a124d223d821eb372187dd7aff9462da8.udd" 4038
"C:/Users/kbc12306156/AppData/Local/UnrealEngine/Common/DerivedDataCache/Content/b0/ef/1ba7ac47941be3cb32ce146a09eb8aee1bcc.udd" 4039
"C:/Users/kbc12306156/AppData/Local/UnrealEngine/Common/DerivedDataCache/Buckets/LegacyTEXTURE/28/48/3feeb1abef37c4fef5658d1e6cc9324206f3.udd" 4040
"C:/Users/kbc12306156/AppData/Local/UnrealEngine/Common/DerivedDataCache/Content/a9/6f/dfccbf645622fc3c54e0363bccee95702739.udd" 4041
"C:/Users/kbc12306156/AppData/Local/UnrealEngine/Common/DerivedDataCache/Buckets/LegacyTEXTURE/2b/81/126b41230b01e97ac8f3da5f980ce62b47ac.udd" 4042
"C:/Users/kbc12306156/AppData/Local/UnrealEngine/Common/DerivedDataCache/Content/cc/a0/3486edb2496e099e6217b77fce14d052d4a1.udd" 4043
"C:/Users/kbc12306156/AppData/Local/UnrealEngine/Common/DerivedDataCache/Buckets/LegacyTEXTURE/2a/a0/8a3ff29006a6c0975d1365359c2d3673ad19.udd" 4044
"C:/Users/kbc12306156/AppData/Local/UnrealEngine/Common/DerivedDataCache/Buckets/LegacyTEXTURE/b1/0c/ca1c43037f02a47dc05c1a42f78985ed2ded.udd" 4045
"C:/Users/kbc12306156/AppData/Local/UnrealEngine/Common/DerivedDataCache/Buckets/LegacyTEXTURE/ef/76/cd3e8d28424782bd41af5f700f58de5dbd45.udd" 4046
"C:/Users/kbc12306156/AppData/Local/UnrealEngine/Common/DerivedDataCache/Buckets/LegacyTEXTURE/2d/f7/f944809c82ad7c7bd16e48b920936c96391d.udd" 4047
"C:/Users/kbc12306156/AppData/Local/UnrealEngine/Common/DerivedDataCache/Buckets/LegacyTEXTURE/1d/e5/054c21daafad1082f928da1a9718aead7840.udd" 4048
"C:/Users/kbc12306156/AppData/Local/UnrealEngine/Common/DerivedDataCache/Buckets/LegacyTEXTURE/53/c9/fa32d98127ec93604953ad8a99815b57ab2a.udd" 4049
"C:/Users/kbc12306156/AppData/Local/UnrealEngine/Common/DerivedDataCache/Buckets/LegacyTEXTURE/de/23/86547bbc1ed32cd6ac000d909397de83d598.udd" 4050
"C:/Users/kbc12306156/AppData/Local/UnrealEngine/Common/DerivedDataCache/Buckets/LegacyTEXTURE/89/58/461d428ae1d0689841016b7038dcea158fcd.udd" 4051
"C:/Users/kbc12306156/AppData/Local/UnrealEngine/Common/DerivedDataCache/Buckets/LegacyTEXTURE/2b/71/f71bdb17cf4833930ac232e9c57fac20e111.udd" 4052
"C:/Users/kbc12306156/AppData/Local/UnrealEngine/Common/DerivedDataCache/Buckets/LegacyTEXTURE/e8/10/9c7f676fdaf0c928863fb6a36347cbb3a825.udd" 4053
"C:/Users/kbc12306156/AppData/Local/UnrealEngine/Common/DerivedDataCache/Buckets/LegacyTEXTURE/84/45/2b5794d1009620184804e05968387968b43c.udd" 4054
"C:/Users/kbc12306156/AppData/Local/UnrealEngine/Common/DerivedDataCache/Content/91/d5/65bd33dee305761d9ac6d9c830f45990c72e.udd" 4055
"C:/Users/kbc12306156/AppData/Local/UnrealEngine/Common/DerivedDataCache/Buckets/LegacyTEXTURE/0b/94/efa0c053c3f1548661e7887cea5d3daad04b.udd" 4056
"C:/Users/kbc12306156/AppData/Local/UnrealEngine/Common/DerivedDataCache/Buckets/LegacyTEXTURE/0b/1f/2fc69a15d2c909725c4dc3a475443aa62dcf.udd" 4057
"C:/Users/kbc12306156/AppData/Local/UnrealEngine/Common/DerivedDataCache/Buckets/LegacyTEXTURE/08/7a/7560d2cfb19317f08b63f02a8c665872fc99.udd" 4058
"C:/Users/kbc12306156/AppData/Local/UnrealEngine/Common/DerivedDataCache/Buckets/LegacyTEXTURE/93/95/c3a87be99f9aef0dcef3bc39cdacf9d62d52.udd" 4059
"C:/Users/kbc12306156/AppData/Local/UnrealEngine/Common/DerivedDataCache/Buckets/LegacyTEXTURE/ae/3d/984bc05cc988e8ecac650a3bdd7fc94e288b.udd" 4060
"C:/Users/kbc12306156/AppData/Local/UnrealEngine/Common/DerivedDataCache/Buckets/LegacyTEXTURE/8f/9c/1f80bfff483b048c4081cac4ca8266ba3a1a.udd" 4061
"C:/Users/kbc12306156/AppData/Local/UnrealEngine/Common/DerivedDataCache/Buckets/LegacyTEXTURE/13/9b/754116e22ed315b5aecc83bf4e6de002c5a1.udd" 4062
"C:/Users/kbc12306156/AppData/Local/UnrealEngine/Common/DerivedDataCache/Buckets/LegacyTEXTURE/af/07/042a93be8cb1079923916609ec4461c8f976.udd" 4063
"C:/Users/kbc12306156/AppData/Local/UnrealEngine/Common/DerivedDataCache/Buckets/LegacyTEXTURE/3a/a0/74f38c680a4f62212496cf46b45bb4734ee8.udd" 4064
"C:/Users/kbc12306156/AppData/Local/UnrealEngine/Common/DerivedDataCache/Buckets/LegacyTEXTURE/88/76/f67d3053ab05117fbd418e0480fc9ee0105e.udd" 4065
"C:/Users/kbc12306156/AppData/Local/UnrealEngine/Common/DerivedDataCache/Content/aa/9b/f25662b2c83cb89c06f8405bf85f545a988b.udd" 4066
"C:/Users/kbc12306156/AppData/Local/UnrealEngine/Common/DerivedDataCache/Buckets/LegacySTREAMEDAUDIO/b2/ed/7a1d3b43f752610e0a34e2a0c62745361466.udd" 4067
"C:/Users/kbc12306156/AppData/Local/UnrealEngine/Common/DerivedDataCache/Buckets/LegacySTREAMEDAUDIO/50/83/ead458ca76ee54c568ca3c1154ef2ba8e32f.udd" 4068
"C:/Users/kbc12306156/AppData/Local/UnrealEngine/Common/DerivedDataCache/Buckets/LegacySTREAMEDAUDIO/d0/94/375877dfa87f652c7293193eb7ab4f9e2027.udd" 4069
"C:/Users/kbc12306156/AppData/Local/UnrealEngine/Common/DerivedDataCache/Buckets/LegacyTEXTURE/b5/57/fb748e75a04a48c07e8d01967230ac61d9cb.udd" 4070
"C:/Users/kbc12306156/AppData/Local/UnrealEngine/Common/DerivedDataCache/Content/8c/b6/ac18c4ca4e80cf20e19c5e6c0f58b2f2409d.udd" 4071
"C:/Users/kbc12306156/AppData/Local/UnrealEngine/Common/DerivedDataCache/Buckets/LegacyTEXTURE/9e/27/e2e6b253120ae6c8452323b8cc7b43c502c0.udd" 4072
"C:/Users/kbc12306156/AppData/Local/UnrealEngine/Common/DerivedDataCache/Content/9e/92/f4cd7106fbaabe4844378be23b18b2c0036b.udd" 4073
"C:/Users/kbc12306156/AppData/Local/UnrealEngine/Common/DerivedDataCache/Buckets/LegacyTEXTURE/11/63/5e44fb74d15d51a5c73503be6855ec484537.udd" 4074
"C:/Users/kbc12306156/AppData/Local/UnrealEngine/Common/DerivedDataCache/Buckets/LegacyTEXTURE/2e/8b/63ecefa901cb5f86b478eae6bd0ea8cde075.udd" 4075
"C:/Users/kbc12306156/AppData/Local/UnrealEngine/Common/DerivedDataCache/Buckets/LegacyTEXTURE/55/6c/847eac17977241386dc959c19f2ba6ca31f1.udd" 4076
"C:/Users/kbc12306156/AppData/Local/UnrealEngine/Common/DerivedDataCache/Buckets/LegacyTEXTURE/57/7c/7366fcc65deaf15c31c66b9754d80dc4a7d9.udd" 4077
"C:/Users/kbc12306156/AppData/Local/UnrealEngine/Common/DerivedDataCache/Buckets/LegacyTEXTURE/c1/88/d7844574efd16686a0edee8bfa49f060aae1.udd" 4078
"C:/Users/kbc12306156/AppData/Local/UnrealEngine/Common/DerivedDataCache/Buckets/LegacyTEXTURE/7e/ba/892c1923c0fbd47904e6431e2af12cbe07ad.udd" 4079
"C:/Users/kbc12306156/AppData/Local/UnrealEngine/Common/DerivedDataCache/Buckets/LegacyTEXTURE/fb/29/ac9d9360f6dac773f2e748ee1d27ca1c446e.udd" 4080
"C:/Users/kbc12306156/AppData/Local/UnrealEngine/Common/DerivedDataCache/Buckets/LegacyTEXTURE/99/e5/ad56efc3b19787cd031b67a18a29c7d70f74.udd" 4081
"C:/Users/kbc12306156/AppData/Local/UnrealEngine/Common/DerivedDataCache/Buckets/LegacyTEXTURE/ff/eb/cdc6c486eb2170e4f9f75b436ee0cdb2998c.udd" 4082
"C:/Users/kbc12306156/AppData/Local/UnrealEngine/Common/DerivedDataCache/Content/af/bd/cddffda364e89969b67d80a88eb6b1d1ab37.udd" 4083
"C:/Users/kbc12306156/AppData/Local/UnrealEngine/Common/DerivedDataCache/Buckets/LegacyTEXTURE/47/d9/a0285c3ffea02eec0d82ade73c4bcef7ef08.udd" 4084
"C:/Users/kbc12306156/AppData/Local/UnrealEngine/Common/DerivedDataCache/Buckets/LegacyTEXTURE/1b/6a/0875a786345da69c49f919426bcd030dd7ab.udd" 4085
"C:/Users/kbc12306156/AppData/Local/UnrealEngine/Common/DerivedDataCache/Buckets/LegacyTEXTURE/4f/9b/52db454ba21b675cb4039634889a2917fd7f.udd" 4086
"C:/Users/kbc12306156/AppData/Local/UnrealEngine/Common/DerivedDataCache/Buckets/LegacyTEXTURE/61/a5/a9e2674fe977421e70f7dbfc5718ad7c3608.udd" 4087
"../../../Engine/Content/EngineSky/T_Sky_Blue.uasset" 4088
"../../../Engine/Content/EngineSky/T_Sky_Clouds_M.uasset" 4089
"../../../Engine/Content/EngineSky/T_Sky_Stars.uasset" 4090
"C:/Users/kbc12306156/AppData/Local/UnrealEngine/Common/DerivedDataCache/Buckets/BulkDataList/d0/0b/d7e368656137fcdbbddc28172c66081e579d.udd" 4091
"C:/PG/GFFproject/Content/Arena/Textures/T_GroundPlates_BC.uasset" 4092
"C:/Users/kbc12306156/AppData/Local/UnrealEngine/Common/DerivedDataCache/Buckets/BulkDataList/b3/d4/6a66a4405a6ee6d825ca600c42935e36207b.udd" 4093
"C:/PG/GFFproject/Content/Arena/Textures/T_GroundPlates_N.uasset" 4094
"C:/Users/kbc12306156/AppData/Local/UnrealEngine/Common/DerivedDataCache/Buckets/BulkDataList/0c/d3/a91fb816fcac84d789005f17ba3d901876f2.udd" 4095
"C:/PG/GFFproject/Content/Arena/Textures/T_GroundPlates_ORM.uasset" 4096
"C:/Users/kbc12306156/AppData/Local/UnrealEngine/Common/DerivedDataCache/Buckets/BulkDataList/a7/8c/cd3849c7adac13f4d5c12bb7ef13aedb4060.udd" 4097
"C:/PG/GFFproject/Content/Arena/Textures/T_Debris01_BC.uasset" 4098
"C:/Users/kbc12306156/AppData/Local/UnrealEngine/Common/DerivedDataCache/Buckets/BulkDataList/61/ca/65f864d5ec596d77a458a869c256c5f84e1c.udd" 4099
"C:/PG/GFFproject/Content/Arena/Textures/T_Debris01_N.uasset" 4100
"C:/Users/kbc12306156/AppData/Local/UnrealEngine/Common/DerivedDataCache/Buckets/BulkDataList/da/72/c36c29df2251aec6829283825d9cf6c3b213.udd" 4101
"C:/PG/GFFproject/Content/Arena/Textures/T_Debris01_ORM.uasset" 4102
"C:/Users/kbc12306156/AppData/Local/UnrealEngine/Common/DerivedDataCache/Buckets/BulkDataList/c1/ef/ca6d539622479590491b5bbead92779ca9a8.udd" 4103
"C:/PG/GFFproject/Content/Arena/Textures/T_Doors02_BC.uasset" 4104
"C:/Users/kbc12306156/AppData/Local/UnrealEngine/Common/DerivedDataCache/Buckets/BulkDataList/80/02/f070a588c6180eb9afcf35084bb29122e5a7.udd" 4105
"C:/PG/GFFproject/Content/Arena/Textures/T_Doors02_N.uasset" 4106
"C:/Users/kbc12306156/AppData/Local/UnrealEngine/Common/DerivedDataCache/Buckets/BulkDataList/73/76/f89c9dae34818a76d1abb75952ee1b414fa4.udd" 4107
"C:/PG/GFFproject/Content/Arena/Textures/T_Doors02_ORM.uasset" 4108
"C:/Users/kbc12306156/AppData/Local/UnrealEngine/Common/DerivedDataCache/Buckets/BulkDataList/2a/12/fc8b78081411a135af06d5ee15ef0e3dba90.udd" 4109
"C:/PG/GFFproject/Content/Arena/Textures/T_Fabric01_MSK.uasset" 4110
"C:/Users/kbc12306156/AppData/Local/UnrealEngine/Common/DerivedDataCache/Buckets/BulkDataList/90/2d/92865c19441aedbc69ebf7368cfd6a8b9109.udd" 4111
"C:/PG/GFFproject/Content/Arena/Textures/T_WallTrim01_BC.uasset" 4112
"C:/PG/GFFproject/Content/Arena/Textures/T_WallTrim01_N.uasset" 4113
"C:/PG/GFFproject/Content/Arena/Textures/T_WallTrim01_ORM.uasset" 4114
"C:/Users/kbc12306156/AppData/Local/UnrealEngine/Common/DerivedDataCache/Buckets/LegacyTEXTURE/15/aa/9dd787c2e1294fe401021c47aec18f1ce0cd.udd" 4115
"C:/Users/kbc12306156/AppData/Local/UnrealEngine/Common/DerivedDataCache/Buckets/LegacyTEXTURE/e4/f5/3b545f610f610a6b92235acae319e2d68b1f.udd" 4116
"C:/Users/kbc12306156/AppData/Local/UnrealEngine/Common/DerivedDataCache/Buckets/LegacyTEXTURE/63/08/80db34fca01387fca6d771601140be227c0c.udd" 4117
"C:/Users/kbc12306156/AppData/Local/UnrealEngine/Common/DerivedDataCache/Buckets/BulkDataList/c1/21/e40261bd1c20da3787d54bf43d1e1db681d1.udd" 4118
"C:/Users/kbc12306156/AppData/Local/UnrealEngine/Common/DerivedDataCache/Buckets/LegacyTEXTURE/1e/fd/b6c3631ce88f786d427c4cc17f8e2269d31a.udd" 4119
"C:/Users/kbc12306156/AppData/Local/UnrealEngine/Common/DerivedDataCache/Buckets/LegacyTEXTURE/f6/e8/3ec6774e5e7187d247e3cdd21b9f2f4fcb62.udd" 4120
"C:/Users/kbc12306156/AppData/Local/UnrealEngine/Common/DerivedDataCache/Buckets/LegacyTEXTURE/42/ab/eca99374c05d70f7c72ac01c1177442c6d2f.udd" 4121
"C:/Users/kbc12306156/AppData/Local/UnrealEngine/Common/DerivedDataCache/Buckets/LegacyTEXTURE/09/73/c65cc395998cb9a4bdfe7bf4cf178f08cc07.udd" 4122
"C:/Users/kbc12306156/AppData/Local/UnrealEngine/Common/DerivedDataCache/Buckets/LegacyTEXTURE/31/f9/3eb24d23c955114729b0fb0516a3028c7432.udd" 4123
"C:/Users/kbc12306156/AppData/Local/UnrealEngine/Common/DerivedDataCache/Buckets/LegacyTEXTURE/21/87/08e5861cb6ac146897ece9ae55ed26554b4b.udd" 4124
"C:/Users/kbc12306156/AppData/Local/UnrealEngine/Common/DerivedDataCache/Buckets/LegacyTEXTURE/96/c0/f46334ff0edcdbaec2cfcfffb15631585801.udd" 4125
"C:/Users/kbc12306156/AppData/Local/UnrealEngine/Common/DerivedDataCache/Buckets/LegacyTEXTURE/48/82/1aec392df9d21cb0f9f1536a0fe13662de8e.udd" 4126
"C:/Users/kbc12306156/AppData/Local/UnrealEngine/Common/DerivedDataCache/Buckets/LegacyTEXTURE/22/80/8232c8524fe5776676dc3f79e7c1c5ec3b97.udd" 4127
"C:/Users/kbc12306156/AppData/Local/UnrealEngine/Common/DerivedDataCache/Buckets/BulkDataList/f9/23/09b603c21d544433388ecb6c7fe7b4bba39a.udd" 4128
"C:/PG/GFFproject/Content/Arena/Textures/T_ArchDetails02_BC.uasset" 4129
"C:/Users/kbc12306156/AppData/Local/UnrealEngine/Common/DerivedDataCache/Buckets/BulkDataList/9a/2e/74b3a36187c333716dda531141dae44fe451.udd" 4130
"C:/PG/GFFproject/Content/Arena/Textures/T_ArchDetails02_N.uasset" 4131
"C:/Users/kbc12306156/AppData/Local/UnrealEngine/Common/DerivedDataCache/Buckets/BulkDataList/4a/f5/dedc3c7dbd7eb778a2e8f32263135dc05906.udd" 4132
"C:/PG/GFFproject/Content/Arena/Textures/T_ArchDetails02_ORM.uasset" 4133
"C:/Users/kbc12306156/AppData/Local/UnrealEngine/Common/DerivedDataCache/Buckets/BulkDataList/6d/eb/ac48dac1311c2f28276242001cac3aaef87a.udd" 4134
"C:/PG/GFFproject/Content/Arena/Textures/T_Lantern01_BC.uasset" 4135
"C:/Users/kbc12306156/AppData/Local/UnrealEngine/Common/DerivedDataCache/Buckets/BulkDataList/42/e6/a95afb88937a947ce02a027d8f480fd8f12b.udd" 4136
"C:/PG/GFFproject/Content/Arena/Textures/T_Lantern01_N.uasset" 4137
"C:/Users/kbc12306156/AppData/Local/UnrealEngine/Common/DerivedDataCache/Buckets/BulkDataList/92/19/e86d285c75d773acaa52ea4f74ee89210c7c.udd" 4138
"C:/PG/GFFproject/Content/Arena/Textures/T_Lantern01_ORM.uasset" 4139
"C:/Users/kbc12306156/AppData/Local/UnrealEngine/Common/DerivedDataCache/Buckets/BulkDataList/59/17/2824badbbf66be57a147747fc72caaf618fe.udd" 4140
"C:/PG/GFFproject/Content/Arena/Textures/T_Ornaments03_BC.uasset" 4141
"C:/Users/kbc12306156/AppData/Local/UnrealEngine/Common/DerivedDataCache/Buckets/BulkDataList/ef/39/3e98bbcd586a4aad55705639b8bd73ec5b56.udd" 4142
"C:/PG/GFFproject/Content/Arena/Textures/T_Ornaments03_MSK.uasset" 4143
"C:/Users/kbc12306156/AppData/Local/UnrealEngine/Common/DerivedDataCache/Buckets/BulkDataList/d9/8e/7f9901e597ea481d67b91f00bb5838de6b8e.udd" 4144
"C:/PG/GFFproject/Content/Arena/Textures/T_Ornaments03_N.uasset" 4145
"C:/Users/kbc12306156/AppData/Local/UnrealEngine/Common/DerivedDataCache/Buckets/BulkDataList/1e/27/5c1881f1234a1bf8c806e3ff44ffba1d1e6d.udd" 4146
"C:/PG/GFFproject/Content/Arena/Textures/T_Ornaments03_ORM.uasset" 4147
"C:/Users/kbc12306156/AppData/Local/UnrealEngine/Common/DerivedDataCache/Buckets/BulkDataList/22/3e/718824080ccedc49d69e4b3e7c55e7c7bdda.udd" 4148
"C:/PG/GFFproject/Content/Arena/Textures/T_WallCracks_BC.uasset" 4149
"C:/Users/kbc12306156/AppData/Local/UnrealEngine/Common/DerivedDataCache/Buckets/BulkDataList/23/7b/44c7e540837ed99a01c62ce468352283d67c.udd" 4150
"C:/PG/GFFproject/Content/Arena/Textures/T_WallCracks_MSK.uasset" 4151
"C:/Users/kbc12306156/AppData/Local/UnrealEngine/Common/DerivedDataCache/Buckets/BulkDataList/f9/61/88a9e0f93770b316e103626adbd61366cdd9.udd" 4152
"C:/PG/GFFproject/Content/Arena/Textures/T_WallCracks_N.uasset" 4153
"C:/Users/kbc12306156/AppData/Local/UnrealEngine/Common/DerivedDataCache/Buckets/BulkDataList/98/d4/8096b81594eeda06f05911d23145ed03c0a0.udd" 4154
"C:/PG/GFFproject/Content/Arena/Textures/T_WallCracks_ORM.uasset" 4155
"C:/Users/kbc12306156/AppData/Local/UnrealEngine/Common/DerivedDataCache/Buckets/BulkDataList/e5/e7/6faa6644e56175f9e48a02f45a2413da1e08.udd" 4156
"C:/PG/GFFproject/Content/Arena/Textures/T_ArchDetails01_BC.uasset" 4157
"C:/Users/kbc12306156/AppData/Local/UnrealEngine/Common/DerivedDataCache/Buckets/BulkDataList/d7/f0/fe493d92c4e6cecbabbc735da1820e00fb2a.udd" 4158
"C:/Users/kbc12306156/AppData/Local/UnrealEngine/Common/DerivedDataCache/Buckets/LegacyTEXTURE/03/4f/93d3b5d43419eb055b64a5ea081144913512.udd" 4159
"C:/PG/GFFproject/Content/Arena/Textures/T_ArchDetails01_N.uasset" 4160
"C:/PG/GFFproject/Content/Arena/Textures/T_ArchDetails01_ORM.uasset" 4161
"C:/PG/GFFproject/Content/Arena/Textures/T_Roof01_BC.uasset" 4162
"C:/PG/GFFproject/Content/Arena/Textures/T_Roof01_N.uasset" 4163
"C:/Users/kbc12306156/AppData/Local/UnrealEngine/Common/DerivedDataCache/Buckets/LegacyTEXTURE/4d/9c/e95fc7e14e84c40d6398cca56cc782fc6cdd.udd" 4164
"C:/Users/kbc12306156/AppData/Local/UnrealEngine/Common/DerivedDataCache/Buckets/LegacyTEXTURE/7f/b4/edb6cd382d38c2e23a1d00ee411e07b1c134.udd" 4165
"C:/Users/kbc12306156/AppData/Local/UnrealEngine/Common/DerivedDataCache/Buckets/BulkDataList/dd/18/9215377c2c4552d5a935cf17d5049a7b8ac0.udd" 4166
"C:/Users/kbc12306156/AppData/Local/UnrealEngine/Common/DerivedDataCache/Buckets/BulkDataList/71/7d/8714a32202e472e891338d3c8a0987d9c29a.udd" 4167
"C:/Users/kbc12306156/AppData/Local/UnrealEngine/Common/DerivedDataCache/Buckets/LegacyTEXTURE/23/9a/6da151ad2cef03a376fb1c31bcc06d45d763.udd" 4168
"C:/Users/kbc12306156/AppData/Local/UnrealEngine/Common/DerivedDataCache/Buckets/BulkDataList/d7/11/adbfa1c89cd88f3c39fae9eecedbfab479a5.udd" 4169
"C:/Users/kbc12306156/AppData/Local/UnrealEngine/Common/DerivedDataCache/Buckets/BulkDataList/14/13/91e78c6df690e7861bae830119c19b300cde.udd" 4170
"C:/Users/kbc12306156/AppData/Local/UnrealEngine/Common/DerivedDataCache/Buckets/LegacyTEXTURE/66/ca/92d30405f8e1a83bf131f0ee5877d7edc769.udd" 4171
"C:/Users/kbc12306156/AppData/Local/UnrealEngine/Common/DerivedDataCache/Buckets/LegacyTEXTURE/3a/1a/f98248733d6e0284cfb9fd8954ed9a8d7e42.udd" 4172
"C:/Users/kbc12306156/AppData/Local/UnrealEngine/Common/DerivedDataCache/Buckets/LegacyTEXTURE/67/38/dd22bdf86e36d21af9458f626185bfb02184.udd" 4173
"C:/Users/kbc12306156/AppData/Local/UnrealEngine/Common/DerivedDataCache/Buckets/LegacyTEXTURE/c4/de/26fb9bd044b2f01a23b5df2fa0975acbac10.udd" 4174
"C:/Users/kbc12306156/AppData/Local/UnrealEngine/Common/DerivedDataCache/Buckets/LegacyTEXTURE/59/8d/fa81725a7ce18aba514c4ed53d571bdc8161.udd" 4175
"C:/Users/kbc12306156/AppData/Local/UnrealEngine/Common/DerivedDataCache/Buckets/LegacyTEXTURE/1d/8e/316db79287863797d0d62f4c4828c4d7dffc.udd" 4176
"C:/Users/kbc12306156/AppData/Local/UnrealEngine/Common/DerivedDataCache/Buckets/LegacyTEXTURE/1c/39/13f110240733d3973d195f542ebe589a52e1.udd" 4177
"C:/PG/GFFproject/Content/Arena/Textures/T_Roof01_ORM.uasset" 4178
"C:/Users/kbc12306156/AppData/Local/UnrealEngine/Common/DerivedDataCache/Content/0e/73/2fd8e63b52d3475d7cf230357217ed3dbe19.udd" 4179
"C:/Users/kbc12306156/AppData/Local/UnrealEngine/Common/DerivedDataCache/Content/f9/03/66fb734553647d6e62fb5438d85e71860291.udd" 4180
"C:/Users/kbc12306156/AppData/Local/UnrealEngine/Common/DerivedDataCache/Content/e0/ee/a215184df5df4141057e495f7f6c9db26757.udd" 4181
"C:/Users/kbc12306156/AppData/Local/UnrealEngine/Common/DerivedDataCache/Buckets/LegacyTEXTURE/c3/43/f8f06effafb336e7f199ba718ff5fb1c2b74.udd" 4182
"C:/Users/kbc12306156/AppData/Local/UnrealEngine/Common/DerivedDataCache/Buckets/LegacyTEXTURE/80/7e/030b46830dcda80815f48f1b7588192c575d.udd" 4183
"C:/Users/kbc12306156/AppData/Local/UnrealEngine/Common/DerivedDataCache/Content/d6/5c/efde225e642e6cf01608c5e546dda87630fb.udd" 4184
"C:/Users/kbc12306156/AppData/Local/UnrealEngine/Common/DerivedDataCache/Content/3e/10/ad8f67fa78a6f3d8dec382f31fe5fe12db9a.udd" 4185
"C:/PG/GFFproject/Content/Arena/Textures/T_column_BC.uasset" 4186
"C:/Users/kbc12306156/AppData/Local/UnrealEngine/Common/DerivedDataCache/Buckets/LegacyTEXTURE/2e/96/eb3392a16e8b836c88688e723296f3845155.udd" 4187
"C:/Users/kbc12306156/AppData/Local/UnrealEngine/Common/DerivedDataCache/Buckets/LegacyTEXTURE/83/eb/a536c3beba0e8e5e807f215616a4d6a50235.udd" 4188
"C:/Users/kbc12306156/AppData/Local/UnrealEngine/Common/DerivedDataCache/Buckets/BulkDataList/8b/cb/4147c5d3ed995a2a32f0a0bdc5fe35c6891c.udd" 4189
"C:/Users/kbc12306156/AppData/Local/UnrealEngine/Common/DerivedDataCache/Buckets/LegacyTEXTURE/db/cf/c0fcb240e336da88b7abcd58f2f2371a7337.udd" 4190
"C:/Users/kbc12306156/AppData/Local/UnrealEngine/Common/DerivedDataCache/Buckets/LegacyTEXTURE/3a/69/f6aaec6a47b8a3a894d21c0b1e94b4c8b751.udd" 4191
"C:/Users/kbc12306156/AppData/Local/UnrealEngine/Common/DerivedDataCache/Buckets/LegacyTEXTURE/6e/0e/3a7aa214496afbaaac75c38fc089343b606c.udd" 4192
"C:/Users/kbc12306156/AppData/Local/UnrealEngine/Common/DerivedDataCache/Content/e6/70/2931d76a0a591b19bc9fd175905e1c7cb9cf.udd" 4193
"C:/Users/kbc12306156/AppData/Local/UnrealEngine/Common/DerivedDataCache/Buckets/LegacyTEXTURE/28/4b/d17b17f45978be47487104ba4491f4478b30.udd" 4194
"C:/Users/kbc12306156/AppData/Local/UnrealEngine/Common/DerivedDataCache/Buckets/LegacyTEXTURE/ec/02/ac61e10cb2232de78ad76d0b57a7c17b2aed.udd" 4195
"C:/Users/kbc12306156/AppData/Local/UnrealEngine/Common/DerivedDataCache/Content/95/f2/74cb3dc11fcde9394bd80a040319dfbf0f3a.udd" 4196
"C:/Users/kbc12306156/AppData/Local/UnrealEngine/Common/DerivedDataCache/Content/3e/f5/315a46bf7cbe2e33662cdd886e14529928a9.udd" 4197
"C:/Users/kbc12306156/AppData/Local/UnrealEngine/Common/DerivedDataCache/Buckets/LegacyTEXTURE/c1/57/93aab3a11871fad4c796e0d554a04f20b319.udd" 4198
"C:/Users/kbc12306156/AppData/Local/UnrealEngine/Common/DerivedDataCache/Content/0c/e3/187301207afbb63cf1acd25414fe275de358.udd" 4199
"C:/Users/kbc12306156/AppData/Local/UnrealEngine/Common/DerivedDataCache/Content/39/01/2b904051a7198ca29c0c73ddb08145fc5609.udd" 4200
"C:/Users/kbc12306156/AppData/Local/UnrealEngine/Common/DerivedDataCache/Buckets/BulkDataList/fa/15/5173f5e1dcc18d6ceed90913b5ecf164b9fb.udd" 4201
"C:/Users/kbc12306156/AppData/Local/UnrealEngine/Common/DerivedDataCache/Buckets/LegacyTEXTURE/4b/f0/2a6775e9e31c2dbe53471d4a07d1b2b8fd28.udd" 4202
"C:/PG/GFFproject/Content/Arena/Textures/T_column_N.uasset" 4203
"C:/Users/kbc12306156/AppData/Local/UnrealEngine/Common/DerivedDataCache/Content/41/f2/3a517d288a2b0b8d791b74adcf6254ebd720.udd" 4204
"C:/Users/kbc12306156/AppData/Local/UnrealEngine/Common/DerivedDataCache/Buckets/BulkDataList/8d/51/846d0e69144745fc03bafedc25daa7cc33de.udd" 4205
"C:/PG/GFFproject/Content/Arena/Textures/T_column_ORM.uasset" 4206
"C:/Users/kbc12306156/AppData/Local/UnrealEngine/Common/DerivedDataCache/Buckets/LegacyTEXTURE/06/f6/96fddfe348e689d5516bdd1ebefc4017c879.udd" 4207
"C:/Users/kbc12306156/AppData/Local/UnrealEngine/Common/DerivedDataCache/Buckets/BulkDataList/df/1d/690bcc68197885c05595b0eaa3de8aba22d9.udd" 4208
"C:/PG/GFFproject/Content/Arena/Textures/T_Statue01_BC.uasset" 4209
"C:/Users/kbc12306156/AppData/Local/UnrealEngine/Common/DerivedDataCache/Buckets/LegacyTEXTURE/de/74/0abfccbeb5db05a08db7d3819b614548fb77.udd" 4210
"C:/Users/kbc12306156/AppData/Local/UnrealEngine/Common/DerivedDataCache/Buckets/LegacyTEXTURE/ea/ab/29698533bf77561f702f43df38bbf20d870a.udd" 4211
"C:/Users/kbc12306156/AppData/Local/UnrealEngine/Common/DerivedDataCache/Buckets/LegacyTEXTURE/d1/ec/8138377f1c5e6e85fcf3d4de30c2a8ea49b8.udd" 4212
"C:/Users/kbc12306156/AppData/Local/UnrealEngine/Common/DerivedDataCache/Buckets/LegacyTEXTURE/7e/00/e1529ca951f5c4d7313f45127fbb28f22c42.udd" 4213
"C:/Users/kbc12306156/AppData/Local/UnrealEngine/Common/DerivedDataCache/Buckets/BulkDataList/39/18/0622cea254bb9524646f22d1cebbc1b89cec.udd" 4214
"C:/Users/kbc12306156/AppData/Local/UnrealEngine/Common/DerivedDataCache/Buckets/LegacyTEXTURE/8a/e3/ee49de662a509820c1b0a0b642c2d12f87f6.udd" 4215
"C:/PG/GFFproject/Content/Arena/Textures/T_Statue01_N.uasset" 4216
"C:/Users/kbc12306156/AppData/Local/UnrealEngine/Common/DerivedDataCache/Buckets/LegacyTEXTURE/6c/3a/2a42af361ac4fd4b21e0ed16d7c0034ac5a2.udd" 4217
"C:/Users/kbc12306156/AppData/Local/UnrealEngine/Common/DerivedDataCache/Buckets/LegacyTEXTURE/6e/94/09ec8ae8c39aa343f450d201404d651e13ca.udd" 4218
"C:/Users/kbc12306156/AppData/Local/UnrealEngine/Common/DerivedDataCache/Buckets/BulkDataList/62/00/3d2ca1a40086180d49c10baa45dc5d80990c.udd" 4219
"C:/Users/kbc12306156/AppData/Local/UnrealEngine/Common/DerivedDataCache/Buckets/LegacyTEXTURE/11/d0/9a13f87639017e4892ef76edd6bb17824274.udd" 4220
"C:/PG/GFFproject/Content/Arena/Textures/T_Statue01_ORM.uasset" 4221
"C:/Users/kbc12306156/AppData/Local/UnrealEngine/Common/DerivedDataCache/Buckets/LegacyTEXTURE/99/be/a243f875c22245bf314608fe1a8d8c805989.udd" 4222
"C:/Users/kbc12306156/AppData/Local/UnrealEngine/Common/DerivedDataCache/Buckets/LegacyTEXTURE/cc/24/fa8d5046d51774737817c2dfddb0406e47f8.udd" 4223
"C:/Users/kbc12306156/AppData/Local/UnrealEngine/Common/DerivedDataCache/Buckets/LegacyTEXTURE/f5/de/2724b345baa96715f1561fb161822f2b0abd.udd" 4224
"C:/Users/kbc12306156/AppData/Local/UnrealEngine/Common/DerivedDataCache/Buckets/LegacyTEXTURE/50/cd/f3c8eccd95ba9ad6bff65120015b8976dd5a.udd" 4225
"C:/Users/kbc12306156/AppData/Local/UnrealEngine/Common/DerivedDataCache/Buckets/BulkDataList/c2/a2/d48895500e86fd716cfea089b34dca0a4ef9.udd" 4226
"C:/Users/kbc12306156/AppData/Local/UnrealEngine/Common/DerivedDataCache/Buckets/LegacyTEXTURE/51/2e/13e2d27e7f0015e0a8cb925a03a8ebd7a4ab.udd" 4227
"C:/Users/kbc12306156/AppData/Local/UnrealEngine/Common/DerivedDataCache/Buckets/LegacyTEXTURE/35/67/49aaa698ec72190476d03988db2095438e5a.udd" 4228
"C:/Users/kbc12306156/AppData/Local/UnrealEngine/Common/DerivedDataCache/Buckets/LegacyTEXTURE/03/7b/f5e1d76c522ebdbf6a0be65d7f2e5f24f802.udd" 4229
"C:/PG/GFFproject/Content/Arena/Textures/T_Statue02_BC.uasset" 4230
"C:/Users/kbc12306156/AppData/Local/UnrealEngine/Common/DerivedDataCache/Buckets/LegacyTEXTURE/d3/78/6038ed5b33e84b6043d58d08f5868997c64d.udd" 4231
"C:/Users/kbc12306156/AppData/Local/UnrealEngine/Common/DerivedDataCache/Buckets/LegacyTEXTURE/84/00/a8af91e55c826d91e894da467bc4d98b77e4.udd" 4232
"C:/Users/kbc12306156/AppData/Local/UnrealEngine/Common/DerivedDataCache/Buckets/BulkDataList/b0/e6/9401bfc30f74648f65811d72b6291b86e92d.udd" 4233
"C:/Users/kbc12306156/AppData/Local/UnrealEngine/Common/DerivedDataCache/Buckets/LegacyTEXTURE/a6/df/a1d94b83c65a46d3249f1a2398f73ae3ccf1.udd" 4234
"C:/PG/GFFproject/Content/Arena/Textures/T_Statue02_N.uasset" 4235
"C:/Users/kbc12306156/AppData/Local/UnrealEngine/Common/DerivedDataCache/Buckets/LegacyTEXTURE/91/3f/27b479c9c3e7c330a196d0cc469d15dd6fcf.udd" 4236
"C:/Users/kbc12306156/AppData/Local/UnrealEngine/Common/DerivedDataCache/Buckets/LegacyTEXTURE/71/3e/d353dce97c74e6ba1977b8ef1a078b7f916d.udd" 4237
"C:/Users/kbc12306156/AppData/Local/UnrealEngine/Common/DerivedDataCache/Buckets/BulkDataList/fc/75/c95d837510abf3851ebd56742a85f86b9b9a.udd" 4238
"C:/Users/kbc12306156/AppData/Local/UnrealEngine/Common/DerivedDataCache/Buckets/LegacyTEXTURE/5b/fb/9d7a0ee5e48ba6e02d197bb8705554df1bf8.udd" 4239
"C:/Users/kbc12306156/AppData/Local/UnrealEngine/Common/DerivedDataCache/Buckets/LegacyTEXTURE/b2/1c/7ce2afffe80b948aac76f968abfbeb2927be.udd" 4240
"C:/Users/kbc12306156/AppData/Local/UnrealEngine/Common/DerivedDataCache/Content/72/1b/f641de5079bbbba597da0b28e7ff1ea584a4.udd" 4241
"C:/PG/GFFproject/Content/Arena/Textures/T_Statue02_ORM.uasset" 4242
"C:/Users/kbc12306156/AppData/Local/UnrealEngine/Common/DerivedDataCache/Buckets/LegacyTEXTURE/41/24/1ca73fb42882774f4846e20934cd5c750ce4.udd" 4243
"C:/Users/kbc12306156/AppData/Local/UnrealEngine/Common/DerivedDataCache/Buckets/LegacyTEXTURE/fd/8e/7f971f3f728c5912482726da50d2cf9334e1.udd" 4244
"C:/Users/kbc12306156/AppData/Local/UnrealEngine/Common/DerivedDataCache/Buckets/LegacyTEXTURE/6d/25/02cb7653976f091bce4f1147dfcd8de629da.udd" 4245
"C:/Users/kbc12306156/AppData/Local/UnrealEngine/Common/DerivedDataCache/Buckets/BulkDataList/23/42/1287af57d6672e93fc8b7d51bfea25ceffd5.udd" 4246
"C:/PG/GFFproject/Content/Arena/Textures/T_WallFabric01_BC.uasset" 4247
"C:/Users/kbc12306156/AppData/Local/UnrealEngine/Common/DerivedDataCache/Buckets/BulkDataList/f1/d1/c2d7a3eff886daf2c29af4d89d7bee7cafdd.udd" 4248
"C:/PG/GFFproject/Content/Arena/Textures/T_WallFabric01_N.uasset" 4249
"C:/Users/kbc12306156/AppData/Local/UnrealEngine/Common/DerivedDataCache/Buckets/BulkDataList/18/7f/ad5b0d6503fa0abf06305c97e9ac4dea8b12.udd" 4250
"C:/PG/GFFproject/Content/Arena/Textures/T_WallFabric01_ORM.uasset" 4251
"C:/Users/kbc12306156/AppData/Local/UnrealEngine/Common/DerivedDataCache/Buckets/BulkDataList/1b/94/88d57c20d70497f5c58279610a890e91f672.udd" 4252
"C:/PG/GFFproject/Content/Arena/Textures/T_WoodAndMetal_BC.uasset" 4253
"C:/Users/kbc12306156/AppData/Local/UnrealEngine/Common/DerivedDataCache/Buckets/BulkDataList/f5/a9/244f118d57eac3a3f5a2ac8ac146064a6b8b.udd" 4254
"C:/PG/GFFproject/Content/Arena/Textures/T_WoodAndMetal_N.uasset" 4255
"C:/Users/kbc12306156/AppData/Local/UnrealEngine/Common/DerivedDataCache/Buckets/LegacyTEXTURE/d4/97/40df0e2d6b4cc1442b01bd2ea665ea10251a.udd" 4256
"C:/Users/kbc12306156/AppData/Local/UnrealEngine/Common/DerivedDataCache/Buckets/BulkDataList/d8/0a/b1385369a467bde085c48f9a712946088a6a.udd" 4257
"C:/Users/kbc12306156/AppData/Local/UnrealEngine/Common/DerivedDataCache/Content/7c/9a/dec57a38bcf8c515c91363367928cd089c4e.udd" 4258
"C:/PG/GFFproject/Content/Arena/Textures/T_WoodAndMetal_ORM.uasset" 4259
"C:/Users/kbc12306156/AppData/Local/UnrealEngine/Common/DerivedDataCache/Buckets/LegacyTEXTURE/bf/1b/3b965f1fe28ebf9308f25568cad84f3afc6e.udd" 4260
"C:/Users/kbc12306156/AppData/Local/UnrealEngine/Common/DerivedDataCache/Buckets/BulkDataList/d8/90/fe69afabb8feaab74ee4549392e3e3a4c344.udd" 4261
"C:/Users/kbc12306156/AppData/Local/UnrealEngine/Common/DerivedDataCache/Content/7d/66/c9d81490a403eabedab79e344bacc8c0ddd7.udd" 4262
"C:/PG/GFFproject/Content/MonsterForSurvivalGame/Mesh/PBR/Beholder_Skeleton.uasset" 4263
"C:/Users/kbc12306156/AppData/Local/UnrealEngine/Common/DerivedDataCache/Buckets/LegacyTEXTURE/9d/fc/b382158eab4959aa486050d9f8396ec2d996.udd" 4264
"C:/Users/kbc12306156/AppData/Local/UnrealEngine/Common/DerivedDataCache/Content/e8/a1/5324532db5db5a300b61f54f3aa6c4c43d08.udd" 4265
"C:/Users/kbc12306156/AppData/Local/UnrealEngine/Common/DerivedDataCache/Buckets/BulkDataList/a7/6b/ba354bbed857fceb795f75d756193ed5573b.udd" 4266
"C:/PG/GFFproject/Content/MonsterForSurvivalGame/Mesh/PBR/Beholder_PhysicsAsset.uasset" 4267
"C:/Users/kbc12306156/AppData/Local/UnrealEngine/Common/DerivedDataCache/Buckets/BulkDataList/92/ce/9ddb7d41ea01a3dd3985576a50b5590281e9.udd" 4268
"C:/Users/kbc12306156/AppData/Local/UnrealEngine/Common/DerivedDataCache/Buckets/LegacyTEXTURE/15/b8/f0669012780f4b9c3fd33890fb76d0381252.udd" 4269
"C:/PG/GFFproject/Content/MonsterForSurvivalGame/Mesh/PBR/Slime_Skeleton.uasset" 4270
"C:/Users/kbc12306156/AppData/Local/UnrealEngine/Common/DerivedDataCache/Buckets/BulkDataList/fb/d4/a2cff6a7d3e274ed287c9a0eedd8cc56fa72.udd" 4271
"C:/Users/kbc12306156/AppData/Local/UnrealEngine/Common/DerivedDataCache/Buckets/LegacyTEXTURE/d7/cc/26b13cddbd09d4b03abb099c65386e04848a.udd" 4272
"C:/Users/kbc12306156/AppData/Local/UnrealEngine/Common/DerivedDataCache/Buckets/LegacyTEXTURE/55/13/fb388240ca260b7bbc72b419b91d9c265586.udd" 4273
"C:/PG/GFFproject/Content/MonsterForSurvivalGame/Mesh/PBR/Slime_PhysicsAsset.uasset" 4274
"C:/Users/kbc12306156/AppData/Local/UnrealEngine/Common/DerivedDataCache/Buckets/LegacyTEXTURE/92/c0/354ff27a2c6209a5136c84a6f363e80e6270.udd" 4275
"C:/Users/kbc12306156/AppData/Local/UnrealEngine/Common/DerivedDataCache/Content/9b/86/3966b4ec0bd4be4f4c0d6512744e5d646fc4.udd" 4276
"C:/Users/kbc12306156/AppData/Local/UnrealEngine/Common/DerivedDataCache/Buckets/LegacyTEXTURE/e9/b5/53a2a587f62621ae335a67da9184eb61644b.udd" 4277
"C:/Users/kbc12306156/AppData/Local/UnrealEngine/Common/DerivedDataCache/Buckets/BulkDataList/db/6e/f6ee34c9d233578da14eee9dc84bfc2de2e3.udd" 4278
"C:/Users/kbc12306156/AppData/Local/UnrealEngine/Common/DerivedDataCache/Buckets/LegacyTEXTURE/21/0e/9d1093fba422640059f80776c0a42967e16f.udd" 4279
"C:/PG/GFFproject/Content/MonsterForSurvivalGame/Mesh/PBR/Swarm08_SK_Skeleton.uasset" 4280
"C:/Users/kbc12306156/AppData/Local/UnrealEngine/Common/DerivedDataCache/Buckets/BulkDataList/1d/ab/e5949be5cd1b039fac17b5487fe572ca7d1f.udd" 4281
"C:/Users/kbc12306156/AppData/Local/UnrealEngine/Common/DerivedDataCache/Buckets/LegacyTEXTURE/22/a1/b40811ad0ed344481b12b2138e4084f95c89.udd" 4282
"C:/PG/GFFproject/Content/MonsterForSurvivalGame/Mesh/PBR/Swarm08_SK_PhysicsAsset.uasset" 4283
"C:/Users/kbc12306156/AppData/Local/UnrealEngine/Common/DerivedDataCache/Buckets/LegacyTEXTURE/fd/6d/ccff860ec2ca48aa868c4ea62e9352c27528.udd" 4284
"C:/Users/kbc12306156/AppData/Local/UnrealEngine/Common/DerivedDataCache/Content/36/52/02ca1084e8bcbf5b2b07c71afb8c6d9b979b.udd" 4285
"C:/Users/kbc12306156/AppData/Local/UnrealEngine/Common/DerivedDataCache/Buckets/LegacyTEXTURE/c9/0b/cf6291f996122ddf3fb45619d06854423a7b.udd" 4286
"C:/Users/kbc12306156/AppData/Local/UnrealEngine/Common/DerivedDataCache/Buckets/LegacyTEXTURE/93/68/e4ecbd4a7ca33830a4118f79a200e46bbca5.udd" 4287
"C:/Users/kbc12306156/AppData/Local/UnrealEngine/Common/DerivedDataCache/Buckets/BulkDataList/b3/05/d5f39d826ac3d7857c6fa2b71ff13b6d4818.udd" 4288
"C:/PG/GFFproject/Content/MonsterForSurvivalGame/Texture/BasecolorDefault_TEX.uasset" 4289
"C:/Users/kbc12306156/AppData/Local/UnrealEngine/Common/DerivedDataCache/Buckets/LegacyTEXTURE/65/a2/f99a8e20fbab36336528ff296463d18e9803.udd" 4290
"C:/Users/kbc12306156/AppData/Local/UnrealEngine/Common/DerivedDataCache/Buckets/LegacyTEXTURE/3e/34/23a457ed11e4516110007c3fcb1849e2356b.udd" 4291
"C:/Users/kbc12306156/AppData/Local/UnrealEngine/Common/DerivedDataCache/Buckets/BulkDataList/5b/d5/9dc74b7c3e58bec9fc372eef45ac2d846940.udd" 4292
"C:/Users/kbc12306156/AppData/Local/UnrealEngine/Common/DerivedDataCache/Buckets/LegacyTEXTURE/0e/29/fc50ec483d9977e9eff0affd937fa812b111.udd" 4293
"C:/PG/GFFproject/Content/MonsterForSurvivalGame/Texture/Emissive_TEX.uasset" 4294
"C:/Users/kbc12306156/AppData/Local/UnrealEngine/Common/DerivedDataCache/Buckets/LegacyTEXTURE/cc/9c/35c52b2806cc98aaffb52d4ee76c060bb5eb.udd" 4295
"C:/Users/kbc12306156/AppData/Local/UnrealEngine/Common/DerivedDataCache/Buckets/LegacyTEXTURE/35/22/cfcf7a7114b73a5141f3887e2b16c79496aa.udd" 4296
"C:/Users/kbc12306156/AppData/Local/UnrealEngine/Common/DerivedDataCache/Buckets/BulkDataList/31/f5/adad8e7a57532cda417152f9f5deea73a2f7.udd" 4297
"C:/Users/kbc12306156/AppData/Local/UnrealEngine/Common/DerivedDataCache/Buckets/LegacyTEXTURE/59/40/c0322a8ff72b7e01e27209c987a382f18244.udd" 4298
"C:/PG/GFFproject/Content/MonsterForSurvivalGame/Texture/RAM_TEX.uasset" 4299
"C:/Users/kbc12306156/AppData/Local/UnrealEngine/Common/DerivedDataCache/Buckets/LegacyTEXTURE/07/52/df628d65cb276bf5cb94a9d7951d0d0d646e.udd" 4300
"C:/Users/kbc12306156/AppData/Local/UnrealEngine/Common/DerivedDataCache/Content/3d/e9/6fffaea7c2ecbce33a190ef2b77082cc55a0.udd" 4301
"C:/Users/kbc12306156/AppData/Local/UnrealEngine/Common/DerivedDataCache/Buckets/LegacyTEXTURE/a8/9a/af49c5bc45a1cb84e687d82eb807dd803443.udd" 4302
"C:/Users/kbc12306156/AppData/Local/UnrealEngine/Common/DerivedDataCache/Buckets/LegacyTEXTURE/6a/d7/a1adf65a8bc3441265640dfc3123ecfb6f21.udd" 4303
"C:/Users/kbc12306156/AppData/Local/UnrealEngine/Common/DerivedDataCache/Buckets/BulkDataList/04/97/af6d37b490221790f15ef972983c8edc25ad.udd" 4304
"../../../Engine/Content/Functions/Engine_MaterialFunctions02/HueShift.uasset" 4305
"C:/Users/kbc12306156/AppData/Local/UnrealEngine/Common/DerivedDataCache/Buckets/LegacyTEXTURE/65/40/fca23feb8770447b1708f624e81223ffc769.udd" 4306
"C:/Users/kbc12306156/AppData/Local/UnrealEngine/Common/DerivedDataCache/Buckets/LegacyTEXTURE/a9/91/3565e758a3bd98190756abb74236dadec916.udd" 4307
"C:/Users/kbc12306156/AppData/Local/UnrealEngine/Common/DerivedDataCache/Buckets/LegacyTEXTURE/59/dc/79a629fb2fd3828936b75b6a9859b9ba51b9.udd" 4308
"C:/Users/kbc12306156/AppData/Local/UnrealEngine/Common/DerivedDataCache/Buckets/BulkDataList/94/90/61109effe2c2d4a249c6f85df54be782f31a.udd" 4309
"C:/PG/GFFproject/Content/RadicalMike/textures/Body/T_ZMike_Base_color.uasset" 4310
"C:/Users/kbc12306156/AppData/Local/UnrealEngine/Common/DerivedDataCache/Buckets/LegacyTEXTURE/a9/c6/ac183e01172f345defac9223d2736c51a7f2.udd" 4311
"C:/Users/kbc12306156/AppData/Local/UnrealEngine/Common/DerivedDataCache/Buckets/LegacyTEXTURE/8b/33/4c72c36447f8406de7147a773c0f0ae39df7.udd" 4312
"C:/Users/kbc12306156/AppData/Local/UnrealEngine/Common/DerivedDataCache/Buckets/LegacyTEXTURE/c9/0e/789e565961268a8d280850e8f140155fc940.udd" 4313
"C:/Users/kbc12306156/AppData/Local/UnrealEngine/Common/DerivedDataCache/Buckets/LegacyTEXTURE/43/1e/0171983759113ab177a96129b8a85a1fa19f.udd" 4314
"C:/Users/kbc12306156/AppData/Local/UnrealEngine/Common/DerivedDataCache/Buckets/LegacyTEXTURE/68/2f/a96c594ebe81c981b7ad55d69fced8156d1a.udd" 4315
"C:/Users/kbc12306156/AppData/Local/UnrealEngine/Common/DerivedDataCache/Buckets/LegacyTEXTURE/9f/5a/2474613166f2576bec36ffac3582136f7615.udd" 4316
"C:/Users/kbc12306156/AppData/Local/UnrealEngine/Common/DerivedDataCache/Buckets/LegacyTEXTURE/b7/9e/1cc6c0a05981270b43f117b906014ae22d38.udd" 4317
"C:/Users/kbc12306156/AppData/Local/UnrealEngine/Common/DerivedDataCache/Buckets/LegacyTEXTURE/e8/95/202c815c6f33bdfbc420d9941fc0e8610e49.udd" 4318
"C:/Users/kbc12306156/AppData/Local/UnrealEngine/Common/DerivedDataCache/Buckets/LegacyTEXTURE/d1/28/5d786126e184374348b0c4f77568cbd1c996.udd" 4319
"C:/Users/kbc12306156/AppData/Local/UnrealEngine/Common/DerivedDataCache/Content/21/ae/7e79f98f3d6d62f58667db022f4b9ca7dbcd.udd" 4320
"C:/Users/kbc12306156/AppData/Local/UnrealEngine/Common/DerivedDataCache/Buckets/LegacyTEXTURE/d9/9e/a87fd59c21b7d3ef64aedf8e6b709a751abb.udd" 4321
"C:/Users/kbc12306156/AppData/Local/UnrealEngine/Common/DerivedDataCache/Content/63/2a/31be7a79879aa9d8f3cc75fdc35787305359.udd" 4322
"C:/Users/kbc12306156/AppData/Local/UnrealEngine/Common/DerivedDataCache/Buckets/LegacyTEXTURE/5b/8e/9373a535121076bcc1f7cb0613edaa462e27.udd" 4323
"C:/Users/kbc12306156/AppData/Local/UnrealEngine/Common/DerivedDataCache/Buckets/BulkDataList/28/f0/00b2aa7b3ed5b863e3bdebd84c553da83235.udd" 4324
"C:/Users/kbc12306156/AppData/Local/UnrealEngine/Common/DerivedDataCache/Buckets/LegacyTEXTURE/aa/d3/3e6933f605a78030a96a39feacd779b8c652.udd" 4325
"C:/Users/kbc12306156/AppData/Local/UnrealEngine/Common/DerivedDataCache/Buckets/LegacyTEXTURE/86/c8/9daa8c34d5c8e9667722baa0ae97edb7a840.udd" 4326
"C:/Users/kbc12306156/AppData/Local/UnrealEngine/Common/DerivedDataCache/Content/08/25/f76bb983b947944b78e2b8948d28decfed70.udd" 4327
"C:/PG/GFFproject/Content/RadicalMike/textures/Body/T_ZMike_Emissive.uasset" 4328
"C:/Users/kbc12306156/AppData/Local/UnrealEngine/Common/DerivedDataCache/Content/49/03/55a25d2e59313ba4550742eb90636a70f485.udd" 4329
"C:/Users/kbc12306156/AppData/Local/UnrealEngine/Common/DerivedDataCache/Content/6f/e0/fe7a98d0fd58cfde03ec01b58bc20cfdb6cb.udd" 4330
"C:/Users/kbc12306156/AppData/Local/UnrealEngine/Common/DerivedDataCache/Buckets/LegacyTEXTURE/e0/34/5d059ab42a7ebaca411e1c5349329da56e10.udd" 4331
"C:/Users/kbc12306156/AppData/Local/UnrealEngine/Common/DerivedDataCache/Buckets/BulkDataList/11/08/6ee958c7ad41acf0d7a4df0f7d7885844ec4.udd" 4332
"C:/Users/kbc12306156/AppData/Local/UnrealEngine/Common/DerivedDataCache/Buckets/LegacyTEXTURE/a9/5a/80dcb9f42a2581eaecc56d6686a21f6ce95a.udd" 4333
"C:/PG/GFFproject/Content/RadicalMike/textures/Body/T_ZMike_Mask.uasset" 4334
"C:/Users/kbc12306156/AppData/Local/UnrealEngine/Common/DerivedDataCache/Buckets/LegacyTEXTURE/9f/d7/4549a0e6790f91606d94123d9c6186a8d96d.udd" 4335
"C:/Users/kbc12306156/AppData/Local/UnrealEngine/Common/DerivedDataCache/Content/47/69/40f1dbe0a03443e8b9c9c20793242dc5455d.udd" 4336
"C:/Users/kbc12306156/AppData/Local/UnrealEngine/Common/DerivedDataCache/Buckets/BulkDataList/de/d5/82396eb608def5f156c95057bc345b38c46c.udd" 4337
"C:/PG/GFFproject/Content/RadicalMike/textures/Body/T_ZMike_Normal.uasset" 4338
"C:/Users/kbc12306156/AppData/Local/UnrealEngine/Common/DerivedDataCache/Buckets/LegacyTEXTURE/62/7f/677675d5d691791ca93d2f4e52a6427fd113.udd" 4339
"C:/Users/kbc12306156/AppData/Local/UnrealEngine/Common/DerivedDataCache/Content/9a/ac/b0ce1902aebea1f975483eb46ba9f1570ab1.udd" 4340
"C:/Users/kbc12306156/AppData/Local/UnrealEngine/Common/DerivedDataCache/Buckets/BulkDataList/f8/3f/2297e7e6d2b844769a03acd7499d4250965c.udd" 4341
"C:/PG/GFFproject/Content/RadicalMike/textures/Body/T_ZMike_Stacked.uasset" 4342
"C:/Users/kbc12306156/AppData/Local/UnrealEngine/Common/DerivedDataCache/Buckets/LegacyTEXTURE/4c/42/c1514f3db217a0a62431c2b68052db464056.udd" 4343
"C:/Users/kbc12306156/AppData/Local/UnrealEngine/Common/DerivedDataCache/Buckets/BulkDataList/24/89/e975b58047101d9bf57083a0f20435d4b3db.udd" 4344
"C:/Users/kbc12306156/AppData/Local/UnrealEngine/Common/DerivedDataCache/Buckets/LegacyTEXTURE/af/68/b1412efefa3a0fcb4545e53e5aef2f57bc74.udd" 4345
"C:/Users/kbc12306156/AppData/Local/UnrealEngine/Common/DerivedDataCache/Buckets/LegacyTEXTURE/82/fc/223f8772863f4982451bc5bda87034ddfb3f.udd" 4346
"../../../Engine/Content/Functions/Engine_MaterialFunctions02/Fresnel_Function.uasset" 4347
"C:/Users/kbc12306156/AppData/Local/UnrealEngine/Common/DerivedDataCache/Buckets/LegacyTEXTURE/29/be/9f4f25d90191a906186e3abdfe87c1ceae5c.udd" 4348
"C:/Users/kbc12306156/AppData/Local/UnrealEngine/Common/DerivedDataCache/Buckets/LegacyTEXTURE/bc/7a/8f851bf9decd437a543555b2f0757088d929.udd" 4349
"C:/Users/kbc12306156/AppData/Local/UnrealEngine/Common/DerivedDataCache/Buckets/LegacyTEXTURE/96/ff/dfde2a6400a29cde76a9e727b6259985cd93.udd" 4350
"C:/Users/kbc12306156/AppData/Local/UnrealEngine/Common/DerivedDataCache/Buckets/LegacyTEXTURE/0c/b1/f839fe05b78262049949a3ec7ee1f77c8cba.udd" 4351
"C:/Users/kbc12306156/AppData/Local/UnrealEngine/Common/DerivedDataCache/Buckets/LegacyTEXTURE/8d/2a/3b8072943dd463a0ae70ffbb782e75a9748e.udd" 4352
"C:/Users/kbc12306156/AppData/Local/UnrealEngine/Common/DerivedDataCache/Buckets/LegacyTEXTURE/61/f1/b9dd7a7673a29e604248234eb26815356ca8.udd" 4353
"C:/Users/kbc12306156/AppData/Local/UnrealEngine/Common/DerivedDataCache/Buckets/LegacyTEXTURE/82/e7/324bafe0b34944bdf702b6f2834b0343b2b8.udd" 4354
"C:/PG/GFFproject/Content/Realistic_Starter_VFX_Pack_Vol2/DemoRoom/Materials/M_DemoWall.uasset" 4355
"C:/Users/kbc12306156/AppData/Local/UnrealEngine/Common/DerivedDataCache/Content/75/fa/94f82ca3d114eda3a878caeeaabc28804465.udd" 4356
"C:/Users/kbc12306156/AppData/Local/UnrealEngine/Common/DerivedDataCache/Buckets/LegacyTEXTURE/a3/46/7f64ea03e6c570122bd0bf1bf3c33dc83247.udd" 4357
"C:/Users/kbc12306156/AppData/Local/UnrealEngine/Common/DerivedDataCache/Buckets/LegacyTEXTURE/0b/b1/721ee26a241d0efba441c6e48fb80414118f.udd" 4358
"C:/Users/kbc12306156/AppData/Local/UnrealEngine/Common/DerivedDataCache/Buckets/LegacyTEXTURE/08/1e/234fb9ff22a6e50ab69031d01def676da220.udd" 4359
"C:/PG/GFFproject/Content/Realistic_Starter_VFX_Pack_Vol2/Vectorfields/VectorField_A.uasset" 4360
"C:/Users/kbc12306156/AppData/Local/UnrealEngine/Common/DerivedDataCache/Buckets/LegacyTEXTURE/cd/71/9bf452ac888d06063b6fe66225c370089cc2.udd" 4361
"C:/Users/kbc12306156/AppData/Local/UnrealEngine/Common/DerivedDataCache/Buckets/LegacyTEXTURE/e3/e4/f7604ea5ca6cb39624fa0acf5747fa2bbba1.udd" 4362
"C:/Users/kbc12306156/AppData/Local/UnrealEngine/Common/DerivedDataCache/Content/14/c9/7e72e98c2181e2ce557b2601af6362a54e96.udd" 4363
"C:/Users/kbc12306156/AppData/Local/UnrealEngine/Common/DerivedDataCache/Content/4d/d5/36d708804d93bae801fdf56c4d4268f7e419.udd" 4364
"C:/Users/kbc12306156/AppData/Local/UnrealEngine/Common/DerivedDataCache/Buckets/LegacyTEXTURE/81/ae/0013e74daeb7d1af2e5357af0b67ff6391f1.udd" 4365
"C:/Users/kbc12306156/AppData/Local/UnrealEngine/Common/DerivedDataCache/Buckets/LegacyTEXTURE/7d/2d/9a5808bae3e274c77d04eabedc9144112e73.udd" 4366
"C:/PG/GFFproject/Content/Realistic_Starter_VFX_Pack_Vol2/Textures/T_Epxlosion_F.uasset" 4367
"C:/Users/kbc12306156/AppData/Local/UnrealEngine/Common/DerivedDataCache/Buckets/LegacyTEXTURE/88/02/cc844feb1f61aeef7c3e6b27672d17da0d9c.udd" 4368
"C:/PG/GFFproject/Content/Realistic_Starter_VFX_Pack_Vol2/Textures/T_NoiseNormal_B.uasset" 4369
"C:/Users/kbc12306156/AppData/Local/UnrealEngine/Common/DerivedDataCache/Buckets/LegacyTEXTURE/34/a2/8ea915710e265216be89f97ff26324f3ebc5.udd" 4370
"C:/Users/kbc12306156/AppData/Local/UnrealEngine/Common/DerivedDataCache/Buckets/LegacyTEXTURE/2d/ab/2c5dbbd903df20675ea8fc8d821a9a66bd2e.udd" 4371
"C:/PG/GFFproject/Content/Arena/Textures/T_WallTrim01_MSK.uasset" 4372
"C:/Users/kbc12306156/AppData/Local/UnrealEngine/Common/DerivedDataCache/Buckets/LegacyTEXTURE/53/39/6a5d649d32ad21a2cb1b27443d9b18e9987f.udd" 4373
"C:/Users/kbc12306156/AppData/Local/UnrealEngine/Common/DerivedDataCache/Buckets/LegacyTEXTURE/e2/27/9943d3ca3beb9438b4eb740df3a8b2c34a0c.udd" 4374
"C:/Users/kbc12306156/AppData/Local/UnrealEngine/Common/DerivedDataCache/Buckets/LegacyTEXTURE/d2/63/bd72322eb2f8e13aeb0a5be6b44ad5f01380.udd" 4375
"C:/Users/kbc12306156/AppData/Local/UnrealEngine/Common/DerivedDataCache/Buckets/LegacyTEXTURE/61/72/1622616d8fb024736e4ad210d18fa6aa48fd.udd" 4376
"../../../Engine/Content/EngineMaterials/BlendFunc_DefBase.uasset" 4377
"C:/Users/kbc12306156/AppData/Local/UnrealEngine/Common/DerivedDataCache/Buckets/LegacyTEXTURE/ec/06/41fd1231a0b8061180155688d07cd1cd067f.udd" 4378
"C:/Users/kbc12306156/AppData/Local/UnrealEngine/Common/DerivedDataCache/Buckets/LegacyTEXTURE/d8/76/4e6daeb0f60d2c5584e7f4691f4cec1eb485.udd" 4379
"C:/Users/kbc12306156/AppData/Local/UnrealEngine/Common/DerivedDataCache/Buckets/LegacyTEXTURE/53/64/2b7fc331aee0a18e725451561e9b271c35e4.udd" 4380
"C:/Users/kbc12306156/AppData/Local/UnrealEngine/Common/DerivedDataCache/Buckets/LegacyTEXTURE/98/89/6053b4fee98adcb26b0ca493707e1337daa4.udd" 4381
"C:/Users/kbc12306156/AppData/Local/UnrealEngine/Common/DerivedDataCache/Buckets/LegacyTEXTURE/c4/d4/2375024c0e233d3128d044f00ac2998b9e63.udd" 4382
"C:/Users/kbc12306156/AppData/Local/UnrealEngine/Common/DerivedDataCache/Buckets/BulkDataList/3b/1d/ed92ef28e87cf8887a95d4017004815a5276.udd" 4383
"C:/Users/kbc12306156/AppData/Local/UnrealEngine/Common/DerivedDataCache/Buckets/LegacyTEXTURE/ed/02/a65da5d6ecc8bdcfbdcb46de33dfcbecc70e.udd" 4384
"C:/Users/kbc12306156/AppData/Local/UnrealEngine/Common/DerivedDataCache/Buckets/LegacyTEXTURE/04/f0/990ce84b05d4ea31c225f3516eb1cb53b56a.udd" 4385
"../../../Engine/Content/EngineMaterials/BlendFunc_DefBlend.uasset" 4386
"C:/Users/kbc12306156/AppData/Local/UnrealEngine/Common/DerivedDataCache/Buckets/LegacyTEXTURE/80/91/e5c511cc8f8f6fd2011a1c4f13d0484ee158.udd" 4387
"C:/Users/kbc12306156/AppData/Local/UnrealEngine/Common/DerivedDataCache/Content/12/f0/daecf13331302c5ce6376341c7f80205dff4.udd" 4388
"C:/Users/kbc12306156/AppData/Local/UnrealEngine/Common/DerivedDataCache/Buckets/LegacyTEXTURE/ec/fc/b662c7f2ee1fc941bc5b8079af39069ea352.udd" 4389
"C:/Users/kbc12306156/AppData/Local/UnrealEngine/Common/DerivedDataCache/Buckets/LegacyTEXTURE/0d/33/783dc70f3b06a93b0eb336b74a34586b5bb2.udd" 4390
"C:/Users/kbc12306156/AppData/Local/UnrealEngine/Common/DerivedDataCache/Buckets/LegacyTEXTURE/db/78/07f69bd6ec8db335c3513e6a6d8c64db0316.udd" 4391
"C:/Users/kbc12306156/AppData/Local/UnrealEngine/Common/DerivedDataCache/Content/f4/52/ff2f1af16b10a45fd8b1a63254ef198b090a.udd" 4392
"C:/Users/kbc12306156/AppData/Local/UnrealEngine/Common/DerivedDataCache/Buckets/BulkDataList/4c/1c/1f8aaa6f298f831d1bf5c462d01cc055e076.udd" 4393
"../../../Engine/Content/OpenWorldTemplate/LandscapeMaterial/T_GridChecker_A.uasset" 4394
"C:/Users/kbc12306156/AppData/Local/UnrealEngine/Common/DerivedDataCache/Buckets/LegacyTEXTURE/75/29/2fb59aec2ec75ec5535b906c505c5032d5b5.udd" 4395
"C:/Users/kbc12306156/AppData/Local/UnrealEngine/Common/DerivedDataCache/Content/48/62/6094e0e1df801fb2e15fdd4a6f6d75840bce.udd" 4396
"C:/Users/kbc12306156/AppData/Local/UnrealEngine/Common/DerivedDataCache/Buckets/LegacyTEXTURE/12/27/dd89ad994a5244b02fe361d25f7c5ff00301.udd" 4397
"C:/Users/kbc12306156/AppData/Local/UnrealEngine/Common/DerivedDataCache/Buckets/BulkDataList/e5/b3/19f663d9b293785c7566e0ce948dd94e71c4.udd" 4398
"C:/Users/kbc12306156/AppData/Local/UnrealEngine/Common/DerivedDataCache/Content/c2/26/8f7c7991284b7d61f6aca51d9ff7d7818441.udd" 4399
"C:/PG/GFFproject/Content/Arena/Textures/T_ShowroomFloor_BC.uasset" 4400
"C:/Users/kbc12306156/AppData/Local/UnrealEngine/Common/DerivedDataCache/Buckets/LegacyTEXTURE/ac/cf/e192e2ad9bea4335258a2bc7e3df6c51ded0.udd" 4401
"C:/PG/GFFproject/Content/Arena/Textures/T_Fabric03_MSK.uasset" 4402
"C:/Users/kbc12306156/AppData/Local/UnrealEngine/Common/DerivedDataCache/Buckets/LegacyTEXTURE/a1/18/4115a9fffb2a663ad4a3fe77e97ef8350f03.udd" 4403
"C:/Users/kbc12306156/AppData/Local/UnrealEngine/Common/DerivedDataCache/Buckets/BulkDataList/66/89/4063f8965649acdd6d65a79c784b9f44da48.udd" 4404
"C:/PG/GFFproject/Content/Arena/Textures/T_Fabric03_N.uasset" 4405
"C:/Users/kbc12306156/AppData/Local/UnrealEngine/Common/DerivedDataCache/Buckets/BulkDataList/43/39/9977b6657fce63dac4973bc8470d774860ce.udd" 4406
"C:/Users/kbc12306156/AppData/Local/UnrealEngine/Common/DerivedDataCache/Buckets/LegacyTEXTURE/95/01/99092be0ea6eb197749353e26ff61aaee8bf.udd" 4407
"C:/Users/kbc12306156/AppData/Local/UnrealEngine/Common/DerivedDataCache/Buckets/LegacyTEXTURE/cd/87/3e34a53618fd6a6a35dbca7c1928411b2b1a.udd" 4408
"C:/PG/GFFproject/Content/Arena/Textures/T_Fabric03_ORM.uasset" 4409
"C:/Users/kbc12306156/AppData/Local/UnrealEngine/Common/DerivedDataCache/Buckets/LegacyTEXTURE/22/73/b6128f2845f6e5b0924a0005a6532e3cb525.udd" 4410
"C:/Users/kbc12306156/AppData/Local/UnrealEngine/Common/DerivedDataCache/Buckets/BulkDataList/4c/6b/aed30a8b0f8fd3a6b3b03a7702633b07ddbd.udd" 4411
"C:/Users/kbc12306156/AppData/Local/UnrealEngine/Common/DerivedDataCache/Buckets/LegacyTEXTURE/ca/89/22a94c9c816bb0d1a30aa7df6799d4ca91b7.udd" 4412
"C:/Users/kbc12306156/AppData/Local/UnrealEngine/Common/DerivedDataCache/Buckets/LegacyTEXTURE/65/e5/e0ae7293836fb5eb68ac301c1e37e562f68c.udd" 4413
"C:/Users/kbc12306156/AppData/Local/UnrealEngine/Common/DerivedDataCache/Buckets/LegacyTEXTURE/78/af/9bda00e4f291c12ad18f5df62ac47fe18e2d.udd" 4414
"C:/Users/kbc12306156/AppData/Local/UnrealEngine/Common/DerivedDataCache/Buckets/LegacyTEXTURE/e1/66/6e77f6e2f923bca40ae669d317586a8671b8.udd" 4415
"C:/Users/kbc12306156/AppData/Local/UnrealEngine/Common/DerivedDataCache/Buckets/LegacyTEXTURE/e3/8a/7fa5ea159202bea1b9d18a052eb1a501f9b9.udd" 4416
"C:/Users/kbc12306156/AppData/Local/UnrealEngine/Common/DerivedDataCache/Buckets/LegacyTEXTURE/39/5b/1bee9a7a927c96889aa84c660ed204976d45.udd" 4417
"C:/Users/kbc12306156/AppData/Local/UnrealEngine/Common/DerivedDataCache/Content/50/a3/c844184f7b15d9448e27cba52e6eb8f4ba5c.udd" 4418
"C:/Users/kbc12306156/AppData/Local/UnrealEngine/Common/DerivedDataCache/Buckets/LegacyTEXTURE/71/9b/e6666299375679450ae27a57e914c7b108fa.udd" 4419
"C:/Users/kbc12306156/AppData/Local/UnrealEngine/Common/DerivedDataCache/Buckets/LegacyTEXTURE/8f/79/61e805dbd120b6901c72eac042eb9c032059.udd" 4420
"C:/Users/kbc12306156/AppData/Local/UnrealEngine/Common/DerivedDataCache/Content/31/7d/ea5ae1e166e85c4580c10315a760361f5ec4.udd" 4421
"C:/Users/kbc12306156/AppData/Local/UnrealEngine/Common/DerivedDataCache/Buckets/LegacyTEXTURE/1b/98/dc8b578c77b5620a3fbea2aa721bdb3ae88a.udd" 4422
"C:/Users/kbc12306156/AppData/Local/UnrealEngine/Common/DerivedDataCache/Buckets/LegacyTEXTURE/dc/ff/60a608bab33782f645fddf001730c09e4754.udd" 4423
"C:/Users/kbc12306156/AppData/Local/UnrealEngine/Common/DerivedDataCache/Buckets/LegacyTEXTURE/c2/f1/11af9f180459df29a9a87debb2c20dfe07e3.udd" 4424
"C:/Users/kbc12306156/AppData/Local/UnrealEngine/Common/DerivedDataCache/Content/20/23/96f437ceb2fc51d4e1a6d4afe1c7cea29c14.udd" 4425
"C:/Users/kbc12306156/AppData/Local/UnrealEngine/Common/DerivedDataCache/Buckets/LegacyTEXTURE/67/c0/ba9da27b0a3a1aeab767e2a1aed3a297e05d.udd" 4426
"C:/Users/kbc12306156/AppData/Local/UnrealEngine/Common/DerivedDataCache/Buckets/LegacyTEXTURE/13/e6/360dce9e9f8f8077b60603836f8a8200f533.udd" 4427
"C:/Users/kbc12306156/AppData/Local/UnrealEngine/Common/DerivedDataCache/Buckets/LegacyTEXTURE/30/75/05466d7c6f8b05d49587e5518f14f4b09c53.udd" 4428
"C:/Users/kbc12306156/AppData/Local/UnrealEngine/Common/DerivedDataCache/Buckets/LegacyTEXTURE/10/0b/147cffc77ad81123e01b9ff66fbd071c7e7a.udd" 4429
"C:/Users/kbc12306156/AppData/Local/UnrealEngine/Common/DerivedDataCache/Buckets/LegacyTEXTURE/dc/74/421cbacc4890001451fe60dca369293a25db.udd" 4430
"C:/Users/kbc12306156/AppData/Local/UnrealEngine/Common/DerivedDataCache/Buckets/LegacyTEXTURE/9a/23/d9b135abc570b21460d96a4dec12caebdf3e.udd" 4431
"C:/Users/kbc12306156/AppData/Local/UnrealEngine/Common/DerivedDataCache/Buckets/LegacyTEXTURE/c9/48/c233446e00b49e340d9cc4d4ca49d28ebe57.udd" 4432
"C:/Users/kbc12306156/AppData/Local/UnrealEngine/Common/DerivedDataCache/Buckets/LegacyTEXTURE/d9/42/30c0555ffca8053c6e13f11b2dbb6b1d4dd3.udd" 4433
"C:/Users/kbc12306156/AppData/Local/UnrealEngine/Common/DerivedDataCache/Buckets/LegacyTEXTURE/b5/c5/a80543f43819feec2b01e83adfb11a02bdab.udd" 4434
"C:/Users/kbc12306156/AppData/Local/UnrealEngine/Common/DerivedDataCache/Buckets/LegacyTEXTURE/cb/18/2a8e70c36e959a80df3f7b7018e98a4e2a3d.udd" 4435
"C:/Users/kbc12306156/AppData/Local/UnrealEngine/Common/DerivedDataCache/Buckets/LegacyTEXTURE/4c/e7/410d4ac9c146764326761ff77c17aa881213.udd" 4436
"C:/Users/kbc12306156/AppData/Local/UnrealEngine/Common/DerivedDataCache/Buckets/LegacyTEXTURE/b5/c8/1f4b059266450ef0367408eaac437fd7146d.udd" 4437
"C:/Users/kbc12306156/AppData/Local/UnrealEngine/Common/DerivedDataCache/Buckets/LegacyTEXTURE/1e/0c/bd2c998688a6a28b7d5b8a2ad117ac380c0d.udd" 4438
"C:/Users/kbc12306156/AppData/Local/UnrealEngine/Common/DerivedDataCache/Buckets/LegacyTEXTURE/db/10/0db72e2ea444d3c1e850663a47141a8cd016.udd" 4439
"C:/Users/kbc12306156/AppData/Local/UnrealEngine/Common/DerivedDataCache/Content/17/7b/b7853fdbdcb444befb1b3c780178b80076ae.udd" 4440
"C:/Users/kbc12306156/AppData/Local/UnrealEngine/Common/DerivedDataCache/Buckets/LegacyTEXTURE/62/7a/3e01f0a57feceff9b376fb9aff517a489a92.udd" 4441
"C:/Users/kbc12306156/AppData/Local/UnrealEngine/Common/DerivedDataCache/Buckets/LegacyTEXTURE/8a/a1/9a9e1b46d129cf119783f6e4b7e45bb06a07.udd" 4442
"C:/Users/kbc12306156/AppData/Local/UnrealEngine/Common/DerivedDataCache/Buckets/LegacyTEXTURE/11/54/8949a0a50feb6950348964fd68c10d690f31.udd" 4443
"C:/Users/kbc12306156/AppData/Local/UnrealEngine/Common/DerivedDataCache/Buckets/LegacyTEXTURE/4c/51/5ed3a3dd8f8b84c7f31b6f62d1b0224b0e87.udd" 4444
"C:/Users/kbc12306156/AppData/Local/UnrealEngine/Common/DerivedDataCache/Content/9a/63/2580f348a9f796432f06666696d1c6e3e695.udd" 4445
"C:/Users/kbc12306156/AppData/Local/UnrealEngine/Common/DerivedDataCache/Buckets/LegacyTEXTURE/d1/dd/38c1008526e9950f9739ab74ffb06c042721.udd" 4446
"C:/Users/kbc12306156/AppData/Local/UnrealEngine/Common/DerivedDataCache/Content/48/34/e86cbec97aefd51c2553540f12729a64c029.udd" 4447
"C:/Users/kbc12306156/AppData/Local/UnrealEngine/Common/DerivedDataCache/Buckets/LegacyTEXTURE/54/72/1f565e3218ac39155c6f585eae813a4b5650.udd" 4448
"C:/Users/kbc12306156/AppData/Local/UnrealEngine/Common/DerivedDataCache/Content/85/2e/969876232d47e6014839855ac7854275fb6d.udd" 4449
"C:/Users/kbc12306156/AppData/Local/UnrealEngine/Common/DerivedDataCache/Buckets/LegacyTEXTURE/43/a8/ac156bce6c05ff37797f932db276e24a9f6c.udd" 4450
"C:/Users/kbc12306156/AppData/Local/UnrealEngine/Common/DerivedDataCache/Buckets/LegacyTEXTURE/2f/de/731957633dd5f477e604601fa32844d4a5fe.udd" 4451
"C:/Users/kbc12306156/AppData/Local/UnrealEngine/Common/DerivedDataCache/Buckets/LegacyTEXTURE/05/7f/b17ecdb59db9a70b78acf322041c8dd04ebb.udd" 4452
"C:/Users/kbc12306156/AppData/Local/UnrealEngine/Common/DerivedDataCache/Buckets/LegacyTEXTURE/3e/3d/afe4fe95ca2673776a9b398cf31330596718.udd" 4453
"C:/Users/kbc12306156/AppData/Local/UnrealEngine/Common/DerivedDataCache/Buckets/LegacyTEXTURE/cb/e2/b71a6b8b51fdeae27bab0242ee801572d289.udd" 4454
"C:/Users/kbc12306156/AppData/Local/UnrealEngine/Common/DerivedDataCache/Buckets/LegacyTEXTURE/6d/57/3a8d2d349ecc63b7fd0923a84748ffd01752.udd" 4455
"C:/Users/kbc12306156/AppData/Local/UnrealEngine/Common/DerivedDataCache/Buckets/LegacyTEXTURE/8c/a1/9f2e62a66150c0a9150b88d985b593a6dc85.udd" 4456
"C:/Users/kbc12306156/AppData/Local/UnrealEngine/Common/DerivedDataCache/Buckets/LegacyTEXTURE/72/b7/75bfc70957d7e7aea786ceb8c8f79ee9af66.udd" 4457
"C:/Users/kbc12306156/AppData/Local/UnrealEngine/Common/DerivedDataCache/Buckets/LegacyTEXTURE/9a/df/10473fa6e17af38b291dfcc2bc9402f10ee9.udd" 4458
"C:/Users/kbc12306156/AppData/Local/UnrealEngine/Common/DerivedDataCache/Buckets/LegacyTEXTURE/77/af/6488bd23b2967a5db3a600ea92904092bf57.udd" 4459
"C:/Users/kbc12306156/AppData/Local/UnrealEngine/Common/DerivedDataCache/Buckets/LegacyTEXTURE/80/09/9a8e775e78f79d61e6337b1e94a499c4d057.udd" 4460
"C:/Users/kbc12306156/AppData/Local/UnrealEngine/Common/DerivedDataCache/Content/15/ea/6ddba9be2cd693d227b66cba07602392e295.udd" 4461
"C:/Users/kbc12306156/AppData/Local/UnrealEngine/Common/DerivedDataCache/Buckets/LegacyTEXTURE/09/ab/5c6ad4b53bc25683c13bf4f8da15b52735e8.udd" 4462
"C:/Users/kbc12306156/AppData/Local/UnrealEngine/Common/DerivedDataCache/Buckets/LegacyTEXTURE/fa/e0/b3925f5f7ef674895eabbb7e33fe6e0093e0.udd" 4463
"C:/Users/kbc12306156/AppData/Local/UnrealEngine/Common/DerivedDataCache/Content/96/5f/95afdbee9710ffab33b7045d373ee619aba8.udd" 4464
"C:/Users/kbc12306156/AppData/Local/UnrealEngine/Common/DerivedDataCache/Buckets/LegacyTEXTURE/96/0b/622c4a27d528f5e54ba2c2dfc5b834cd394e.udd" 4465
"C:/Users/kbc12306156/AppData/Local/UnrealEngine/Common/DerivedDataCache/Buckets/LegacyTEXTURE/80/fe/0db81432837f414cf068c9b56238da569c0a.udd" 4466
"C:/Users/kbc12306156/AppData/Local/UnrealEngine/Common/DerivedDataCache/Buckets/LegacyTEXTURE/62/a9/2cb89cf53725e91bc7092599fede3fd55d45.udd" 4467
"C:/Users/kbc12306156/AppData/Local/UnrealEngine/Common/DerivedDataCache/Buckets/LegacyTEXTURE/00/db/7d127b0a5bed2376caa8ea7a7ec1db7c27ae.udd" 4468
"C:/Users/kbc12306156/AppData/Local/UnrealEngine/Common/DerivedDataCache/Content/47/c8/9d9fd31273573f57af09331851613cf73a62.udd" 4469
"C:/Users/kbc12306156/AppData/Local/UnrealEngine/Common/DerivedDataCache/Buckets/LegacyTEXTURE/0d/4d/69fa5064064a5a49b8f50743a373e6bee323.udd" 4470
"C:/Users/kbc12306156/AppData/Local/UnrealEngine/Common/DerivedDataCache/Buckets/LegacyTEXTURE/5e/60/1ad2d69599cfbe3a16700ca50009252eb52e.udd" 4471
"C:/Users/kbc12306156/AppData/Local/UnrealEngine/Common/DerivedDataCache/Buckets/LegacyTEXTURE/8c/55/0081e7c7a05a512d63cdc0f2b2867e06757f.udd" 4472
"C:/Users/kbc12306156/AppData/Local/UnrealEngine/Common/DerivedDataCache/Buckets/LegacyTEXTURE/e0/c7/7170c424299927e4f4577081e256d64f50fe.udd" 4473
"C:/Users/kbc12306156/AppData/Local/UnrealEngine/Common/DerivedDataCache/Content/64/a1/f711fc8d82544ba1c391aec9d08abae434f0.udd" 4474
"C:/Users/kbc12306156/AppData/Local/UnrealEngine/Common/DerivedDataCache/Buckets/LegacyTEXTURE/a4/97/f9bd6ad8b317d04fbe18f774adad9e1a1cea.udd" 4475
"C:/Users/kbc12306156/AppData/Local/UnrealEngine/Common/DerivedDataCache/Buckets/LegacyTEXTURE/41/c5/4e493b3dee3a5f8f65272b9666452c81b077.udd" 4476
"C:/Users/kbc12306156/AppData/Local/UnrealEngine/Common/DerivedDataCache/Buckets/LegacyTEXTURE/a4/d2/47ee83270ccab45144f87a3e1e9c169898e2.udd" 4477
"C:/Users/kbc12306156/AppData/Local/UnrealEngine/Common/DerivedDataCache/Buckets/LegacyTEXTURE/45/02/687ad74d4bff27cff2dfb38432a768ec04f7.udd" 4478
"C:/Users/kbc12306156/AppData/Local/UnrealEngine/Common/DerivedDataCache/Buckets/LegacyTEXTURE/e5/5c/173942a11947ed3a1fe06cfedafebd5fff1f.udd" 4479
"C:/Users/kbc12306156/AppData/Local/UnrealEngine/Common/DerivedDataCache/Buckets/LegacyTEXTURE/a4/f1/df73e4996c79a0d3b3d10f9bb123b8584ad7.udd" 4480
"C:/Users/kbc12306156/AppData/Local/UnrealEngine/Common/DerivedDataCache/Content/5f/c1/c71869d5a66997631446b98fe88eb3d2354a.udd" 4481
"C:/Users/kbc12306156/AppData/Local/UnrealEngine/Common/DerivedDataCache/Buckets/LegacyTEXTURE/4c/09/c48a126d799d897ca403463fa19c988bc633.udd" 4482
"C:/Users/kbc12306156/AppData/Local/UnrealEngine/Common/DerivedDataCache/Buckets/LegacyTEXTURE/e3/d2/f4ad8b89f94f9484101369f0c4b34f184c44.udd" 4483
"C:/Users/kbc12306156/AppData/Local/UnrealEngine/Common/DerivedDataCache/Content/37/b4/d91c9ff2a5d190bf90091becc51dfd7f7f4c.udd" 4484
"C:/Users/kbc12306156/AppData/Local/UnrealEngine/Common/DerivedDataCache/Content/58/b0/5957e462e87fdbed135ecfca158f874cae3f.udd" 4485
"C:/Users/kbc12306156/AppData/Local/UnrealEngine/Common/DerivedDataCache/Buckets/LegacyTEXTURE/f7/ed/ac0be64fb5fa23d6679257d471cd52fca6be.udd" 4486
"C:/Users/kbc12306156/AppData/Local/UnrealEngine/Common/DerivedDataCache/Buckets/LegacyTEXTURE/d0/96/a7f5317faebdea772c5119ab97373d2a9b9a.udd" 4487
"C:/Users/kbc12306156/AppData/Local/UnrealEngine/Common/DerivedDataCache/Content/a1/37/c2b18dc2cc7ea1843c4b2c9a38bda3e5c1a2.udd" 4488
"C:/Users/kbc12306156/AppData/Local/UnrealEngine/Common/DerivedDataCache/Buckets/LegacyTEXTURE/13/6a/eac388e6d040a8321e7566f4437734ebb4f0.udd" 4489
"C:/Users/kbc12306156/AppData/Local/UnrealEngine/Common/DerivedDataCache/Content/d1/0a/1ff9eebac1552856abb3a2633840d657b90b.udd" 4490
"C:/Users/kbc12306156/AppData/Local/UnrealEngine/Common/DerivedDataCache/Buckets/LegacyTEXTURE/aa/9e/485e80742320d3d6120350e315f3873f2fa4.udd" 4491
"C:/Users/kbc12306156/AppData/Local/UnrealEngine/Common/DerivedDataCache/Buckets/LegacyTEXTURE/83/75/0082e65550003440ce84f6663dbae17366f1.udd" 4492
"C:/Users/kbc12306156/AppData/Local/UnrealEngine/Common/DerivedDataCache/Buckets/LegacyTEXTURE/bb/00/3f505fdd6d8acb1b0f888d707e991d94f05b.udd" 4493
"C:/Users/kbc12306156/AppData/Local/UnrealEngine/Common/DerivedDataCache/Buckets/LegacyTEXTURE/1a/39/48310850e51f82f7527a68618212a281f8e2.udd" 4494
"C:/Users/kbc12306156/AppData/Local/UnrealEngine/Common/DerivedDataCache/Buckets/LegacyTEXTURE/e6/4d/f36280a86ca7a71192036e7e317b8ccf29d3.udd" 4495
"C:/Users/kbc12306156/AppData/Local/UnrealEngine/Common/DerivedDataCache/Content/b7/6d/b7d1a7bbe94f309c3a9bd2c60201cc0bacc3.udd" 4496
"C:/Users/kbc12306156/AppData/Local/UnrealEngine/Common/DerivedDataCache/Buckets/LegacyTEXTURE/64/d7/fd9c74819c7b89d6c5ba86e3e93fdcd28af9.udd" 4497
"C:/Users/kbc12306156/AppData/Local/UnrealEngine/Common/DerivedDataCache/Buckets/LegacyTEXTURE/7a/98/f9e91ca5637d8550c3306d4b14b7d1792117.udd" 4498
"C:/Users/kbc12306156/AppData/Local/UnrealEngine/Common/DerivedDataCache/Buckets/LegacyTEXTURE/56/06/c8c7f52aa00048ea7bf12a4f940ede3b5aaa.udd" 4499
"C:/Users/kbc12306156/AppData/Local/UnrealEngine/Common/DerivedDataCache/Buckets/LegacyTEXTURE/82/b3/2899601d3a590cf7d818682dfd33b205694a.udd" 4500
"C:/Users/kbc12306156/AppData/Local/UnrealEngine/Common/DerivedDataCache/Buckets/LegacyTEXTURE/48/12/0d34511edd38f12b65a900ea29b2a4e51c4e.udd" 4501
"C:/Users/kbc12306156/AppData/Local/UnrealEngine/Common/DerivedDataCache/Buckets/LegacyTEXTURE/8c/ba/252c24334574deafed8b087c3ec82f61b51d.udd" 4502
"C:/Users/kbc12306156/AppData/Local/UnrealEngine/Common/DerivedDataCache/Buckets/LegacyTEXTURE/e5/4b/47fef8508d1311c9ab7b34a8ec540981ec4c.udd" 4503
"C:/Users/kbc12306156/AppData/Local/UnrealEngine/Common/DerivedDataCache/Buckets/LegacyTEXTURE/f7/f7/80ec8f4683f21f450f7d00708b955f89b82e.udd" 4504
"C:/Users/kbc12306156/AppData/Local/UnrealEngine/Common/DerivedDataCache/Buckets/LegacyTEXTURE/5c/7e/858dd754f3e800840c3c99523e979bae384d.udd" 4505
"C:/Users/kbc12306156/AppData/Local/UnrealEngine/Common/DerivedDataCache/Buckets/LegacyTEXTURE/db/f6/cfe2357d718cd5f5fc8fdc616604f1578040.udd" 4506
"C:/Users/kbc12306156/AppData/Local/UnrealEngine/Common/DerivedDataCache/Buckets/LegacyTEXTURE/c5/a3/da2a86cd99e88458fd25c634a6f4c3f3f514.udd" 4507
"C:/Users/kbc12306156/AppData/Local/UnrealEngine/Common/DerivedDataCache/Buckets/LegacyTEXTURE/51/80/f7d33bb6c8c297c5b020c049710427313422.udd" 4508
"C:/Users/kbc12306156/AppData/Local/UnrealEngine/Common/DerivedDataCache/Content/ff/5c/ea6245b7e83366f9bfaf3156f3b3c3717e2a.udd" 4509
"C:/Users/kbc12306156/AppData/Local/UnrealEngine/Common/DerivedDataCache/Buckets/LegacyTEXTURE/8a/8c/89c256b3aeebeec0e4ba98c3007ed5c16a75.udd" 4510
"C:/Users/kbc12306156/AppData/Local/UnrealEngine/Common/DerivedDataCache/Buckets/LegacyTEXTURE/b0/3a/550ccf03e28a3ec491949a02dd50dc08c3b7.udd" 4511
"C:/Users/kbc12306156/AppData/Local/UnrealEngine/Common/DerivedDataCache/Buckets/LegacyTEXTURE/5b/98/5ef39458171cf30c8eb22085fab79c0ceaf4.udd" 4512
"C:/Users/kbc12306156/AppData/Local/UnrealEngine/Common/DerivedDataCache/Buckets/LegacyTEXTURE/b4/bd/d2eb9cb1eeb484cf22958bcb59dd836b4fe5.udd" 4513
"C:/Users/kbc12306156/AppData/Local/UnrealEngine/Common/DerivedDataCache/Buckets/LegacyTEXTURE/9c/68/32f0c042040aeb2648c238a978122bcaaeea.udd" 4514
"C:/Users/kbc12306156/AppData/Local/UnrealEngine/Common/DerivedDataCache/Content/1b/8c/8514030aa3d6e547410d9e5957b2306c5e57.udd" 4515
"C:/Users/kbc12306156/AppData/Local/UnrealEngine/Common/DerivedDataCache/Buckets/LegacyTEXTURE/7c/dc/2a03f10a5348020aa4cf0923ccb0a8cb4afa.udd" 4516
"C:/Users/kbc12306156/AppData/Local/UnrealEngine/Common/DerivedDataCache/Content/dc/2f/5bfb06d6fdf1b109f4caebcf39d3882864e7.udd" 4517
"C:/Users/kbc12306156/AppData/Local/UnrealEngine/Common/DerivedDataCache/Buckets/LegacyTEXTURE/91/29/74452a202d4dd047ed0da12aeca81e53997c.udd" 4518
"C:/Users/kbc12306156/AppData/Local/UnrealEngine/Common/DerivedDataCache/Content/a5/75/edea648da66f7302dd93d1910e3591ba7cde.udd" 4519
"C:/Users/kbc12306156/AppData/Local/UnrealEngine/Common/DerivedDataCache/Buckets/LegacyTEXTURE/22/89/903b915025964f3f7f5a79d71dd0833e3c45.udd" 4520
"C:/Users/kbc12306156/AppData/Local/UnrealEngine/Common/DerivedDataCache/Content/52/64/55941a0db03bed4c592e4cd9058113ea3398.udd" 4521
"C:/Users/kbc12306156/AppData/Local/UnrealEngine/Common/DerivedDataCache/Buckets/LegacyTEXTURE/ac/49/e67cecfcd3addf74e8b6ab9727e014ce74dc.udd" 4522
"C:/Users/kbc12306156/AppData/Local/UnrealEngine/Common/DerivedDataCache/Buckets/LegacyTEXTURE/b5/c6/b18efa9abfda9b015c98a4e3f8a6091f9f50.udd" 4523
"C:/Users/kbc12306156/AppData/Local/UnrealEngine/Common/DerivedDataCache/Buckets/LegacyTEXTURE/30/49/aeeeb95d3eed731bd920c8509967b7bf5ad4.udd" 4524
"C:/Users/kbc12306156/AppData/Local/UnrealEngine/Common/DerivedDataCache/Buckets/LegacyTEXTURE/4b/43/f4beae1eac6a04ef5a0ec155cd7e722180ee.udd" 4525
"C:/Users/kbc12306156/AppData/Local/UnrealEngine/Common/DerivedDataCache/Buckets/LegacyTEXTURE/31/fa/466dcd444f3720ef8576dca4b1177f2eeb01.udd" 4526
"C:/Users/kbc12306156/AppData/Local/UnrealEngine/Common/DerivedDataCache/Buckets/LegacyTEXTURE/44/ed/41f1d1de86d51c3027e892f086a73ccf5b44.udd" 4527
"C:/Users/kbc12306156/AppData/Local/UnrealEngine/Common/DerivedDataCache/Content/af/a4/c47418d052f31f7643be2d42a7d958ed5cf9.udd" 4528
"C:/Users/kbc12306156/AppData/Local/UnrealEngine/Common/DerivedDataCache/Buckets/LegacyTEXTURE/a7/73/1d8a4e65721dbf864e8fc4aac3a536f0ed9f.udd" 4529
"C:/Users/kbc12306156/AppData/Local/UnrealEngine/Common/DerivedDataCache/Buckets/LegacyTEXTURE/65/9c/6a6cfab771db9508d033e7e78c66b0ce7715.udd" 4530
"C:/Users/kbc12306156/AppData/Local/UnrealEngine/Common/DerivedDataCache/Buckets/LegacyTEXTURE/26/e0/fe6c34b18d8373b2a5eae89068b3e5373568.udd" 4531
"C:/Users/kbc12306156/AppData/Local/UnrealEngine/Common/DerivedDataCache/Buckets/LegacyTEXTURE/7e/a2/cfba52cdc22c6391c8b97d3e05a618178200.udd" 4532
"C:/Users/kbc12306156/AppData/Local/UnrealEngine/Common/DerivedDataCache/Buckets/LegacyTEXTURE/fc/5d/044264e3205443a78671519980e2c718899d.udd" 4533
"C:/Users/kbc12306156/AppData/Local/UnrealEngine/Common/DerivedDataCache/Buckets/LegacyTEXTURE/4f/f2/8b68a9798f86f1b64da671d1a478443c585d.udd" 4534
"C:/Users/kbc12306156/AppData/Local/UnrealEngine/Common/DerivedDataCache/Content/f7/44/939c5b268eedc37b85bb706a875161b9975e.udd" 4535
"C:/Users/kbc12306156/AppData/Local/UnrealEngine/Common/DerivedDataCache/Buckets/LegacyTEXTURE/02/71/6077a8964c8a8a9bf12105be6ba4928c8cf7.udd" 4536
"C:/Users/kbc12306156/AppData/Local/UnrealEngine/Common/DerivedDataCache/Buckets/LegacyTEXTURE/42/fa/0c07419cd6284cfedbf478fc3df6f6f2ea7b.udd" 4537
"C:/Users/kbc12306156/AppData/Local/UnrealEngine/Common/DerivedDataCache/Content/ea/b4/4ffbb6c907d0a5252f92997ff6c83922f928.udd" 4538
"C:/Users/kbc12306156/AppData/Local/UnrealEngine/Common/DerivedDataCache/Content/22/b6/c572c380d46f4867a2ae2b8140c64aca6527.udd" 4539
"C:/Users/kbc12306156/AppData/Local/UnrealEngine/Common/DerivedDataCache/Buckets/LegacyTEXTURE/2d/b0/dcdc2061cac4df2a56253106b72f0e9a9e6b.udd" 4540
"C:/Users/kbc12306156/AppData/Local/UnrealEngine/Common/DerivedDataCache/Buckets/LegacyTEXTURE/dc/7a/79b4505c4ea76d393869fb4d439e067d60ab.udd" 4541
"C:/Users/kbc12306156/AppData/Local/UnrealEngine/Common/DerivedDataCache/Buckets/LegacyTEXTURE/78/ad/0640710183b898eda150070cc56ad50a8021.udd" 4542
"C:/Users/kbc12306156/AppData/Local/UnrealEngine/Common/DerivedDataCache/Buckets/LegacyTEXTURE/8c/1f/5dc704af3ea6e019ac861a2063625c6fcbac.udd" 4543
"C:/Users/kbc12306156/AppData/Local/UnrealEngine/Common/DerivedDataCache/Buckets/LegacyTEXTURE/f6/df/e0e1ea479bcd1881102af5020e84297ea60f.udd" 4544
"C:/Users/kbc12306156/AppData/Local/UnrealEngine/Common/DerivedDataCache/Buckets/LegacyTEXTURE/fb/06/637706c72e9d4a52dac6f7d4aa9485a2b542.udd" 4545
"C:/Users/kbc12306156/AppData/Local/UnrealEngine/Common/DerivedDataCache/Buckets/LegacyTEXTURE/78/d7/b5c73beb023e3760dc2d7b8025da71ae67f9.udd" 4546
"C:/Users/kbc12306156/AppData/Local/UnrealEngine/Common/DerivedDataCache/Buckets/LegacyTEXTURE/85/eb/3e2a1ac5b131aef93d22c4f1c29dab5ea479.udd" 4547
"C:/Users/kbc12306156/AppData/Local/UnrealEngine/Common/DerivedDataCache/Buckets/LegacyTEXTURE/14/de/daf0b9b6ee57b097f244bb38e2fb624ca86c.udd" 4548
"C:/Users/kbc12306156/AppData/Local/UnrealEngine/Common/DerivedDataCache/Buckets/LegacyTEXTURE/4c/94/cf5c5e69c7c239bbfd349cbe2ef86ae7122f.udd" 4549
"C:/Users/kbc12306156/AppData/Local/UnrealEngine/Common/DerivedDataCache/Buckets/LegacyTEXTURE/14/5e/2cb81881096b29c85afcf9aca05dd3591905.udd" 4550
"C:/Users/kbc12306156/AppData/Local/UnrealEngine/Common/DerivedDataCache/Buckets/LegacyTEXTURE/72/29/2cf2795ce5b3f79cc4a7bbc3b41a026c8542.udd" 4551
"C:/Users/kbc12306156/AppData/Local/UnrealEngine/Common/DerivedDataCache/Content/1e/56/88f9b5a3934fedb55ff1f945b2e378c1b425.udd" 4552
"C:/Users/kbc12306156/AppData/Local/UnrealEngine/Common/DerivedDataCache/Content/b5/7a/6f1c5207e04267dfdda4bfe7feb84709ae06.udd" 4553
"C:/Users/kbc12306156/AppData/Local/UnrealEngine/Common/DerivedDataCache/Buckets/LegacyTEXTURE/ff/5e/f1eb6f0f2d57acdb2c76ca7a7ad9b277f9a5.udd" 4554
"C:/Users/kbc12306156/AppData/Local/UnrealEngine/Common/DerivedDataCache/Content/6f/8c/343f4d20bb628528b4db815174a3d0dfa54a.udd" 4555
"C:/Users/kbc12306156/AppData/Local/UnrealEngine/Common/DerivedDataCache/Buckets/LegacyTEXTURE/58/1a/324e24cfda6f7a02c7c64362979e6230d90c.udd" 4556
"C:/Users/kbc12306156/AppData/Local/UnrealEngine/Common/DerivedDataCache/Content/66/c6/302d9fc8d873dd43053f0a1eb7e2dbd2c9f5.udd" 4557
"C:/Users/kbc12306156/AppData/Local/UnrealEngine/Common/DerivedDataCache/Buckets/LegacyTEXTURE/bc/5c/b033ba8bb67ba7075d4f7de4cc1b6d59a3fe.udd" 4558
"C:/Users/kbc12306156/AppData/Local/UnrealEngine/Common/DerivedDataCache/Buckets/LegacyTEXTURE/d7/87/b0bf2b9c323b67ff7e5ddf0d29a0193132fe.udd" 4559
"C:/Users/kbc12306156/AppData/Local/UnrealEngine/Common/DerivedDataCache/Buckets/LegacyTEXTURE/3d/c1/0cc27e8ace5db6677c1ec7df12fdf4f4e532.udd" 4560
"C:/Users/kbc12306156/AppData/Local/UnrealEngine/Common/DerivedDataCache/Buckets/LegacyTEXTURE/39/75/7c69fc86c5c7364025bae3331efe2c37096e.udd" 4561
"C:/Users/kbc12306156/AppData/Local/UnrealEngine/Common/DerivedDataCache/Buckets/LegacyTEXTURE/09/ad/2db3a3d1fd596cc77010e4471d82b650fbfb.udd" 4562
"C:/Users/kbc12306156/AppData/Local/UnrealEngine/Common/DerivedDataCache/Content/37/8f/390c7084ec3e70eacdf6d5b92fbdf507a836.udd" 4563
"C:/Users/kbc12306156/AppData/Local/UnrealEngine/Common/DerivedDataCache/Buckets/LegacyTEXTURE/f1/58/941ddb311d2680fe0af969e86af31b450c5b.udd" 4564
"C:/Users/kbc12306156/AppData/Local/UnrealEngine/Common/DerivedDataCache/Content/ff/b6/e4455b0c05c08e5f298cb4009ded311b0880.udd" 4565
"C:/Users/kbc12306156/AppData/Local/UnrealEngine/Common/DerivedDataCache/Buckets/LegacyTEXTURE/4b/92/54681126e4e42bdabfad4248bb3aa9214b7a.udd" 4566
"C:/Users/kbc12306156/AppData/Local/UnrealEngine/Common/DerivedDataCache/Buckets/LegacyTEXTURE/dc/4e/4915748a411d22b8e46a594b15ce191aa01e.udd" 4567
"C:/Users/kbc12306156/AppData/Local/UnrealEngine/Common/DerivedDataCache/Content/99/e2/7bac29df40cddbfea1763fefe895ee9ad95b.udd" 4568
"C:/Users/kbc12306156/AppData/Local/UnrealEngine/Common/DerivedDataCache/Buckets/LegacyTEXTURE/25/f6/c5feb3d59bdc83b695ea5415f150a725ccdf.udd" 4569
"C:/Users/kbc12306156/AppData/Local/UnrealEngine/Common/DerivedDataCache/Buckets/LegacyTEXTURE/df/cf/aff4077776d755fb27cf8f9e703159b17b09.udd" 4570
"C:/Users/kbc12306156/AppData/Local/UnrealEngine/Common/DerivedDataCache/Content/81/2e/52840185f48f1fda77090a60b855951e345e.udd" 4571
"C:/Users/kbc12306156/AppData/Local/UnrealEngine/Common/DerivedDataCache/Buckets/LegacyTEXTURE/60/80/640af0791c8641321d7c1a112f256a85d645.udd" 4572
"C:/Users/kbc12306156/AppData/Local/UnrealEngine/Common/DerivedDataCache/Content/0a/56/9fccbb2356f3cbd441f8df188c752a3fb918.udd" 4573
"C:/Users/kbc12306156/AppData/Local/UnrealEngine/Common/DerivedDataCache/Buckets/LegacyTEXTURE/11/8c/a96edec321dc8a8eec633cb4d26496ae697e.udd" 4574
"C:/Users/kbc12306156/AppData/Local/UnrealEngine/Common/DerivedDataCache/Buckets/LegacyTEXTURE/53/27/0d5a87429e70362311e871d3ec0465188d62.udd" 4575
"C:/Users/kbc12306156/AppData/Local/UnrealEngine/Common/DerivedDataCache/Buckets/LegacyTEXTURE/5e/a8/8b1950143e66f5685679beac7f51c09ed82b.udd" 4576
"C:/Users/kbc12306156/AppData/Local/UnrealEngine/Common/DerivedDataCache/Buckets/LegacyTEXTURE/8f/ca/aaf3bc07bd451fa1e701d2faa37c2d81fa22.udd" 4577
"C:/Users/kbc12306156/AppData/Local/UnrealEngine/Common/DerivedDataCache/Buckets/LegacyTEXTURE/ea/7e/7f704cdb09ce6eb7b73b1922e5c1d8d9c9d5.udd" 4578
"C:/Users/kbc12306156/AppData/Local/UnrealEngine/Common/DerivedDataCache/Content/71/c2/05a8d8b7bf2e83e13a4a159f53045814c7da.udd" 4579
"C:/Users/kbc12306156/AppData/Local/UnrealEngine/Common/DerivedDataCache/Buckets/LegacyTEXTURE/c0/99/dc6b06730204a95e7ba06e1a7842ff5a5a33.udd" 4580
"C:/Users/kbc12306156/AppData/Local/UnrealEngine/Common/DerivedDataCache/Buckets/LegacyTEXTURE/fd/22/8514c0d20aea497b0972b47286a2b43e3146.udd" 4581
"C:/Users/kbc12306156/AppData/Local/UnrealEngine/Common/DerivedDataCache/Buckets/LegacyTEXTURE/e0/e4/3430330c729133fc149530cd440efbd12037.udd" 4582
"C:/Users/kbc12306156/AppData/Local/UnrealEngine/Common/DerivedDataCache/Content/d8/c0/5a6d6e550fffebca1034802203be8fdd3e65.udd" 4583
"C:/Users/kbc12306156/AppData/Local/UnrealEngine/Common/DerivedDataCache/Buckets/LegacyTEXTURE/cd/47/9b88022e804f7060f07d7984a3869ab59bf6.udd" 4584
"C:/Users/kbc12306156/AppData/Local/UnrealEngine/Common/DerivedDataCache/Buckets/LegacyTEXTURE/5a/ad/f4793e31afec746e3df30bb14905785febca.udd" 4585
"C:/Users/kbc12306156/AppData/Local/UnrealEngine/Common/DerivedDataCache/Buckets/LegacyTEXTURE/94/a6/8559ff82de6fbefab29051458d678e97f7ad.udd" 4586
"C:/Users/kbc12306156/AppData/Local/UnrealEngine/Common/DerivedDataCache/Buckets/LegacyTEXTURE/cb/52/e5bfdbcf11ce5d0f47d0e3b0fcfd8d47391d.udd" 4587
"C:/Users/kbc12306156/AppData/Local/UnrealEngine/Common/DerivedDataCache/Buckets/LegacyTEXTURE/a9/06/1f25b785dcfb199956e3f3e088851c9b3065.udd" 4588
"C:/Users/kbc12306156/AppData/Local/UnrealEngine/Common/DerivedDataCache/Buckets/LegacyTEXTURE/ff/92/a8d68eadbb0a3c08a27e824933def15047dc.udd" 4589
"C:/Users/kbc12306156/AppData/Local/UnrealEngine/Common/DerivedDataCache/Buckets/LegacyTEXTURE/03/7f/04d3425d25be0b2610180d143f308d558822.udd" 4590
"C:/Users/kbc12306156/AppData/Local/UnrealEngine/Common/DerivedDataCache/Buckets/LegacyTEXTURE/cc/96/694d69052cc0aac6bc81fafc08ab4807e1e5.udd" 4591
"C:/Users/kbc12306156/AppData/Local/UnrealEngine/Common/DerivedDataCache/Buckets/LegacyTEXTURE/da/53/c045048f6ad78aca49557c886dc1d1f708a2.udd" 4592
"C:/Users/kbc12306156/AppData/Local/UnrealEngine/Common/DerivedDataCache/Buckets/LegacyTEXTURE/6a/8c/d7e5fd4e2733e64c0cefe5db1f6d2e9a88c4.udd" 4593
"C:/Users/kbc12306156/AppData/Local/UnrealEngine/Common/DerivedDataCache/Buckets/LegacyTEXTURE/8c/7a/f5f11179771c4c5119da71da2baa9562fc66.udd" 4594
"C:/Users/kbc12306156/AppData/Local/UnrealEngine/Common/DerivedDataCache/Buckets/LegacyTEXTURE/1c/74/2808bbab00f70c0d35a21294b6659cb47514.udd" 4595
"C:/Users/kbc12306156/AppData/Local/UnrealEngine/Common/DerivedDataCache/Buckets/LegacyTEXTURE/7b/93/6ebfe751994041be65629020f5b0a146b125.udd" 4596
"C:/Users/kbc12306156/AppData/Local/UnrealEngine/Common/DerivedDataCache/Buckets/LegacyTEXTURE/f5/b6/4ae332a9670a4e3035a681056cf70be96dbf.udd" 4597
"C:/Users/kbc12306156/AppData/Local/UnrealEngine/Common/DerivedDataCache/Buckets/LegacyTEXTURE/cf/f7/7c7e4ccf8b6aaf9772fd637c39228e5d23f6.udd" 4598
"C:/Users/kbc12306156/AppData/Local/UnrealEngine/Common/DerivedDataCache/Buckets/LegacyTEXTURE/49/e0/9b1fe26237c8c593c68b296c997b7d5a6a18.udd" 4599
"C:/Users/kbc12306156/AppData/Local/UnrealEngine/Common/DerivedDataCache/Buckets/LegacyTEXTURE/0d/18/8ea62f7590d036093408d5307f79f9657e6b.udd" 4600
"C:/Users/kbc12306156/AppData/Local/UnrealEngine/Common/DerivedDataCache/Content/0c/72/28fd63ca2f06c2a4f5cc3616767bad146b03.udd" 4601
"C:/Users/kbc12306156/AppData/Local/UnrealEngine/Common/DerivedDataCache/Buckets/LegacyTEXTURE/4a/a4/1c320677e4067cb9f20ef10b116270c088e5.udd" 4602
"C:/Users/kbc12306156/AppData/Local/UnrealEngine/Common/DerivedDataCache/Buckets/LegacyTEXTURE/c9/08/9ee207596fe72f1f1e98996cabb0052af281.udd" 4603
"C:/Users/kbc12306156/AppData/Local/UnrealEngine/Common/DerivedDataCache/Buckets/LegacyTEXTURE/dc/52/04ae916420747e0a291235a1aa5a07d96839.udd" 4604
"C:/Users/kbc12306156/AppData/Local/UnrealEngine/Common/DerivedDataCache/Buckets/LegacyTEXTURE/93/c9/3413df3367c913dbc06e7459b8bea057abd9.udd" 4605
"C:/Users/kbc12306156/AppData/Local/UnrealEngine/Common/DerivedDataCache/Buckets/LegacyTEXTURE/03/35/bbd83cb455dfa606252d0a72f86882fbed4c.udd" 4606
"C:/Users/kbc12306156/AppData/Local/UnrealEngine/Common/DerivedDataCache/Buckets/LegacyTEXTURE/7a/1d/3a587102a7466cd935ee0cbd85809f18bfd3.udd" 4607
"C:/Users/kbc12306156/AppData/Local/UnrealEngine/Common/DerivedDataCache/Buckets/LegacyTEXTURE/32/bf/a99187aad5625df9659374a31bebc80b0671.udd" 4608
"C:/Users/kbc12306156/AppData/Local/UnrealEngine/Common/DerivedDataCache/Buckets/LegacyTEXTURE/88/0c/a0fe404a4abfcb13c3d397c091b154b5935c.udd" 4609
"C:/Users/kbc12306156/AppData/Local/UnrealEngine/Common/DerivedDataCache/Buckets/LegacyTEXTURE/3e/59/19530a0580f0ab42e91059cbbccfd4bc42e1.udd" 4610
"C:/Users/kbc12306156/AppData/Local/UnrealEngine/Common/DerivedDataCache/Content/4e/c3/a57076eab698f6c5ff3f8fda1152554c1742.udd" 4611
"C:/Users/kbc12306156/AppData/Local/UnrealEngine/Common/DerivedDataCache/Buckets/LegacyTEXTURE/a7/17/2e390d9370467ad43efb87dd3b8c4698fb4f.udd" 4612
"C:/Users/kbc12306156/AppData/Local/UnrealEngine/Common/DerivedDataCache/Buckets/LegacyTEXTURE/d0/ca/a80592df8eb46a1882179ff475224530283e.udd" 4613
"C:/Users/kbc12306156/AppData/Local/UnrealEngine/Common/DerivedDataCache/Buckets/LegacyTEXTURE/49/2d/386987be94411c1815b56ffd08d4004c04d5.udd" 4614
"C:/Users/kbc12306156/AppData/Local/UnrealEngine/Common/DerivedDataCache/Buckets/LegacyTEXTURE/c9/b1/6c349afc6643e3deef2f6c0bdd1b83ef48bb.udd" 4615
"C:/Users/kbc12306156/AppData/Local/UnrealEngine/Common/DerivedDataCache/Buckets/LegacyTEXTURE/b2/16/5aa547292e61d1b7a40c37176a43082503c7.udd" 4616
"C:/Users/kbc12306156/AppData/Local/UnrealEngine/Common/DerivedDataCache/Buckets/LegacyTEXTURE/66/43/c45bb35bfeda3715d1a2cf27d81ef4779d7d.udd" 4617
"C:/Users/kbc12306156/AppData/Local/UnrealEngine/Common/DerivedDataCache/Buckets/LegacyTEXTURE/ea/3f/27d42af322d9af230b039408692686211f4f.udd" 4618
"C:/Users/kbc12306156/AppData/Local/UnrealEngine/Common/DerivedDataCache/Buckets/LegacyTEXTURE/98/2d/1a7f9aad5597edbf34442a600ae3ff194ed3.udd" 4619
"C:/Users/kbc12306156/AppData/Local/UnrealEngine/Common/DerivedDataCache/Buckets/LegacyTEXTURE/d2/c5/d92b4624b67cc5288391a77676d975e9cd1a.udd" 4620
"C:/Users/kbc12306156/AppData/Local/UnrealEngine/Common/DerivedDataCache/Buckets/LegacyTEXTURE/ef/fc/45e8cc65089b3122b03410dc4d2e50d3b4e2.udd" 4621
"C:/Users/kbc12306156/AppData/Local/UnrealEngine/Common/DerivedDataCache/Content/3d/d4/4f10c48b21a0b4c185bde2aa1390797796ce.udd" 4622
"C:/Users/kbc12306156/AppData/Local/UnrealEngine/Common/DerivedDataCache/Buckets/LegacyTEXTURE/ba/0f/a36e8bbde8c98b3c90d6fbd20fe1b975888f.udd" 4623
"C:/Users/kbc12306156/AppData/Local/UnrealEngine/Common/DerivedDataCache/Buckets/LegacyTEXTURE/5e/ac/a88888f13f5a293f56dd1cf5c7c5362d5dff.udd" 4624
"C:/Users/kbc12306156/AppData/Local/UnrealEngine/Common/DerivedDataCache/Content/36/a5/03c73d24043169896911fe3089158951bc41.udd" 4625
"C:/Users/kbc12306156/AppData/Local/UnrealEngine/Common/DerivedDataCache/Buckets/LegacyTEXTURE/23/e0/16ccde55bccc699879f794ab6b0b11e842dd.udd" 4626
"C:/Users/kbc12306156/AppData/Local/UnrealEngine/Common/DerivedDataCache/Buckets/LegacyTEXTURE/c1/59/f6735d670640d0ee2d0d18a11cd37460c1e4.udd" 4627
"C:/Users/kbc12306156/AppData/Local/UnrealEngine/Common/DerivedDataCache/Content/73/a7/9fab32b0f7441231452244150cad90c6b034.udd" 4628
"C:/Users/kbc12306156/AppData/Local/UnrealEngine/Common/DerivedDataCache/Buckets/LegacyTEXTURE/42/c5/f73b510bd80dcd4066f9ebbdc5b7b90d07b5.udd" 4629
"C:/Users/kbc12306156/AppData/Local/UnrealEngine/Common/DerivedDataCache/Buckets/LegacyTEXTURE/dd/87/8fa89d78b1e31a24c128a961b5edd0de8a56.udd" 4630
"C:/Users/kbc12306156/AppData/Local/UnrealEngine/Common/DerivedDataCache/Buckets/LegacyTEXTURE/46/4a/8ace57469729469cd8a55eaddc0f2c2b39b8.udd" 4631
"C:/Users/kbc12306156/AppData/Local/UnrealEngine/Common/DerivedDataCache/Buckets/LegacyTEXTURE/45/58/739c81c2883f2a4162ad51199daaf763c2d2.udd" 4632
"C:/Users/kbc12306156/AppData/Local/UnrealEngine/Common/DerivedDataCache/Buckets/LegacyTEXTURE/5a/81/0a1d31682dd279c5a4a3638d5026b9a7b46d.udd" 4633
"C:/Users/kbc12306156/AppData/Local/UnrealEngine/Common/DerivedDataCache/Buckets/LegacyTEXTURE/51/10/ff9bed4ed64e17785e37c5c17beca45e29dd.udd" 4634
"C:/Users/kbc12306156/AppData/Local/UnrealEngine/Common/DerivedDataCache/Buckets/LegacyTEXTURE/c9/15/e75c2742717ac3b748b1810ba49b468140f9.udd" 4635
"C:/Users/kbc12306156/AppData/Local/UnrealEngine/Common/DerivedDataCache/Buckets/LegacyTEXTURE/76/fa/985bafbc808ed88a0ba6a45c3f60716d2edc.udd" 4636
"C:/Users/kbc12306156/AppData/Local/UnrealEngine/Common/DerivedDataCache/Buckets/LegacyTEXTURE/f9/93/51cfdd4ab499041ed3a650c043da1c3ec106.udd" 4637
"C:/Users/kbc12306156/AppData/Local/UnrealEngine/Common/DerivedDataCache/Buckets/LegacyTEXTURE/0a/73/c6ef523becfe71990b7e2026145e2887cd23.udd" 4638
"C:/Users/kbc12306156/AppData/Local/UnrealEngine/Common/DerivedDataCache/Content/dc/b5/583dbf820b95ab79c5aeb5ce73f981cdbac7.udd" 4639
"C:/Users/kbc12306156/AppData/Local/UnrealEngine/Common/DerivedDataCache/Buckets/LegacyTEXTURE/4e/72/3cbacddffb3e18add0ef8f6e7325c0eda949.udd" 4640
"C:/Users/kbc12306156/AppData/Local/UnrealEngine/Common/DerivedDataCache/Buckets/LegacyTEXTURE/65/ba/d308b83bd8d764efa69f09a2b63092533681.udd" 4641
"C:/Users/kbc12306156/AppData/Local/UnrealEngine/Common/DerivedDataCache/Buckets/LegacyTEXTURE/a5/99/f055e17cf3f065ecef950fa22acd6c6ac94e.udd" 4642
"C:/Users/kbc12306156/AppData/Local/UnrealEngine/Common/DerivedDataCache/Buckets/LegacyTEXTURE/78/ac/acf0b28222a059cba2383cceb0337ccf3188.udd" 4643
"C:/Users/kbc12306156/AppData/Local/UnrealEngine/Common/DerivedDataCache/Buckets/LegacyTEXTURE/e9/71/8938c539bd9a604d2ef953b509c96fb80cb0.udd" 4644
"C:/Users/kbc12306156/AppData/Local/UnrealEngine/Common/DerivedDataCache/Content/53/e9/e6332912da5dd5d70e8944960bac895a0df7.udd" 4645
"C:/Users/kbc12306156/AppData/Local/UnrealEngine/Common/DerivedDataCache/Buckets/LegacyTEXTURE/aa/a3/f02f227c899f532e6340d7beae1afb70642d.udd" 4646
"C:/Users/kbc12306156/AppData/Local/UnrealEngine/Common/DerivedDataCache/Buckets/LegacyTEXTURE/15/81/710e62687e52b04fb27fcd15f3064ac3253b.udd" 4647
"C:/Users/kbc12306156/AppData/Local/UnrealEngine/Common/DerivedDataCache/Buckets/LegacyTEXTURE/c9/54/64b2aac9bf725e65dba9957a800cee40dbac.udd" 4648
"C:/Users/kbc12306156/AppData/Local/UnrealEngine/Common/DerivedDataCache/Buckets/LegacyTEXTURE/bf/99/9e6d0fd8b8e507f181adc29581f75b56c8f2.udd" 4649
"C:/PG/GFFproject/Content/Arena/Textures/T_Ground02_BC.uasset" 4650
"C:/Users/kbc12306156/AppData/Local/UnrealEngine/Common/DerivedDataCache/Buckets/LegacyTEXTURE/2f/3f/c08e2774325d618265bcf25567bf5fa04761.udd" 4651
"C:/Users/kbc12306156/AppData/Local/UnrealEngine/Common/DerivedDataCache/Buckets/BulkDataList/16/94/71e77adf1262a690dd71d951086ef8aea6f2.udd" 4652
"C:/PG/GFFproject/Content/Arena/Textures/T_Ground02_N.uasset" 4653
"C:/Users/kbc12306156/AppData/Local/UnrealEngine/Common/DerivedDataCache/Buckets/LegacyTEXTURE/3a/08/063068d0c6e05744744b396d73c01b201632.udd" 4654
"C:/Users/kbc12306156/AppData/Local/UnrealEngine/Common/DerivedDataCache/Buckets/LegacyTEXTURE/8a/8f/5bd17da14ae90a92587b54ae15b79d54e445.udd" 4655
"C:/Users/kbc12306156/AppData/Local/UnrealEngine/Common/DerivedDataCache/Buckets/BulkDataList/89/f6/ec3eea59b7daa0e4e2ce725bc57b3d839c06.udd" 4656
"C:/Users/kbc12306156/AppData/Local/UnrealEngine/Common/DerivedDataCache/Buckets/LegacyTEXTURE/4a/9c/1949431ab012d39c980f7e6d79fdbf136ef0.udd" 4657
"C:/PG/GFFproject/Content/Arena/Textures/T_Ground02_ORM.uasset" 4658
"C:/Users/kbc12306156/AppData/Local/UnrealEngine/Common/DerivedDataCache/Buckets/LegacyTEXTURE/19/22/91ce0e21ff4291be999082602552c553abf3.udd" 4659
"C:/Users/kbc12306156/AppData/Local/UnrealEngine/Common/DerivedDataCache/Buckets/LegacyTEXTURE/6d/d4/b4217ad9c63e4d93da86bfd6a1dd2c3a310f.udd" 4660
"C:/Users/kbc12306156/AppData/Local/UnrealEngine/Common/DerivedDataCache/Buckets/LegacyTEXTURE/a5/5f/3cf0de394530fad8830b29e1da73f7770e83.udd" 4661
"C:/Users/kbc12306156/AppData/Local/UnrealEngine/Common/DerivedDataCache/Buckets/LegacyTEXTURE/df/72/05563dee0ee3530f2675029461ac4aab5c74.udd" 4662
"C:/Users/kbc12306156/AppData/Local/UnrealEngine/Common/DerivedDataCache/Buckets/LegacyTEXTURE/9a/f5/dd4457a57f4e9795c9e6bdb99cb049a2017c.udd" 4663
"C:/Users/kbc12306156/AppData/Local/UnrealEngine/Common/DerivedDataCache/Buckets/LegacyTEXTURE/19/5d/aed104092f3f19ff30e8c45f10878655badb.udd" 4664
"C:/Users/kbc12306156/AppData/Local/UnrealEngine/Common/DerivedDataCache/Buckets/LegacyTEXTURE/5a/ac/553d3330366ad580c053aa9c4ec8c89d4d76.udd" 4665
"C:/Users/kbc12306156/AppData/Local/UnrealEngine/Common/DerivedDataCache/Content/4b/1d/9ece4efb01b8d8d77cc0154d28cd27eafc0d.udd" 4666
"C:/Users/kbc12306156/AppData/Local/UnrealEngine/Common/DerivedDataCache/Buckets/LegacyTEXTURE/9b/d5/118dbe4f90c452da11a04ca832dfc8f25480.udd" 4667
"C:/Users/kbc12306156/AppData/Local/UnrealEngine/Common/DerivedDataCache/Buckets/LegacyTEXTURE/f4/10/1c9e9489a9345f33df18e4eaf6e6c00fa2b8.udd" 4668
"C:/PG/GFFproject/Content/Arena/Textures/T_Wood01_BC.uasset" 4669
"C:/Users/kbc12306156/AppData/Local/UnrealEngine/Common/DerivedDataCache/Buckets/LegacyTEXTURE/7c/f6/10cb174f0d278d122b6bc9ced416ab5fda1e.udd" 4670
"C:/Users/kbc12306156/AppData/Local/UnrealEngine/Common/DerivedDataCache/Buckets/LegacyTEXTURE/94/5a/e8e0eb645c47734337b0358b57605090e1fc.udd" 4671
"C:/PG/GFFproject/Content/Arena/Textures/T_Wood01_MSK.uasset" 4672
"C:/PG/GFFproject/Content/Arena/Textures/T_Wood01_N.uasset" 4673
"C:/Users/kbc12306156/AppData/Local/UnrealEngine/Common/DerivedDataCache/Buckets/BulkDataList/ad/37/196775fd4466548f954af450bd7e07ec57c1.udd" 4674
"C:/PG/GFFproject/Content/Arena/Textures/T_Wood01_ORM.uasset" 4675
"C:/Users/kbc12306156/AppData/Local/UnrealEngine/Common/DerivedDataCache/Buckets/BulkDataList/61/de/9b5ab80ed19b9e4692adb170aca13932aeec.udd" 4676
"C:/PG/GFFproject/Content/Arena/Textures/T_Concrete02_BC.uasset" 4677
"C:/Users/kbc12306156/AppData/Local/UnrealEngine/Common/DerivedDataCache/Buckets/LegacyTEXTURE/90/c4/763d294e83517a91a302d016f2fe5c4b17d6.udd" 4678
"C:/Users/kbc12306156/AppData/Local/UnrealEngine/Common/DerivedDataCache/Buckets/BulkDataList/b7/d9/51a5ce2fc56b9a9c6d58990c208711de0aa6.udd" 4679
"C:/Users/kbc12306156/AppData/Local/UnrealEngine/Common/DerivedDataCache/Buckets/LegacyTEXTURE/05/45/4180b8b5ef06f79b7651e196096200a975e2.udd" 4680
"C:/PG/GFFproject/Content/Arena/Textures/T_Concrete02_N.uasset" 4681
"C:/Users/kbc12306156/AppData/Local/UnrealEngine/Common/DerivedDataCache/Content/da/d1/54c40c11d2fc016a62a39b2eec0909565f8e.udd" 4682
"C:/Users/kbc12306156/AppData/Local/UnrealEngine/Common/DerivedDataCache/Buckets/LegacyTEXTURE/c2/f3/26a1c9d2ee2f8d63e006ee44259ddc824b61.udd" 4683
"C:/Users/kbc12306156/AppData/Local/UnrealEngine/Common/DerivedDataCache/Buckets/BulkDataList/1e/2c/b9d413e4cfa814dc92fc643fb5a899ece8de.udd" 4684
"C:/PG/GFFproject/Content/Arena/Textures/T_Concrete02_ORM.uasset" 4685
"C:/Users/kbc12306156/AppData/Local/UnrealEngine/Common/DerivedDataCache/Buckets/LegacyTEXTURE/c9/1a/7e904946ca7072645fc3b58b7fc4bce1800c.udd" 4686
"C:/Users/kbc12306156/AppData/Local/UnrealEngine/Common/DerivedDataCache/Buckets/LegacyTEXTURE/ff/88/330c02940a5fb95282893bcb8b7322aa607a.udd" 4687
"C:/Users/kbc12306156/AppData/Local/UnrealEngine/Common/DerivedDataCache/Buckets/BulkDataList/b6/bf/65006d1d76f817b384fa1ab0f84fd180a8f1.udd" 4688
"C:/PG/GFFproject/Content/Arena/Textures/T_Doors01_BC.uasset" 4689
"C:/Users/kbc12306156/AppData/Local/UnrealEngine/Common/DerivedDataCache/Buckets/BulkDataList/d7/00/6df219c8875434b02c1a7879ff317e994773.udd" 4690
"C:/PG/GFFproject/Content/Arena/Textures/T_Doors01_N.uasset" 4691
"C:/Users/kbc12306156/AppData/Local/UnrealEngine/Common/DerivedDataCache/Buckets/BulkDataList/b9/b0/5c1b14f15bc2c0e5900ca07728b3fe69c9a3.udd" 4692
"C:/PG/GFFproject/Content/Arena/Textures/T_Doors01_ORM.uasset" 4693
"C:/Users/kbc12306156/AppData/Local/UnrealEngine/Common/DerivedDataCache/Buckets/BulkDataList/93/4a/73baecac3b6b8410542222ceabc6a2926244.udd" 4694
"C:/Users/kbc12306156/AppData/Local/UnrealEngine/Common/DerivedDataCache/Buckets/LegacyTEXTURE/0d/86/c1e52cfcc093a2ef83482b2e71a54f4c39f9.udd" 4695
"C:/PG/GFFproject/Content/Arena/Textures/T_DoorsFrame01_BC.uasset" 4696
"C:/Users/kbc12306156/AppData/Local/UnrealEngine/Common/DerivedDataCache/Buckets/LegacyTEXTURE/a3/a2/617b82f986397e48051a2fd24960dc5a3155.udd" 4697
"C:/Users/kbc12306156/AppData/Local/UnrealEngine/Common/DerivedDataCache/Buckets/BulkDataList/c8/4b/411f3e0f868e7b5ffa0015386848580faf75.udd" 4698
"C:/Users/kbc12306156/AppData/Local/UnrealEngine/Common/DerivedDataCache/Buckets/LegacyTEXTURE/f1/e6/9e83b3e97d88fc5b2cc27f8b0b866a5c63fb.udd" 4699
"C:/Users/kbc12306156/AppData/Local/UnrealEngine/Common/DerivedDataCache/Buckets/LegacyTEXTURE/0c/a9/b32e0666470d398a61cb7db3dd7c1a6c9b89.udd" 4700
"C:/Users/kbc12306156/AppData/Local/UnrealEngine/Common/DerivedDataCache/Buckets/LegacyTEXTURE/b1/ac/d001e2af6ffb9071526e572fe5b862832771.udd" 4701
"C:/Users/kbc12306156/AppData/Local/UnrealEngine/Common/DerivedDataCache/Buckets/LegacyTEXTURE/89/c1/0b121108a2001c4f9c2355cdcefec8be5355.udd" 4702
"C:/Users/kbc12306156/AppData/Local/UnrealEngine/Common/DerivedDataCache/Buckets/LegacyTEXTURE/55/1f/d46d5a7925120168e3f8981de905dcd9e921.udd" 4703
"C:/Users/kbc12306156/AppData/Local/UnrealEngine/Common/DerivedDataCache/Buckets/LegacyTEXTURE/73/66/71a5ea1553d9e7a46c5ad85dc87d186ae1c7.udd" 4704
"C:/Users/kbc12306156/AppData/Local/UnrealEngine/Common/DerivedDataCache/Content/9f/c6/24d18cf528ed29505ef120c37d22937d910c.udd" 4705
"C:/Users/kbc12306156/AppData/Local/UnrealEngine/Common/DerivedDataCache/Content/9c/b9/c15212399dd5b59cd247f23a7d127ef02165.udd" 4706
"C:/Users/kbc12306156/AppData/Local/UnrealEngine/Common/DerivedDataCache/Buckets/LegacyTEXTURE/2e/5a/e0ae4e7e178c9ebb7dc4c520b2640354a17d.udd" 4707
"C:/Users/kbc12306156/AppData/Local/UnrealEngine/Common/DerivedDataCache/Content/1d/17/7ca0de5208c59b841518dbc8138f71de1d5b.udd" 4708
"C:/Users/kbc12306156/AppData/Local/UnrealEngine/Common/DerivedDataCache/Buckets/LegacyTEXTURE/2a/5e/d20e2bf0bca3575ab2c84470b5cb2e1bba9e.udd" 4709
"C:/Users/kbc12306156/AppData/Local/UnrealEngine/Common/DerivedDataCache/Buckets/LegacyTEXTURE/8b/6e/24b1c4112be944f8280ae0147762c1ac0a7c.udd" 4710
"C:/Users/kbc12306156/AppData/Local/UnrealEngine/Common/DerivedDataCache/Buckets/LegacyTEXTURE/4c/62/51b268fa1f688d8fbe4815b0f3987eb39433.udd" 4711
"C:/Users/kbc12306156/AppData/Local/UnrealEngine/Common/DerivedDataCache/Buckets/LegacyTEXTURE/60/77/171aa51eff422bed78599fb23bde197d0927.udd" 4712
"C:/Users/kbc12306156/AppData/Local/UnrealEngine/Common/DerivedDataCache/Buckets/LegacyTEXTURE/91/eb/d2d2422a41b452ce70618547bda4f31185f3.udd" 4713
"C:/Users/kbc12306156/AppData/Local/UnrealEngine/Common/DerivedDataCache/Content/97/ad/3da6e8f6054270cc6cca6cf238571b1d9317.udd" 4714
"C:/Users/kbc12306156/AppData/Local/UnrealEngine/Common/DerivedDataCache/Buckets/LegacyTEXTURE/ba/44/54483c1ec7d18b58c3b72bf82070e8456c1f.udd" 4715
"C:/Users/kbc12306156/AppData/Local/UnrealEngine/Common/DerivedDataCache/Buckets/LegacyTEXTURE/4a/68/7f88e87a5e5edf48f7568585955b12d7514b.udd" 4716
"C:/Users/kbc12306156/AppData/Local/UnrealEngine/Common/DerivedDataCache/Buckets/LegacyTEXTURE/73/94/a52f3f921a87f30362e7d12ae2444c823f12.udd" 4717
"C:/Users/kbc12306156/AppData/Local/UnrealEngine/Common/DerivedDataCache/Buckets/LegacyTEXTURE/aa/4e/4dfa00ca80b4923de7724e5f97b71fcc7377.udd" 4718
"C:/Users/kbc12306156/AppData/Local/UnrealEngine/Common/DerivedDataCache/Buckets/LegacyTEXTURE/e9/25/1bd99692cf1dc1bf6c8bfe4541d3fc665917.udd" 4719
"C:/Users/kbc12306156/AppData/Local/UnrealEngine/Common/DerivedDataCache/Content/2c/fd/8e3dd0870ad5ced3977d64cc63bebf002534.udd" 4720
"C:/Users/kbc12306156/AppData/Local/UnrealEngine/Common/DerivedDataCache/Buckets/LegacyTEXTURE/6d/be/cb85d118442d39b7ac975f221752e3632c93.udd" 4721
"C:/Users/kbc12306156/AppData/Local/UnrealEngine/Common/DerivedDataCache/Buckets/LegacyTEXTURE/3e/fc/434c49b6ac05c497247c73e616ad11df9556.udd" 4722
"C:/Users/kbc12306156/AppData/Local/UnrealEngine/Common/DerivedDataCache/Buckets/LegacyTEXTURE/21/bf/a88c972f8da4afc4eab934272331266b5d3b.udd" 4723
"C:/Users/kbc12306156/AppData/Local/UnrealEngine/Common/DerivedDataCache/Buckets/LegacyTEXTURE/be/c9/bfff27881777d85e2d378ba18dff4f66c97c.udd" 4724
"C:/Users/kbc12306156/AppData/Local/UnrealEngine/Common/DerivedDataCache/Buckets/LegacyAudio/1c/22/a652a525460946d3621bab587364bfe9ce39.udd" 4725
"C:/Users/kbc12306156/AppData/Local/UnrealEngine/Common/DerivedDataCache/Buckets/LegacyAudio/c7/2e/0f725618992e63bd4fabe4bd2ff159565e6c.udd" 4726
"C:/Users/kbc12306156/AppData/Local/UnrealEngine/Common/DerivedDataCache/Buckets/LegacySTREAMEDAUDIO/65/3d/32ccc36d77be040dde5a7a94ec9429f39265.udd" 4727
"C:/Users/kbc12306156/AppData/Local/UnrealEngine/Common/DerivedDataCache/Buckets/LegacySTREAMEDAUDIO/8c/1b/f0b8f81298f2cd74297ba483b2e7d6e42bdd.udd" 4728
"C:/Users/kbc12306156/AppData/Local/UnrealEngine/Common/DerivedDataCache/Buckets/LegacySTREAMEDAUDIO/d4/ba/f7413bd590a63e14af2adc3feed5386ba97b.udd" 4729
"C:/Users/kbc12306156/AppData/Local/UnrealEngine/Common/DerivedDataCache/Buckets/LegacySTREAMEDAUDIO/1c/b2/b2421f989c2cdf4d235058e3f409b31139c3.udd" 4730
"C:/Users/kbc12306156/AppData/Local/UnrealEngine/Common/DerivedDataCache/Buckets/LegacyTEXTURE/58/5b/0b3a3f8537f5c18e9b4f596812d868b1e79a.udd" 4731
"C:/Users/kbc12306156/AppData/Local/UnrealEngine/Common/DerivedDataCache/Buckets/LegacyTEXTURE/6d/e4/6145298cb96c27ad02884b03126ceecdb7e5.udd" 4732
"C:/Users/kbc12306156/AppData/Local/UnrealEngine/Common/DerivedDataCache/Buckets/LegacyTEXTURE/f9/fd/e8624e05f67b37f43f960ad85bf564260444.udd" 4733
"C:/Users/kbc12306156/AppData/Local/UnrealEngine/Common/DerivedDataCache/Buckets/LegacyTEXTURE/2e/8f/85b7d71715b42ad63fa67a4bec4a6409413b.udd" 4734
"C:/Users/kbc12306156/AppData/Local/UnrealEngine/Common/DerivedDataCache/Buckets/LegacyTEXTURE/30/ef/b09ec5db194f3354923fb79a7e71ec574651.udd" 4735
"C:/Users/kbc12306156/AppData/Local/UnrealEngine/Common/DerivedDataCache/Buckets/LegacyTEXTURE/08/e5/54387c015e9aaa4833cbdb5b1ada4be79756.udd" 4736
"C:/Users/kbc12306156/AppData/Local/UnrealEngine/Common/DerivedDataCache/Buckets/LegacySTREAMEDAUDIO/39/ec/3f94075a73760f08e927cf0c6880d6cf7613.udd" 4737
"C:/Users/kbc12306156/AppData/Local/UnrealEngine/Common/DerivedDataCache/Buckets/LegacySTREAMEDAUDIO/46/d2/211a598d6b4202e2cbc38e414e6b7ab8c09b.udd" 4738
"C:/Users/kbc12306156/AppData/Local/UnrealEngine/Common/DerivedDataCache/Buckets/LegacyTEXTURE/fa/32/478b89fb0e565e3a7e79981870e10cf59ac4.udd" 4739
"C:/Users/kbc12306156/AppData/Local/UnrealEngine/Common/DerivedDataCache/Buckets/LegacyTEXTURE/41/40/4a04efb0d13bf428f6331bc93a507f97e3d9.udd" 4740
"C:/Users/kbc12306156/AppData/Local/UnrealEngine/Common/DerivedDataCache/Buckets/LegacyTEXTURE/ba/fa/ccbbcefac967698939972aed6f8fe526d0cb.udd" 4741
"C:/Users/kbc12306156/AppData/Local/UnrealEngine/Common/DerivedDataCache/Buckets/LegacyTEXTURE/77/99/903e6965d8063593a5d8541dd0dce3163f90.udd" 4742
"C:/Users/kbc12306156/AppData/Local/UnrealEngine/Common/DerivedDataCache/Content/02/ee/a0de275d30834360979e22cdd12a91efc39d.udd" 4743
"C:/Users/kbc12306156/AppData/Local/UnrealEngine/Common/DerivedDataCache/Buckets/LegacyTEXTURE/8e/09/a4bf607d351283b42c91cf4ab0640b868bfd.udd" 4744
"C:/Users/kbc12306156/AppData/Local/UnrealEngine/Common/DerivedDataCache/Buckets/LegacyTEXTURE/fb/12/4de2baa5083ffb3d9811a8996c54844d62d6.udd" 4745
"C:/Users/kbc12306156/AppData/Local/UnrealEngine/Common/DerivedDataCache/Content/f6/d2/fda5dc35b1147255ea90f5b83106aa355b8d.udd" 4746
"C:/Users/kbc12306156/AppData/Local/UnrealEngine/Common/DerivedDataCache/Buckets/LegacyTEXTURE/69/f4/43805c2f1c139e714ab8427ff4e5e6bb6437.udd" 4747
"C:/Users/kbc12306156/AppData/Local/UnrealEngine/Common/DerivedDataCache/Buckets/LegacyTEXTURE/bb/10/bfd5e33a58bb4774ccc67f8aa8464d39ea61.udd" 4748
"C:/Users/kbc12306156/AppData/Local/UnrealEngine/Common/DerivedDataCache/Content/f5/0d/385e7e166e8597589172f23043be55307af0.udd" 4749
"C:/Users/kbc12306156/AppData/Local/UnrealEngine/Common/DerivedDataCache/Buckets/LegacyTEXTURE/19/97/b149e6a11348cca4fc2a2ddb84e4a39553bf.udd" 4750
"C:/Users/kbc12306156/AppData/Local/UnrealEngine/Common/DerivedDataCache/Buckets/LegacyTEXTURE/91/20/4668d1265e84c9134540fd871e66ace2db78.udd" 4751
"C:/Users/kbc12306156/AppData/Local/UnrealEngine/Common/DerivedDataCache/Buckets/LegacyTEXTURE/79/b8/89aaa7a77269ec9c90afed6b1b57923c2960.udd" 4752
"C:/Users/kbc12306156/AppData/Local/UnrealEngine/Common/DerivedDataCache/Buckets/LegacyTEXTURE/80/95/e8e172c2fb6d752fadbc8833dc967c5e66ea.udd" 4753
"C:/Users/kbc12306156/AppData/Local/UnrealEngine/Common/DerivedDataCache/Buckets/LegacyTEXTURE/28/73/29359ca8f2040f5b9f92cf76bea9c57a51bb.udd" 4754
"C:/Users/kbc12306156/AppData/Local/UnrealEngine/Common/DerivedDataCache/Buckets/LegacyTEXTURE/e7/44/c15da4a20998625d7338c51f6e84f63cf8c2.udd" 4755
"C:/Users/kbc12306156/AppData/Local/UnrealEngine/Common/DerivedDataCache/Buckets/LegacyTEXTURE/3b/6a/8685fc2c2d39e87c5c87b84d5df92e883cd5.udd" 4756
"C:/Users/kbc12306156/AppData/Local/UnrealEngine/Common/DerivedDataCache/Buckets/LegacyTEXTURE/9d/49/1d08b96bb59c7bc638dffaf9aa9cad7dd798.udd" 4757
"C:/Users/kbc12306156/AppData/Local/UnrealEngine/Common/DerivedDataCache/Buckets/LegacyTEXTURE/2d/35/fcfcaf902e25909c075ccd7ba90642d99517.udd" 4758
"C:/Users/kbc12306156/AppData/Local/UnrealEngine/Common/DerivedDataCache/Buckets/LegacyTEXTURE/dd/ff/8360cf9e3b492aaca9f8b71e0ea1cc7b1d89.udd" 4759
"C:/Users/kbc12306156/AppData/Local/UnrealEngine/Common/DerivedDataCache/Buckets/LegacyTEXTURE/3f/01/aad54d7c3746f9946a79b537fe9f0182fbf1.udd" 4760
"C:/Users/kbc12306156/AppData/Local/UnrealEngine/Common/DerivedDataCache/Buckets/LegacyTEXTURE/dc/90/0677bb6077a7bedc7ddda6baeec8ccf0897d.udd" 4761
"C:/Users/kbc12306156/AppData/Local/UnrealEngine/Common/DerivedDataCache/Buckets/LegacyTEXTURE/5f/db/8b592a78182b893707031b5fc348b996bc51.udd" 4762
"C:/Users/kbc12306156/AppData/Local/UnrealEngine/Common/DerivedDataCache/Buckets/LegacyTEXTURE/f8/76/231801c3844d6a474fb3400d63312c783c6d.udd" 4763
"C:/Users/kbc12306156/AppData/Local/UnrealEngine/Common/DerivedDataCache/Buckets/LegacyTEXTURE/c2/b1/1d65263ebe194771d8c7847627ced549d0a1.udd" 4764
"C:/Users/kbc12306156/AppData/Local/UnrealEngine/Common/DerivedDataCache/Buckets/LegacyTEXTURE/6c/b4/7aae592a41b15b66e05c7e36df461de1f6c8.udd" 4765
"C:/Users/kbc12306156/AppData/Local/UnrealEngine/Common/DerivedDataCache/Content/a8/49/526b61c987fbb1e8ee40350e0d17639607b9.udd" 4766
"C:/Users/kbc12306156/AppData/Local/UnrealEngine/Common/DerivedDataCache/Buckets/LegacyTEXTURE/13/5b/0f77dca16f7c6cf2068dc371c336e056d82b.udd" 4767
"C:/Users/kbc12306156/AppData/Local/UnrealEngine/Common/DerivedDataCache/Buckets/LegacyTEXTURE/a9/45/f724812a16a701595402f282d92d78d46fc0.udd" 4768
"C:/Users/kbc12306156/AppData/Local/UnrealEngine/Common/DerivedDataCache/Buckets/LegacyTEXTURE/2a/bb/e5100c95512b9c278060ed0a22e1f191b56e.udd" 4769
"C:/Users/kbc12306156/AppData/Local/UnrealEngine/Common/DerivedDataCache/Buckets/LegacyTEXTURE/11/94/e3c1f826a580722e69bc1fb702986b36bdd1.udd" 4770
"C:/PG/GFFproject/Content/Arena/Textures/T_DoorsFrame01_N.uasset" 4771
"C:/Users/kbc12306156/AppData/Local/UnrealEngine/Common/DerivedDataCache/Buckets/BulkDataList/3f/86/92b8e33d5c21ed746e12370e01a317471cae.udd" 4772
"C:/PG/GFFproject/Content/Arena/Textures/T_DoorsFrame01_ORM.uasset" 4773
"C:/Users/kbc12306156/AppData/Local/UnrealEngine/Common/DerivedDataCache/Buckets/BulkDataList/67/47/69d098f780093cf50763d9a6d450af66c523.udd" 4774
"C:/PG/GFFproject/Content/Arena/Textures/T_Lighthouse02_BC.uasset" 4775
"C:/Users/kbc12306156/AppData/Local/UnrealEngine/Common/DerivedDataCache/Buckets/BulkDataList/66/be/16b281f31c12892834ed8233b4b83c4b742e.udd" 4776
"C:/PG/GFFproject/Content/Arena/Textures/T_Lighthouse02_N.uasset" 4777
"C:/Users/kbc12306156/AppData/Local/UnrealEngine/Common/DerivedDataCache/Buckets/BulkDataList/30/5f/916878732b8977718a5d4897a4269bcabd88.udd" 4778
"C:/PG/GFFproject/Content/Arena/Textures/T_Lighthouse02_ORM.uasset" 4779
"C:/Users/kbc12306156/AppData/Local/UnrealEngine/Common/DerivedDataCache/Buckets/BulkDataList/92/3f/611a60b5b1e74e7792945179dd26c65e7bfd.udd" 4780
"C:/PG/GFFproject/Content/Arena/Textures/T_LargeBlocks_BC.uasset" 4781
"C:/Users/kbc12306156/AppData/Local/UnrealEngine/Common/DerivedDataCache/Buckets/BulkDataList/19/a0/d2d30a34739023f44e4a9578c50120c196fc.udd" 4782
"C:/PG/GFFproject/Content/Arena/Textures/T_LargeBlocks_N.uasset" 4783
"C:/Users/kbc12306156/AppData/Local/UnrealEngine/Common/DerivedDataCache/Buckets/BulkDataList/12/2f/8d134d6e7d833bc1f4721c8c6e913478adf9.udd" 4784
"C:/PG/GFFproject/Content/Arena/Textures/T_LargeBlocks_ORM.uasset" 4785
"C:/Users/kbc12306156/AppData/Local/UnrealEngine/Common/DerivedDataCache/Buckets/BulkDataList/79/4a/7702a5a3583410899d87112bbafddf09daf2.udd" 4786
"C:/PG/GFFproject/Content/Arena/Textures/T_Treasures01_BC.uasset" 4787
"C:/Users/kbc12306156/AppData/Local/UnrealEngine/Common/DerivedDataCache/Buckets/BulkDataList/9c/12/2fb9aae50d6847e19ac986c9c3ffc1b3b759.udd" 4788
"C:/PG/GFFproject/Content/Arena/Textures/T_Treasures01_N.uasset" 4789
"C:/Users/kbc12306156/AppData/Local/UnrealEngine/Common/DerivedDataCache/Buckets/BulkDataList/68/df/be210f45010fba9b0c20d21f0f1e5ae7c83e.udd" 4790
"C:/PG/GFFproject/Content/Arena/Textures/T_Treasures01_ORM.uasset" 4791
"C:/Users/kbc12306156/AppData/Local/UnrealEngine/Common/DerivedDataCache/Buckets/BulkDataList/96/8c/b651510cedcba52ce76e87c187f0e07061bb.udd" 4792
"C:/PG/GFFproject/Content/Arena/Textures/T_Concrete01_BC.uasset" 4793
"C:/Users/kbc12306156/AppData/Local/UnrealEngine/Common/DerivedDataCache/Buckets/BulkDataList/09/55/1b8ada09bd2417f44078af674438fcc9264f.udd" 4794
"C:/PG/GFFproject/Content/Arena/Textures/T_Concrete01_N.uasset" 4795
"C:/Users/kbc12306156/AppData/Local/UnrealEngine/Common/DerivedDataCache/Buckets/BulkDataList/19/b3/920f157a2d2a8a1cca183da14889307ce8ad.udd" 4796
"C:/PG/GFFproject/Content/Arena/Textures/T_Concrete01_ORM.uasset" 4797
"C:/Users/kbc12306156/AppData/Local/UnrealEngine/Common/DerivedDataCache/Buckets/BulkDataList/e8/88/317a2f1f6e8e9397fc49d11e7deb5043b0ab.udd" 4798
"C:/PG/GFFproject/Content/Arena/Textures/T_WoodPlates01_BC.uasset" 4799
"C:/Users/kbc12306156/AppData/Local/UnrealEngine/Common/DerivedDataCache/Buckets/BulkDataList/36/9a/3cfc3dd1d862bbc0158947e6eb22209d2cda.udd" 4800
"C:/PG/GFFproject/Content/Arena/Textures/T_WoodPlates01_N.uasset" 4801
"C:/Users/kbc12306156/AppData/Local/UnrealEngine/Common/DerivedDataCache/Buckets/BulkDataList/c4/ef/5ad775545759d104284476d73ac93afac4c7.udd" 4802
"C:/Users/kbc12306156/AppData/Local/UnrealEngine/Common/DerivedDataCache/Buckets/LegacyTEXTURE/71/02/0539ba9f5f1992ec20355aebce0dd545fec9.udd" 4803
"C:/Users/kbc12306156/AppData/Local/UnrealEngine/Common/DerivedDataCache/Buckets/LegacyTEXTURE/4d/76/9ffcf2a2a8029efe458828173c86601cbd1e.udd" 4804
"C:/Users/kbc12306156/AppData/Local/UnrealEngine/Common/DerivedDataCache/Buckets/LegacyTEXTURE/4b/cf/bcb62e3fe90b852715dd41ddf255da277e3e.udd" 4805
"C:/Users/kbc12306156/AppData/Local/UnrealEngine/Common/DerivedDataCache/Buckets/LegacyTEXTURE/2b/e9/5c93d3cc8ad245d885e2a86ce9cd55beedbf.udd" 4806
"C:/Users/kbc12306156/AppData/Local/UnrealEngine/Common/DerivedDataCache/Content/b0/fc/844de13c793b4639094d97b0750ce860670e.udd" 4807
"C:/Users/kbc12306156/AppData/Local/UnrealEngine/Common/DerivedDataCache/Buckets/LegacyTEXTURE/ef/1f/6c435182999647cb01ff47cf46010e06b3d5.udd" 4808
"C:/Users/kbc12306156/AppData/Local/UnrealEngine/Common/DerivedDataCache/Buckets/LegacyTEXTURE/2c/5d/8cb432089181db11e3de3ac8fc419ee9b997.udd" 4809
"C:/Users/kbc12306156/AppData/Local/UnrealEngine/Common/DerivedDataCache/Buckets/LegacyTEXTURE/90/ca/e78bd5f9a8d67b2b1168007224ad72bdf986.udd" 4810
"C:/Users/kbc12306156/AppData/Local/UnrealEngine/Common/DerivedDataCache/Buckets/LegacyTEXTURE/d6/11/52e99832a0117103a6acca3cbf331c0e188a.udd" 4811
"C:/Users/kbc12306156/AppData/Local/UnrealEngine/Common/DerivedDataCache/Buckets/LegacyTEXTURE/b0/6a/f12dc832292b05b451a27a30e58b5861af1d.udd" 4812
"C:/Users/kbc12306156/AppData/Local/UnrealEngine/Common/DerivedDataCache/Buckets/LegacyTEXTURE/30/9e/ce2affe0ac5a8a7595c4d3eaa6991ce7ba5e.udd" 4813
"C:/Users/kbc12306156/AppData/Local/UnrealEngine/Common/DerivedDataCache/Buckets/LegacyTEXTURE/8e/40/102851d893e3b4ab011cb9ff092de13186e1.udd" 4814
"C:/PG/GFFproject/Content/Arena/Textures/T_WoodPlates01_ORM.uasset" 4815
"C:/Users/kbc12306156/AppData/Local/UnrealEngine/Common/DerivedDataCache/Buckets/LegacyTEXTURE/35/cc/7028cb658609070b5ba0645aa6c2922b74d7.udd" 4816
"C:/Users/kbc12306156/AppData/Local/UnrealEngine/Common/DerivedDataCache/Content/d3/91/02c61d8a6365927f5bf7a7fa525a9c131693.udd" 4817
"C:/Users/kbc12306156/AppData/Local/UnrealEngine/Common/DerivedDataCache/Content/b6/10/d5b85b6cced29259c2ad72961e9c4f0f5f0b.udd" 4818
"C:/Users/kbc12306156/AppData/Local/UnrealEngine/Common/DerivedDataCache/Content/10/49/eb15ccbd6769f939214a3746feb98504e0dd.udd" 4819
"C:/Users/kbc12306156/AppData/Local/UnrealEngine/Common/DerivedDataCache/Buckets/LegacyTEXTURE/ab/f2/a8ec51e9fb0fcdfe51aa499c60e91f86f0d5.udd" 4820
"C:/Users/kbc12306156/AppData/Local/UnrealEngine/Common/DerivedDataCache/Content/a8/d7/bdde9c10c568356fdb4767d90f21697168c8.udd" 4821
"C:/Users/kbc12306156/AppData/Local/UnrealEngine/Common/DerivedDataCache/Buckets/BulkDataList/c1/e5/de5e962111f28fe607ae9d340b6fecd25005.udd" 4822
"C:/PG/GFFproject/Content/MegaMagicVFXBundle/VFX/MagicalExplosionsVFX/Essentials/Textures/T_Noise.uasset" 4823
"C:/Users/kbc12306156/AppData/Local/UnrealEngine/Common/DerivedDataCache/Buckets/LegacyTEXTURE/15/08/09fce8e23bfae46869d616a777b588257a4e.udd" 4824
"C:/Users/kbc12306156/AppData/Local/UnrealEngine/Common/DerivedDataCache/Buckets/LegacyTEXTURE/98/c5/2fd618ee0eac34641e3ee3a44b159076499b.udd" 4825
"C:/Users/kbc12306156/AppData/Local/UnrealEngine/Common/DerivedDataCache/Buckets/BulkDataList/fb/53/b56f95a7220b4589cead019e5c493a3f70f8.udd" 4826
"C:/Users/kbc12306156/AppData/Local/UnrealEngine/Common/DerivedDataCache/Content/45/2a/6fa4c6a7cea489b8831ff7cc0df7e8e4fa84.udd" 4827
"C:/PG/GFFproject/Content/MegaMagicVFXBundle/VFX/MagicalExplosionsVFX/Essentials/Materials/M_MasterSpriteMat.uasset" 4828
"C:/Users/kbc12306156/AppData/Local/UnrealEngine/Common/DerivedDataCache/Buckets/LegacyTEXTURE/0f/01/1ac4b54f42507a4dac89aaca2869857e5c0b.udd" 4829
"C:/Users/kbc12306156/AppData/Local/UnrealEngine/Common/DerivedDataCache/Buckets/BulkDataList/06/4d/285def992ddf1a8cdb9a5f254ca0caef3890.udd" 4830
"C:/PG/GFFproject/Content/MegaMagicVFXBundle/VFX/MagicAuraVFX/Essentials/Textures/T_Greyscale.uasset" 4831
"C:/Users/kbc12306156/AppData/Local/UnrealEngine/Common/DerivedDataCache/Buckets/BulkDataList/3c/9d/20bedd29a010a6b38d7d82fba4841c6e28d1.udd" 4832
"C:/Users/kbc12306156/AppData/Local/UnrealEngine/Common/DerivedDataCache/Buckets/LegacyTEXTURE/78/aa/1ed5ea58c198bc21ad41201f1200e6e80403.udd" 4833
"C:/PG/GFFproject/Content/Realistic_Starter_VFX_Pack_Vol2/Textures/T_Spark_B.uasset" 4834
"C:/Users/kbc12306156/AppData/Local/UnrealEngine/Common/DerivedDataCache/Buckets/LegacyTEXTURE/3c/fa/d5d2aa9c5cf84fb99c69ddd7a75caf265bde.udd" 4835
"C:/Users/kbc12306156/AppData/Local/UnrealEngine/Common/DerivedDataCache/Buckets/BulkDataList/a3/5c/05c07aae67e9d59f16cd9e308775d70aa52d.udd" 4836
"C:/PG/GFFproject/Content/Realistic_Starter_VFX_Pack_Vol2/Textures/T_Flare_A.uasset" 4837
"C:/Users/kbc12306156/AppData/Local/UnrealEngine/Common/DerivedDataCache/Buckets/BulkDataList/66/2d/fa757130d1bf6c7f2c77c59c7c08b43c9ee1.udd" 4838
"C:/PG/GFFproject/Content/Realistic_Starter_VFX_Pack_Vol2/Textures/T_Rocks.uasset" 4839
"C:/Users/kbc12306156/AppData/Local/UnrealEngine/Common/DerivedDataCache/Buckets/BulkDataList/0e/e3/0c96db3eef6ac90ef36e03e173913f5b55ea.udd" 4840
"C:/PG/GFFproject/Content/Realistic_Starter_VFX_Pack_Vol2/Textures/T_Rocks_NM.uasset" 4841
"C:/Users/kbc12306156/AppData/Local/UnrealEngine/Common/DerivedDataCache/Buckets/BulkDataList/67/57/8831b8ba364cc05627472c63d427238f1b08.udd" 4842
"C:/PG/GFFproject/Content/Realistic_Starter_VFX_Pack_Vol2/Textures/T_Smoke_Wisp.uasset" 4843
"C:/Users/kbc12306156/AppData/Local/UnrealEngine/Common/DerivedDataCache/Buckets/BulkDataList/b5/f8/34a6ed324e84285c09921b799744555c4316.udd" 4844
"C:/PG/GFFproject/Content/StarterContent/Textures/T_Burst_M.uasset" 4845
"C:/Users/kbc12306156/AppData/Local/UnrealEngine/Common/DerivedDataCache/Buckets/BulkDataList/eb/a6/9955a2b2c0dfe0025468e9ea96eb21032bd4.udd" 4846
"C:/PG/GFFproject/Content/StarterContent/Textures/T_Explosion_SubUV.uasset" 4847
"C:/Users/kbc12306156/AppData/Local/UnrealEngine/Common/DerivedDataCache/Buckets/BulkDataList/72/b3/06f865c290e0beb6ebe245ff8f408a3b1bae.udd" 4848
"../../../Engine/Content/Functions/Engine_MaterialFunctions01/Gradient/RadialGradient.uasset" 4849
"C:/Users/kbc12306156/AppData/Local/UnrealEngine/Common/DerivedDataCache/Buckets/LegacyTEXTURE/37/e3/5fc1f5b6e3e1bd8e9349415840a9abb2cdee.udd" 4850
"C:/Users/kbc12306156/AppData/Local/UnrealEngine/Common/DerivedDataCache/Buckets/BulkDataList/58/81/869c2bb2424b7e2700e654ab49bd48a10807.udd" 4851
"C:/PG/GFFproject/Content/StarterContent/Textures/T_Smoke_SubUV.uasset" 4852
"C:/Users/kbc12306156/AppData/Local/UnrealEngine/Common/DerivedDataCache/Buckets/LegacyTEXTURE/98/6d/567ee905067f773c142c90414062e34a30d3.udd" 4853
"C:/Users/kbc12306156/AppData/Local/UnrealEngine/Common/DerivedDataCache/Buckets/BulkDataList/f7/ad/00474e7c5081c50b9d8e6cd402032f7cf673.udd" 4854
"C:/Users/kbc12306156/AppData/Local/UnrealEngine/Common/DerivedDataCache/Buckets/LegacyTEXTURE/4b/08/14efa3037e1520ec7ce4cab5c079d6b9c1be.udd" 4855
"C:/PG/GFFproject/Content/StarterContent/Textures/T_Smoke_Tiled_D.uasset" 4856
"C:/Users/kbc12306156/AppData/Local/UnrealEngine/Common/DerivedDataCache/Buckets/LegacyTEXTURE/ea/45/1ccc10330baf81e68cd9c3ec963471900158.udd" 4857
"C:/Users/kbc12306156/AppData/Local/UnrealEngine/Common/DerivedDataCache/Buckets/BulkDataList/32/22/9c2f98ead0377c45e42dc3338f6526206806.udd" 4858
"C:/Users/kbc12306156/AppData/Local/UnrealEngine/Common/DerivedDataCache/Buckets/LegacyTEXTURE/e9/02/982cec6b1ce9d116dafc12bbf30788f7f5e2.udd" 4859
"C:/Users/kbc12306156/AppData/Local/UnrealEngine/Common/DerivedDataCache/Buckets/LegacyTEXTURE/ba/d0/77d7dc2393ee7db7385655f3125a1b3e2779.udd" 4860
"C:/PG/GFFproject/Content/MegaMagicVFXBundle/VFX/MagicAuraVFX/Essentials/Materials/M_Ribbon.uasset" 4861
"C:/Users/kbc12306156/AppData/Local/UnrealEngine/Common/DerivedDataCache/Buckets/LegacyTEXTURE/4d/cb/17fa41a5e09419551364c9d9399ce089e2fe.udd" 4862
"C:/Users/kbc12306156/AppData/Local/UnrealEngine/Common/DerivedDataCache/Buckets/LegacyTEXTURE/b0/f1/128d2291f25d6c4ad95f3e5d1f28dc264372.udd" 4863
"C:/Users/kbc12306156/AppData/Local/UnrealEngine/Common/DerivedDataCache/Buckets/BulkDataList/4d/ee/6367ce45d3d54c9114bffa81145bed82aa69.udd" 4864
"C:/Users/kbc12306156/AppData/Local/UnrealEngine/Common/DerivedDataCache/Buckets/LegacyTEXTURE/a1/d7/651fd6fe108c096cddf69390a9fad91272c2.udd" 4865
"C:/Users/kbc12306156/AppData/Local/UnrealEngine/Common/DerivedDataCache/Buckets/LegacyTEXTURE/fd/41/714d695e80bd7199982bb00de7943aee21ed.udd" 4866
"C:/PG/GFFproject/Content/EnemyBos/BB_EnemyBos.uasset" 4867
"C:/Users/kbc12306156/AppData/Local/UnrealEngine/Common/DerivedDataCache/Content/8a/12/4dd8f5eabbb8d79fd80091909ca7395b963f.udd" 4868
"C:/Users/kbc12306156/AppData/Local/UnrealEngine/Common/DerivedDataCache/Buckets/LegacyTEXTURE/6a/ba/def2e85251e44995497c4c8db03a2c52b922.udd" 4869
"C:/Users/kbc12306156/AppData/Local/UnrealEngine/Common/DerivedDataCache/Buckets/LegacyTEXTURE/28/83/039e60128d1ed5a445e08f06e199e6f5f411.udd" 4870
"C:/Users/kbc12306156/AppData/Local/UnrealEngine/Common/DerivedDataCache/Buckets/LegacyTEXTURE/1e/c5/e3793c4eda02c6350639a443761cadf48103.udd" 4871
"C:/Users/kbc12306156/AppData/Local/UnrealEngine/Common/DerivedDataCache/Buckets/LegacyTEXTURE/f4/e6/59e39cbcc8828984b08245f7828fa15e8c5d.udd" 4872
"C:/Users/kbc12306156/AppData/Local/UnrealEngine/Common/DerivedDataCache/Buckets/BulkDataList/74/db/37843328b0c44bd5bfb80af8e879f8394873.udd" 4873
"C:/Users/kbc12306156/AppData/Local/UnrealEngine/Common/DerivedDataCache/Content/53/0e/50dcf0919135c04dc49919ec052e042fdd5b.udd" 4874
"C:/Users/kbc12306156/AppData/Local/UnrealEngine/Common/DerivedDataCache/Content/ef/12/c14f5effc0b5f117ad6c1740e28fee788bce.udd" 4875
"C:/Users/kbc12306156/AppData/Local/UnrealEngine/Common/DerivedDataCache/Buckets/LegacyTEXTURE/99/e8/d1fdd5e1b5a92b2d4d5a4e7b37bcf6463202.udd" 4876
"C:/Users/kbc12306156/AppData/Local/UnrealEngine/Common/DerivedDataCache/Buckets/LegacyTEXTURE/c8/f8/f2a045f80b4631c7cfac85278b8c0f98d1d3.udd" 4877
"C:/PG/GFFproject/Content/EnemyBos/BTDecorator_BlueprintBase_BosEnemy.uasset" 4878
"C:/Users/kbc12306156/AppData/Local/UnrealEngine/Common/DerivedDataCache/Content/ce/1e/a5013cf45e3e06cec30138dbe18b80d38c41.udd" 4879
"C:/Users/kbc12306156/AppData/Local/UnrealEngine/Common/DerivedDataCache/Buckets/BulkDataList/46/6c/e75f9cdb3af5ffc7edfdbc91580baf79bffb.udd" 4880
"C:/PG/GFFproject/Content/EnemyBos/BTTask_EnemyBos.uasset" 4881
"C:/Users/kbc12306156/AppData/Local/UnrealEngine/Common/DerivedDataCache/Buckets/LegacyTEXTURE/be/1c/910293c7dc81240f0d1ce5b0ea2b7ca8e817.udd" 4882
"C:/Users/kbc12306156/AppData/Local/UnrealEngine/Common/DerivedDataCache/Buckets/LegacyTEXTURE/d0/bf/13e3a61e7786b0249324e81fad5076ce2ca4.udd" 4883
"C:/PG/GFFproject/Content/EnemyBos/EnemyBos22/BB_EnemyBos22.uasset" 4884
"C:/Users/kbc12306156/AppData/Local/UnrealEngine/Common/DerivedDataCache/Buckets/BulkDataList/66/29/af293d8b7ade0e99bc5bc39270a9ddc3e8c2.udd" 4885
"C:/Users/kbc12306156/AppData/Local/UnrealEngine/Common/DerivedDataCache/Buckets/LegacyTEXTURE/35/4c/3f3acb3ab2aa124c3282a8093181776587ff.udd" 4886
"C:/Users/kbc12306156/AppData/Local/UnrealEngine/Common/DerivedDataCache/Buckets/LegacyTEXTURE/56/d3/65b1c13e90c9e1006baad5a8531ca94d18dc.udd" 4887
"C:/PG/GFFproject/Content/EnemyBos/EnemyBos22/BTDecorator_BlueprintBase_BosEnemy22.uasset" 4888
"C:/Users/kbc12306156/AppData/Local/UnrealEngine/Common/DerivedDataCache/Buckets/LegacyTEXTURE/11/58/9d9d2e7a6e1b3a77ecbad8e284e0dd520d2a.udd" 4889
"C:/Users/kbc12306156/AppData/Local/UnrealEngine/Common/DerivedDataCache/Buckets/LegacyTEXTURE/09/d7/bfec7d05c7273111112eb4d2d9a70f569e46.udd" 4890
"C:/Users/kbc12306156/AppData/Local/UnrealEngine/Common/DerivedDataCache/Buckets/BulkDataList/90/9f/bb35b6ab082daaee1abb16a9ffaaf94f99d5.udd" 4891
"C:/PG/GFFproject/Content/BGM-SE/AS_130678_??????????????????_2.uasset" 4892
"C:/Users/kbc12306156/AppData/Local/UnrealEngine/Common/DerivedDataCache/Buckets/LegacyTEXTURE/a1/00/816215b22758bbec6de6317e5119b0886bc8.udd" 4893
"C:/Users/kbc12306156/AppData/Local/UnrealEngine/Common/DerivedDataCache/Buckets/LegacyTEXTURE/0d/ba/2a9144352eaf04975dd01c008e813108f87e.udd" 4894
"C:/Users/kbc12306156/AppData/Local/UnrealEngine/Common/DerivedDataCache/Buckets/BulkDataList/f8/5f/85517d6144f3fc3db18deab737d62f89c9d2.udd" 4895
"C:/PG/GFFproject/Content/EnemyBos/EnemyBos33/BB_EnemyBos33.uasset" 4896
"C:/Users/kbc12306156/AppData/Local/UnrealEngine/Common/DerivedDataCache/Buckets/LegacyTEXTURE/96/b4/5a2fbd525f3b05b68747b90ce72460d8021e.udd" 4897
"C:/Users/kbc12306156/AppData/Local/UnrealEngine/Common/DerivedDataCache/Buckets/LegacyTEXTURE/6f/89/ec506bce176036d698c88a896f3e4f1eacf7.udd" 4898
"C:/Users/kbc12306156/AppData/Local/UnrealEngine/Common/DerivedDataCache/Buckets/LegacyTEXTURE/8f/b0/118f2d7321211a53c1832504b8fbc506b0d7.udd" 4899
"C:/Users/kbc12306156/AppData/Local/UnrealEngine/Common/DerivedDataCache/Content/59/bd/df86628cb298d8833fe96334f443703b4ac4.udd" 4900
"C:/Users/kbc12306156/AppData/Local/UnrealEngine/Common/DerivedDataCache/Buckets/LegacyTEXTURE/36/b4/4e1328d22d1ff3ef8af32f1dafbc5f412c78.udd" 4901
"C:/Users/kbc12306156/AppData/Local/UnrealEngine/Common/DerivedDataCache/Buckets/LegacyTEXTURE/fc/60/9ce5aed733c686ba855d86eaf64bd20b8437.udd" 4902
"C:/Users/kbc12306156/AppData/Local/UnrealEngine/Common/DerivedDataCache/Buckets/BulkDataList/3e/0f/028a610855550411ec91821f11038403f0f6.udd" 4903
"C:/Users/kbc12306156/AppData/Local/UnrealEngine/Common/DerivedDataCache/Buckets/LegacyTEXTURE/48/f9/6f25d70b0422e0e051e1920505b2e8c0d134.udd" 4904
"C:/Users/kbc12306156/AppData/Local/UnrealEngine/Common/DerivedDataCache/Buckets/LegacyTEXTURE/d3/32/0d64328e5ad69aee46f86ef3ff6f68ab8e15.udd" 4905
"C:/PG/GFFproject/Content/EnemyBos/EnemyBos33/BTDecorator_BlueprintBase_BosEnemy33.uasset" 4906
"C:/Users/kbc12306156/AppData/Local/UnrealEngine/Common/DerivedDataCache/Buckets/LegacyTEXTURE/88/78/6190bbc761d31e3022b47ccfaa71ed038d95.udd" 4907
"C:/Users/kbc12306156/AppData/Local/UnrealEngine/Common/DerivedDataCache/Content/78/1e/489ecab34aeba3d785ee3d28130c46118563.udd" 4908
"C:/Users/kbc12306156/AppData/Local/UnrealEngine/Common/DerivedDataCache/Content/01/f1/f7e546b436be398b423981130f6ed2391c53.udd" 4909
"C:/Users/kbc12306156/AppData/Local/UnrealEngine/Common/DerivedDataCache/Content/91/67/5638cdc2fdb4171a692d08540520b5454eee.udd" 4910
"C:/Users/kbc12306156/AppData/Local/UnrealEngine/Common/DerivedDataCache/Buckets/BulkDataList/74/9c/0aa1543c7caf34d5c22d7291ed47bbbb0db9.udd" 4911
"C:/PG/GFFproject/Content/BGM-SE/AS_52481_???????.uasset" 4912
"C:/Users/kbc12306156/AppData/Local/UnrealEngine/Common/DerivedDataCache/Buckets/BulkDataList/50/7c/91816e7ffc8365cb83a8adab4ab3a05a5b39.udd" 4913
"../../../Engine/Content/EditorMaterials/HelpFlatColour.uasset" 4914
"C:/Users/kbc12306156/AppData/Local/UnrealEngine/Common/DerivedDataCache/Buckets/BulkDataList/55/63/8bc9ea366bbf140918298a0ad49b2583dd88.udd" 4915
"../../../Engine/Content/Functions/Engine_MaterialFunctions01/Gradient/SphereGradient-2D.uasset" 4916
"C:/Users/kbc12306156/AppData/Local/UnrealEngine/Common/DerivedDataCache/Buckets/LegacyTEXTURE/1f/be/e8efea613514c9de6a3cfbedcf7ae158df6a.udd" 4917
"C:/Users/kbc12306156/AppData/Local/UnrealEngine/Common/DerivedDataCache/Buckets/BulkDataList/be/eb/17017d4e3c8184f2d905308de85a4db49581.udd" 4918
"C:/PG/GFFproject/Content/Realistic_Starter_VFX_Pack_Vol2/Textures/T_Epxlosion_B_color.uasset" 4919
"C:/Users/kbc12306156/AppData/Local/UnrealEngine/Common/DerivedDataCache/Content/2b/94/d4d6961bedd43ebf3c91b414fa4de4417d48.udd" 4920
"C:/PG/GFFproject/Content/Realistic_Starter_VFX_Pack_Vol2/Textures/T_Epxlosion_B_packed.uasset" 4921
"C:/Users/kbc12306156/AppData/Local/UnrealEngine/Common/DerivedDataCache/Buckets/BulkDataList/41/0b/88cf8c8b3c963edffcf233fac025736beb89.udd" 4922
"C:/PG/GFFproject/Content/Realistic_Starter_VFX_Pack_Vol2/Textures/T_Impact.uasset" 4923
"C:/Users/kbc12306156/AppData/Local/UnrealEngine/Common/DerivedDataCache/Buckets/LegacyTEXTURE/08/70/886a367e0ad07fe984228e5e855435b4a040.udd" 4924
"C:/Users/kbc12306156/AppData/Local/UnrealEngine/Common/DerivedDataCache/Buckets/BulkDataList/1f/0f/0c99069f546365c907fca3d9118639c11e0c.udd" 4925
"C:/PG/GFFproject/Content/Realistic_Starter_VFX_Pack_Vol2/Textures/T_Smoke_B.uasset" 4926
"C:/Users/kbc12306156/AppData/Local/UnrealEngine/Common/DerivedDataCache/Buckets/LegacyTEXTURE/c9/55/69696fbdd67b0a780f3e9f03b6811cba3893.udd" 4927
"C:/Users/kbc12306156/AppData/Local/UnrealEngine/Common/DerivedDataCache/Buckets/LegacyTEXTURE/81/bf/ca4211b0c5bbad629c6930de8c323624cf76.udd" 4928
"C:/PG/GFFproject/Content/Vefects/Free_Fire/Shared/Textures/T_VFX_Ashes_01.uasset" 4929
"C:/Users/kbc12306156/AppData/Local/UnrealEngine/Common/DerivedDataCache/Buckets/LegacyTEXTURE/1c/55/6941a7a858aa5154d77f4a3170ea8a3943bf.udd" 4930
"C:/Users/kbc12306156/AppData/Local/UnrealEngine/Common/DerivedDataCache/Buckets/LegacyTEXTURE/7e/7e/8afdb0fce92385f55677c74e5d0c6fc2868e.udd" 4931
"C:/PG/GFFproject/Content/Vefects/Free_Fire/Shared/Textures/T_VFX_Fire_Ground_Mask_01.uasset" 4932
"C:/Users/kbc12306156/AppData/Local/UnrealEngine/Common/DerivedDataCache/Buckets/LegacyTEXTURE/9b/65/1082a46e25d0b6beab68c0c910aa8634bf6a.udd" 4933
"C:/Users/kbc12306156/AppData/Local/UnrealEngine/Common/DerivedDataCache/Buckets/LegacyTEXTURE/c1/d1/6b5d679012355269d625d7f12026c5a87f3f.udd" 4934
"C:/Users/kbc12306156/AppData/Local/UnrealEngine/Common/DerivedDataCache/Content/8b/c6/0dd107d32c9c8382b559f6400ad27447a763.udd" 4935
"C:/Users/kbc12306156/AppData/Local/UnrealEngine/Common/DerivedDataCache/Buckets/LegacyTEXTURE/9e/6f/3cfdf6e295903f39b52d4608273f1e326c5c.udd" 4936
"C:/Users/kbc12306156/AppData/Local/UnrealEngine/Common/DerivedDataCache/Content/cd/36/5f80ae210b33d680402dfa0cff8226ef8d54.udd" 4937
"C:/Users/kbc12306156/AppData/Local/UnrealEngine/Common/DerivedDataCache/Buckets/LegacyTEXTURE/5b/76/9ac3e902b64c46a39796890ef7a502d279c0.udd" 4938
"C:/Users/kbc12306156/AppData/Local/UnrealEngine/Common/DerivedDataCache/Buckets/LegacyTEXTURE/7a/20/d81509711cb19ff1aa686c21c0aa8fd65125.udd" 4939
"C:/Users/kbc12306156/AppData/Local/UnrealEngine/Common/DerivedDataCache/Buckets/LegacyTEXTURE/6d/23/00fd0f17687de7314394cd1b9f6c7463dd8b.udd" 4940
"C:/Users/kbc12306156/AppData/Local/UnrealEngine/Common/DerivedDataCache/Buckets/LegacyTEXTURE/5a/95/d39c7676d0b93994eaafd97083a67f346b38.udd" 4941
"C:/Users/kbc12306156/AppData/Local/UnrealEngine/Common/DerivedDataCache/Content/5b/14/d622978d0973ab16d105f9734300e04de98b.udd" 4942
"C:/Users/kbc12306156/AppData/Local/UnrealEngine/Common/DerivedDataCache/Buckets/LegacyTEXTURE/11/75/5bfb86abaf6a8f00e18a42d7c5ebe2de82c6.udd" 4943
"C:/Users/kbc12306156/AppData/Local/UnrealEngine/Common/DerivedDataCache/Buckets/LegacyTEXTURE/a8/66/401b2b1852db685027c758a76dc7589b8fd5.udd" 4944
"C:/Users/kbc12306156/AppData/Local/UnrealEngine/Common/DerivedDataCache/Buckets/LegacyTEXTURE/ef/c3/ac8e061da884987304c918fcb61793b699ab.udd" 4945
"C:/Users/kbc12306156/AppData/Local/UnrealEngine/Common/DerivedDataCache/Buckets/LegacyTEXTURE/c1/3f/a27bd90181f98b37b95c348bf0775c5c755d.udd" 4946
"C:/Users/kbc12306156/AppData/Local/UnrealEngine/Common/DerivedDataCache/Buckets/LegacyTEXTURE/7e/9c/9e0eb13f5c1c24605557246bb183c4914371.udd" 4947
"C:/Users/kbc12306156/AppData/Local/UnrealEngine/Common/DerivedDataCache/Buckets/LegacyTEXTURE/6c/2d/54d0173c939159b5c9000207e036f3bff73f.udd" 4948
"C:/Users/kbc12306156/AppData/Local/UnrealEngine/Common/DerivedDataCache/Content/1f/02/7da9b8f14f5c26d06f50ac38a9b3da2fa90a.udd" 4949
"C:/Users/kbc12306156/AppData/Local/UnrealEngine/Common/DerivedDataCache/Content/21/de/1009b123458c56702df0a4fe095c87548e6e.udd" 4950
"C:/Users/kbc12306156/AppData/Local/UnrealEngine/Common/DerivedDataCache/Content/b8/d1/00598587130ebd77bf5701811ebd07d5b49e.udd" 4951
"C:/Users/kbc12306156/AppData/Local/UnrealEngine/Common/DerivedDataCache/Buckets/LegacyTEXTURE/5b/26/a53fc95a5b4be9e4e31bfde0df967667e098.udd" 4952
"C:/Users/kbc12306156/AppData/Local/UnrealEngine/Common/DerivedDataCache/Buckets/LegacyTEXTURE/ff/4d/66df516fb89b5a5e615cf1803552aa2c1d98.udd" 4953
"C:/Users/kbc12306156/AppData/Local/UnrealEngine/Common/DerivedDataCache/Buckets/LegacyTEXTURE/7a/4b/3d4d4c80c719e2b2c0305c1cd092e88c41ec.udd" 4954
"C:/Users/kbc12306156/AppData/Local/UnrealEngine/Common/DerivedDataCache/Buckets/LegacyTEXTURE/a2/ca/6719321a17a204c2dc3540221a8fba41a916.udd" 4955
"C:/Users/kbc12306156/AppData/Local/UnrealEngine/Common/DerivedDataCache/Content/64/9a/9e40550404b682e6ab706d748a17bd728dd5.udd" 4956
"C:/Users/kbc12306156/AppData/Local/UnrealEngine/Common/DerivedDataCache/Buckets/LegacyTEXTURE/5f/55/10e56ad9ba7d9e05431fc771c9fc4c8cc597.udd" 4957
"C:/Users/kbc12306156/AppData/Local/UnrealEngine/Common/DerivedDataCache/Buckets/LegacyTEXTURE/da/92/f8cf749db5c78f4f2b618235afef4f0186cd.udd" 4958
"C:/Users/kbc12306156/AppData/Local/UnrealEngine/Common/DerivedDataCache/Buckets/LegacyTEXTURE/ed/3c/e2b94c1158318646c67b440c9a284f6ee872.udd" 4959
"C:/Users/kbc12306156/AppData/Local/UnrealEngine/Common/DerivedDataCache/Buckets/LegacyTEXTURE/8f/37/dd0718745b9ae94c1e4824e9d007f820f37e.udd" 4960
"C:/Users/kbc12306156/AppData/Local/UnrealEngine/Common/DerivedDataCache/Buckets/LegacyTEXTURE/d3/ae/121a095e88c84a82a10606a4894ff2112a2f.udd" 4961
"C:/Users/kbc12306156/AppData/Local/UnrealEngine/Common/DerivedDataCache/Buckets/LegacyTEXTURE/5f/12/6b0a347eec4f34806bc697a5316240bdb122.udd" 4962
"C:/Users/kbc12306156/AppData/Local/UnrealEngine/Common/DerivedDataCache/Buckets/LegacyTEXTURE/60/31/055a8bf9397cec8483551c0d2474f467d116.udd" 4963
"C:/Users/kbc12306156/AppData/Local/UnrealEngine/Common/DerivedDataCache/Buckets/LegacyTEXTURE/b3/93/16e89385198a5fe54b850712cb21a9713cd6.udd" 4964
"C:/Users/kbc12306156/AppData/Local/UnrealEngine/Common/DerivedDataCache/Buckets/LegacyTEXTURE/d8/3c/408e0ff38f08ae2f056eb789ca38f84f60b1.udd" 4965
"C:/Users/kbc12306156/AppData/Local/UnrealEngine/Common/DerivedDataCache/Buckets/LegacyTEXTURE/95/33/c5d551d9be03b0d560d4554c37fd9400806d.udd" 4966
"C:/Users/kbc12306156/AppData/Local/UnrealEngine/Common/DerivedDataCache/Buckets/LegacyTEXTURE/9b/e7/6cfcf233f3b924ab1226a91883dc49c956f7.udd" 4967
"C:/Users/kbc12306156/AppData/Local/UnrealEngine/Common/DerivedDataCache/Buckets/LegacyTEXTURE/5d/03/d98de7fc2ed7e63946e55a89e1c7543fe154.udd" 4968
"C:/Users/kbc12306156/AppData/Local/UnrealEngine/Common/DerivedDataCache/Content/78/a4/1d4f207c0dde80f5e9a4acf999c55fce074a.udd" 4969
"C:/Users/kbc12306156/AppData/Local/UnrealEngine/Common/DerivedDataCache/Buckets/LegacyTEXTURE/2b/e0/b7bf0c7ef2f719480a48575cba1bba7e8864.udd" 4970
"C:/Users/kbc12306156/AppData/Local/UnrealEngine/Common/DerivedDataCache/Buckets/LegacyTEXTURE/c7/ca/2eb6704d1b9b1298ae9bac1e8d938d066b1d.udd" 4971
"C:/Users/kbc12306156/AppData/Local/UnrealEngine/Common/DerivedDataCache/Content/60/3d/1c3dc7b51834acb34d0f003301980890b17a.udd" 4972
"C:/Users/kbc12306156/AppData/Local/UnrealEngine/Common/DerivedDataCache/Buckets/LegacyTEXTURE/65/59/bfa777829db855222bc86feb33be8ab10667.udd" 4973
"C:/Users/kbc12306156/AppData/Local/UnrealEngine/Common/DerivedDataCache/Buckets/LegacyTEXTURE/19/13/93afc7644bc64d551d6d7737ddee074f9bee.udd" 4974
"C:/Users/kbc12306156/AppData/Local/UnrealEngine/Common/DerivedDataCache/Buckets/LegacyTEXTURE/06/7a/3fc1b237da371256682650f492c00867d1de.udd" 4975
"C:/Users/kbc12306156/AppData/Local/UnrealEngine/Common/DerivedDataCache/Buckets/LegacyTEXTURE/de/8a/7f8f1853e493f5d7087361e90ed8a2f03dae.udd" 4976
"C:/Users/kbc12306156/AppData/Local/UnrealEngine/Common/DerivedDataCache/Buckets/LegacyTEXTURE/1d/a2/2479f1a4ba6247ebdf2f62754be4151b54ee.udd" 4977
"C:/Users/kbc12306156/AppData/Local/UnrealEngine/Common/DerivedDataCache/Buckets/LegacyTEXTURE/b0/7c/0dbbb059edd40a08cc459fad7be20dccc1f6.udd" 4978
"C:/Users/kbc12306156/AppData/Local/UnrealEngine/Common/DerivedDataCache/Buckets/LegacyTEXTURE/40/9a/e73630c583b4d78a7440bb980b787342a7f4.udd" 4979
"C:/Users/kbc12306156/AppData/Local/UnrealEngine/Common/DerivedDataCache/Buckets/LegacyTEXTURE/7f/43/32847a42211aaef6b6afa87e4eaffcf2273e.udd" 4980
"C:/Users/kbc12306156/AppData/Local/UnrealEngine/Common/DerivedDataCache/Buckets/LegacyTEXTURE/62/3a/d90e2e1edc727a54042a75557d5a9e26c71b.udd" 4981
"C:/Users/kbc12306156/AppData/Local/UnrealEngine/Common/DerivedDataCache/Content/d7/b2/3b4b3081904f4b3810bd16394e279756135c.udd" 4982
"C:/Users/kbc12306156/AppData/Local/UnrealEngine/Common/DerivedDataCache/Buckets/LegacyTEXTURE/16/1a/8e085fe2b81f9c2010dd2efdf82036188223.udd" 4983
"C:/Users/kbc12306156/AppData/Local/UnrealEngine/Common/DerivedDataCache/Buckets/LegacyTEXTURE/a4/f2/6fb96e7a6847c6e8665de7ec4eb3352a9d2c.udd" 4984
"C:/Users/kbc12306156/AppData/Local/UnrealEngine/Common/DerivedDataCache/Buckets/LegacyTEXTURE/31/a0/b8aa86aedd33cb36a955117c27fb29d870b0.udd" 4985
"C:/Users/kbc12306156/AppData/Local/UnrealEngine/Common/DerivedDataCache/Content/82/f0/163b59edfc9799087827198d36c7d8b1173e.udd" 4986
"C:/Users/kbc12306156/AppData/Local/UnrealEngine/Common/DerivedDataCache/Buckets/LegacyTEXTURE/77/50/5b5f764699865b11979253432fc2bdf531ed.udd" 4987
"C:/Users/kbc12306156/AppData/Local/UnrealEngine/Common/DerivedDataCache/Buckets/LegacyTEXTURE/0d/ae/a0e494a939ee5ebb4e01da3032f17e72b638.udd" 4988
"C:/Users/kbc12306156/AppData/Local/UnrealEngine/Common/DerivedDataCache/Buckets/LegacyTEXTURE/92/c2/0907d6fc99e2d5183a3e246959093a916c05.udd" 4989
"C:/Users/kbc12306156/AppData/Local/UnrealEngine/Common/DerivedDataCache/Buckets/LegacyTEXTURE/c0/22/5491ddfaa0dc1409a05de97c569ad4ec8265.udd" 4990
"C:/Users/kbc12306156/AppData/Local/UnrealEngine/Common/DerivedDataCache/Buckets/LegacyTEXTURE/87/c1/a8e29229f670f86a5c916edbbe8c76fcee13.udd" 4991
"C:/Users/kbc12306156/AppData/Local/UnrealEngine/Common/DerivedDataCache/Buckets/LegacyTEXTURE/03/72/8d33ebadf569f6d082e866d00f1250bb59ea.udd" 4992
"C:/Users/kbc12306156/AppData/Local/UnrealEngine/Common/DerivedDataCache/Buckets/LegacyTEXTURE/56/a1/dbda36fc4352bb294fa90aa374c350625051.udd" 4993
"C:/Users/kbc12306156/AppData/Local/UnrealEngine/Common/DerivedDataCache/Buckets/LegacyTEXTURE/38/03/f236b6a0a594ed16381157adfe01a8bda7a9.udd" 4994
"C:/Users/kbc12306156/AppData/Local/UnrealEngine/Common/DerivedDataCache/Content/2f/07/474860054941d35c1018215c9518731496b2.udd" 4995
"C:/Users/kbc12306156/AppData/Local/UnrealEngine/Common/DerivedDataCache/Buckets/LegacyTEXTURE/7e/e5/9f16d59c2c7c5a9e5132a6daac58daddd79e.udd" 4996
"C:/Users/kbc12306156/AppData/Local/UnrealEngine/Common/DerivedDataCache/Buckets/LegacyTEXTURE/48/40/24eec7162825ddcc5741dd5185c971e5a990.udd" 4997
"C:/Users/kbc12306156/AppData/Local/UnrealEngine/Common/DerivedDataCache/Buckets/LegacyTEXTURE/10/ab/310046c785bec77725ec45bc038d104949de.udd" 4998
"C:/Users/kbc12306156/AppData/Local/UnrealEngine/Common/DerivedDataCache/Buckets/LegacyTEXTURE/47/46/27d7bdfaf556dbe5330195c4eef0cfee4c19.udd" 4999
"C:/Users/kbc12306156/AppData/Local/UnrealEngine/Common/DerivedDataCache/Buckets/LegacyTEXTURE/55/1a/f6e2392fd09f937eb4607ae7f7b2637fbddc.udd" 5000
"C:/Users/kbc12306156/AppData/Local/UnrealEngine/Common/DerivedDataCache/Buckets/LegacyTEXTURE/1b/90/a81274ea48dd7f6b68e5e6cdc23dca93bf15.udd" 5001
"C:/Users/kbc12306156/AppData/Local/UnrealEngine/Common/DerivedDataCache/Buckets/LegacyTEXTURE/ab/cf/f0720ac78079af3fddde715566a49b8f6e98.udd" 5002
"C:/Users/kbc12306156/AppData/Local/UnrealEngine/Common/DerivedDataCache/Buckets/LegacyTEXTURE/13/46/a8c8bc55b21c5a2410b263829a24bde3b937.udd" 5003
"C:/Users/kbc12306156/AppData/Local/UnrealEngine/Common/DerivedDataCache/Buckets/LegacyTEXTURE/fc/3a/a51508f8ffcb65d6c3335dc03d5c1522dcff.udd" 5004
"C:/Users/kbc12306156/AppData/Local/UnrealEngine/Common/DerivedDataCache/Buckets/LegacyTEXTURE/a1/f0/a8510f32b873dabbd9151890426bb32b78a7.udd" 5005
"C:/Users/kbc12306156/AppData/Local/UnrealEngine/Common/DerivedDataCache/Buckets/LegacyTEXTURE/44/3b/cd15c75511a568f067ca0005d3a62f675f47.udd" 5006
"C:/Users/kbc12306156/AppData/Local/UnrealEngine/Common/DerivedDataCache/Buckets/LegacyTEXTURE/bf/bd/b9949e0815335d1d2e084e1d380aaeaa87ad.udd" 5007
"C:/Users/kbc12306156/AppData/Local/UnrealEngine/Common/DerivedDataCache/Buckets/LegacyTEXTURE/b9/2a/bf3c6082b651714609b2800c55432c7f64cd.udd" 5008
"C:/Users/kbc12306156/AppData/Local/UnrealEngine/Common/DerivedDataCache/Buckets/LegacyTEXTURE/32/26/09afc4a4678c12165fe7e8d034f7e372168c.udd" 5009
"C:/Users/kbc12306156/AppData/Local/UnrealEngine/Common/DerivedDataCache/Buckets/LegacyTEXTURE/41/0d/e0f8a818b153937e6c45dbbd154aa49853ad.udd" 5010
"C:/Users/kbc12306156/AppData/Local/UnrealEngine/Common/DerivedDataCache/Buckets/LegacyTEXTURE/1c/ac/a1e14f07c7c929b293b75ca3a0df559d54b5.udd" 5011
"C:/Users/kbc12306156/AppData/Local/UnrealEngine/Common/DerivedDataCache/Content/9c/f7/81c895dac6229b589c82c0a44933f9d4e826.udd" 5012
"C:/Users/kbc12306156/AppData/Local/UnrealEngine/Common/DerivedDataCache/Buckets/LegacyTEXTURE/c9/29/ada9828be98732d5ece8e32cc62b4f7b4543.udd" 5013
"C:/Users/kbc12306156/AppData/Local/UnrealEngine/Common/DerivedDataCache/Buckets/LegacyTEXTURE/0d/c0/997cbea229f4bc8d5be9d57a391e9fed3e23.udd" 5014
"C:/Users/kbc12306156/AppData/Local/UnrealEngine/Common/DerivedDataCache/Buckets/LegacyTEXTURE/74/f7/51edda97d7d790256809d0a0707fede0accb.udd" 5015
"C:/Users/kbc12306156/AppData/Local/UnrealEngine/Common/DerivedDataCache/Buckets/LegacyTEXTURE/c9/9f/9343d6893b9463fe48de3e46f5ff3a1b79c5.udd" 5016
"C:/Users/kbc12306156/AppData/Local/UnrealEngine/Common/DerivedDataCache/Buckets/LegacyTEXTURE/ce/ba/36e62de4a2087c23070cf6335d6ce21839e4.udd" 5017
"C:/Users/kbc12306156/AppData/Local/UnrealEngine/Common/DerivedDataCache/Buckets/LegacyTEXTURE/43/6d/d64f712398fda67e92f88afa87b040c04f8a.udd" 5018
"C:/Users/kbc12306156/AppData/Local/UnrealEngine/Common/DerivedDataCache/Content/a3/52/959b9e697fb85913cbc7e5fa4cf09a0db44e.udd" 5019
"C:/Users/kbc12306156/AppData/Local/UnrealEngine/Common/DerivedDataCache/Buckets/LegacyTEXTURE/e0/57/88b6c093c254a569881655baad382e97fc15.udd" 5020
"C:/Users/kbc12306156/AppData/Local/UnrealEngine/Common/DerivedDataCache/Buckets/LegacyTEXTURE/c3/29/5f6e960b45a57b86be2d296679ffaabcc431.udd" 5021
"C:/Users/kbc12306156/AppData/Local/UnrealEngine/Common/DerivedDataCache/Buckets/LegacyTEXTURE/93/1d/eb656beb81756ee652ff19681c32980ff1b1.udd" 5022
"C:/Users/kbc12306156/AppData/Local/UnrealEngine/Common/DerivedDataCache/Buckets/LegacyTEXTURE/0f/63/34c0a3125a40eb5f1779dd2c961aadaaaf15.udd" 5023
"C:/Users/kbc12306156/AppData/Local/UnrealEngine/Common/DerivedDataCache/Buckets/LegacyTEXTURE/00/9f/5965a355904de437f340dac0b267f8053a89.udd" 5024
"C:/Users/kbc12306156/AppData/Local/UnrealEngine/Common/DerivedDataCache/Content/46/6d/583a207b8703aa0804ba31d412bbad1e4024.udd" 5025
"C:/Users/kbc12306156/AppData/Local/UnrealEngine/Common/DerivedDataCache/Buckets/LegacyTEXTURE/c3/df/1bd222d48c40dddbb37d747bfb4488c05cf4.udd" 5026
"C:/Users/kbc12306156/AppData/Local/UnrealEngine/Common/DerivedDataCache/Content/e6/da/996bd3e203243169a9ff2dba6d032dd29217.udd" 5027
"C:/Users/kbc12306156/AppData/Local/UnrealEngine/Common/DerivedDataCache/Buckets/LegacyTEXTURE/09/55/395c684270a22f908d190815f08c4871d01a.udd" 5028
"C:/Users/kbc12306156/AppData/Local/UnrealEngine/Common/DerivedDataCache/Content/72/ff/004e5bfc0cf0b950f88ecfe2f299533298bf.udd" 5029
"C:/Users/kbc12306156/AppData/Local/UnrealEngine/Common/DerivedDataCache/Buckets/LegacyTEXTURE/de/b7/6d7b94233a3187cbf177ebff099c4f2b5124.udd" 5030
"C:/Users/kbc12306156/AppData/Local/UnrealEngine/Common/DerivedDataCache/Content/36/d1/5901e53acbe94197754752e1baf17908dab8.udd" 5031
"C:/Users/kbc12306156/AppData/Local/UnrealEngine/Common/DerivedDataCache/Buckets/LegacyTEXTURE/08/60/e9f521310203c99f1796b1071af7611bedeb.udd" 5032
"C:/Users/kbc12306156/AppData/Local/UnrealEngine/Common/DerivedDataCache/Content/21/ab/d978d279fd65381d45dffca397a98359d62f.udd" 5033
"C:/Users/kbc12306156/AppData/Local/UnrealEngine/Common/DerivedDataCache/Buckets/LegacyTEXTURE/17/59/b7d7e1d0de9828975085a35ca9caf54920e0.udd" 5034
"C:/Users/kbc12306156/AppData/Local/UnrealEngine/Common/DerivedDataCache/Buckets/LegacyTEXTURE/93/1a/e7a32e76e280143a61b1a3300caf3af7fcec.udd" 5035
"C:/Users/kbc12306156/AppData/Local/UnrealEngine/Common/DerivedDataCache/Content/33/e9/bd6b291aa02db6d7d88e3ed8c1be1d747a95.udd" 5036
"C:/Users/kbc12306156/AppData/Local/UnrealEngine/Common/DerivedDataCache/Buckets/LegacyTEXTURE/cc/66/8feda19bf7c8972f6fd7a7070873b12f4e18.udd" 5037
"C:/Users/kbc12306156/AppData/Local/UnrealEngine/Common/DerivedDataCache/Buckets/LegacyTEXTURE/45/82/42f677376babab1f4cdf526d64248e0c8135.udd" 5038
"C:/Users/kbc12306156/AppData/Local/UnrealEngine/Common/DerivedDataCache/Buckets/LegacyTEXTURE/63/a1/1397b0d5faf991281b9e0adc0541cc45a837.udd" 5039
"C:/Users/kbc12306156/AppData/Local/UnrealEngine/Common/DerivedDataCache/Content/3a/71/85f54ecb076fe09141648fc19eb11e49b58e.udd" 5040
"C:/Users/kbc12306156/AppData/Local/UnrealEngine/Common/DerivedDataCache/Buckets/LegacyTEXTURE/aa/dd/254fcff48e49292e2fb81f63772320497a7e.udd" 5041
"C:/Users/kbc12306156/AppData/Local/UnrealEngine/Common/DerivedDataCache/Buckets/LegacyTEXTURE/3e/ce/60b4b5f252d4ad369fb49901d7abab995a50.udd" 5042
"C:/Users/kbc12306156/AppData/Local/UnrealEngine/Common/DerivedDataCache/Content/95/0c/9b30bc2a4d5933aad1fd26990ab5ae927a9e.udd" 5043
"C:/Users/kbc12306156/AppData/Local/UnrealEngine/Common/DerivedDataCache/Buckets/LegacyTEXTURE/b5/ae/36f8b45bbc5b513b51c7716013a985acbc63.udd" 5044
"C:/Users/kbc12306156/AppData/Local/UnrealEngine/Common/DerivedDataCache/Buckets/LegacyTEXTURE/2a/df/f33e27da269128cb16b2a277d1791ebeddc3.udd" 5045
"C:/Users/kbc12306156/AppData/Local/UnrealEngine/Common/DerivedDataCache/Buckets/LegacyTEXTURE/9f/d9/89965ed383126431d9e568dde54458709a68.udd" 5046
"C:/Users/kbc12306156/AppData/Local/UnrealEngine/Common/DerivedDataCache/Buckets/LegacyTEXTURE/a9/6c/aa0363fcf0aac2b98b2df0230956bee01c2f.udd" 5047
"C:/Users/kbc12306156/AppData/Local/UnrealEngine/Common/DerivedDataCache/Buckets/LegacyTEXTURE/2e/df/cf33daabd20e73f3cfcf392842dd470300f8.udd" 5048
"C:/Users/kbc12306156/AppData/Local/UnrealEngine/Common/DerivedDataCache/Buckets/LegacyTEXTURE/bb/53/41bda653f3f9464b3407bdb053ea391228a4.udd" 5049
"C:/Users/kbc12306156/AppData/Local/UnrealEngine/Common/DerivedDataCache/Content/20/0c/7e46fdc17bac106ebc119953410d9edb72d9.udd" 5050
"C:/Users/kbc12306156/AppData/Local/UnrealEngine/Common/DerivedDataCache/Buckets/LegacyTEXTURE/ed/28/5ae4e4d874910ee22f392d63274f7d8935bd.udd" 5051
"C:/Users/kbc12306156/AppData/Local/UnrealEngine/Common/DerivedDataCache/Buckets/LegacyTEXTURE/ea/9a/4b1c315881cf850e0f5d45679b0a50425242.udd" 5052
"C:/Users/kbc12306156/AppData/Local/UnrealEngine/Common/DerivedDataCache/Buckets/LegacyTEXTURE/27/84/3d2f73a4a2ba45624090ed99d3f23cba2b60.udd" 5053
"C:/Users/kbc12306156/AppData/Local/UnrealEngine/Common/DerivedDataCache/Buckets/LegacyTEXTURE/36/65/e8775977fa819da296d4de361078b09f5759.udd" 5054
"C:/Users/kbc12306156/AppData/Local/UnrealEngine/Common/DerivedDataCache/Buckets/LegacyTEXTURE/0e/a1/da0f5364ae66cc8b6b9eeb0691b7fd2eb5b2.udd" 5055
"C:/Users/kbc12306156/AppData/Local/UnrealEngine/Common/DerivedDataCache/Buckets/LegacyTEXTURE/94/e0/687cc4600b563e6588dd9581d3d011ffe03e.udd" 5056
"C:/Users/kbc12306156/AppData/Local/UnrealEngine/Common/DerivedDataCache/Buckets/LegacyTEXTURE/cb/50/3ba1cc87022bd6956d023dff120d6f6f4f03.udd" 5057
"C:/Users/kbc12306156/AppData/Local/UnrealEngine/Common/DerivedDataCache/Content/b4/c1/ee0362055bd19e2d1f3f4e591c9712edd907.udd" 5058
"C:/Users/kbc12306156/AppData/Local/UnrealEngine/Common/DerivedDataCache/Buckets/LegacyTEXTURE/cb/6d/1fd514e6a40995fb71ae3b1ac6dc67f5e05c.udd" 5059
"C:/Users/kbc12306156/AppData/Local/UnrealEngine/Common/DerivedDataCache/Buckets/LegacyTEXTURE/40/c7/a58d006ef5480dfbbb3a7cf21e8733df47c9.udd" 5060
"C:/Users/kbc12306156/AppData/Local/UnrealEngine/Common/DerivedDataCache/Buckets/LegacyTEXTURE/92/f1/5f9558d98ff633b1ee5c6ec721abcdb38973.udd" 5061
"C:/Users/kbc12306156/AppData/Local/UnrealEngine/Common/DerivedDataCache/Buckets/LegacyTEXTURE/fa/4a/7baced427fafee3efab07f689d6879330411.udd" 5062
"C:/Users/kbc12306156/AppData/Local/UnrealEngine/Common/DerivedDataCache/Buckets/LegacyTEXTURE/f6/2d/8dad9bae0bcf7d30877153d0c145ab57bddd.udd" 5063
"C:/Users/kbc12306156/AppData/Local/UnrealEngine/Common/DerivedDataCache/Buckets/LegacyTEXTURE/5b/bd/c5a98092e8951d0b561e4c8967e43cd43e9b.udd" 5064
"C:/Users/kbc12306156/AppData/Local/UnrealEngine/Common/DerivedDataCache/Content/da/44/ca0a8b6bfe758ccd0109644924445d0aa9df.udd" 5065
"C:/Users/kbc12306156/AppData/Local/UnrealEngine/Common/DerivedDataCache/Content/00/ad/7d7af8cdf303f72a9f649e1072cf8c8c62a7.udd" 5066
"C:/Users/kbc12306156/AppData/Local/UnrealEngine/Common/DerivedDataCache/Buckets/LegacyTEXTURE/6c/16/fc5c9e424d54cd9d59c568c8114cb860c326.udd" 5067
"C:/Users/kbc12306156/AppData/Local/UnrealEngine/Common/DerivedDataCache/Content/1e/c5/e21efd388cb65e7472564a83216e5d8d3fb0.udd" 5068
"C:/Users/kbc12306156/AppData/Local/UnrealEngine/Common/DerivedDataCache/Buckets/LegacyTEXTURE/3b/4e/8dece391f50c2609747958801d3d4536406c.udd" 5069
"C:/Users/kbc12306156/AppData/Local/UnrealEngine/Common/DerivedDataCache/Content/5e/c2/b562b1ed5087c2815d640cb6e9c2337ea5e5.udd" 5070
"C:/Users/kbc12306156/AppData/Local/UnrealEngine/Common/DerivedDataCache/Buckets/LegacyTEXTURE/dd/85/fab3984bdb7dc15b3d24b15127d51700ae80.udd" 5071
"C:/Users/kbc12306156/AppData/Local/UnrealEngine/Common/DerivedDataCache/Buckets/LegacyTEXTURE/9a/09/a9972ca7f6d66f73b8e883a8043c40246869.udd" 5072
"C:/Users/kbc12306156/AppData/Local/UnrealEngine/Common/DerivedDataCache/Buckets/LegacyTEXTURE/d4/97/bb1e3d3aa5ee7bc824c2686d86d6c3c4282e.udd" 5073
"C:/Users/kbc12306156/AppData/Local/UnrealEngine/Common/DerivedDataCache/Buckets/LegacyTEXTURE/06/dd/51546ab6c3b295f283ac7a32ee137cfbf88e.udd" 5074
"C:/Users/kbc12306156/AppData/Local/UnrealEngine/Common/DerivedDataCache/Buckets/LegacyTEXTURE/06/d2/e0b77d8dc4263ba8dab096de2a87449f1f80.udd" 5075
"C:/Users/kbc12306156/AppData/Local/UnrealEngine/Common/DerivedDataCache/Buckets/LegacyTEXTURE/f1/c5/21317cba0273db0197c40e64095625785e34.udd" 5076
"C:/Users/kbc12306156/AppData/Local/UnrealEngine/Common/DerivedDataCache/Buckets/LegacyTEXTURE/5b/26/321d716758e8e8bf3fcc2d62272fc87fae3e.udd" 5077
"C:/Users/kbc12306156/AppData/Local/UnrealEngine/Common/DerivedDataCache/Buckets/LegacyTEXTURE/29/a7/720533e18f56b7dcf9d2252260b4c2199029.udd" 5078
"C:/Users/kbc12306156/AppData/Local/UnrealEngine/Common/DerivedDataCache/Content/8a/81/db0da05d9d060eb8a76e374c109bf330f304.udd" 5079
"C:/Users/kbc12306156/AppData/Local/UnrealEngine/Common/DerivedDataCache/Buckets/LegacyTEXTURE/1b/4b/63ecea7dd5b012773d49c9c6bef75a42053c.udd" 5080
"C:/Users/kbc12306156/AppData/Local/UnrealEngine/Common/DerivedDataCache/Buckets/LegacyTEXTURE/fe/39/f517c7514e6e964f1cec80a8846dcfe830d7.udd" 5081
"C:/Users/kbc12306156/AppData/Local/UnrealEngine/Common/DerivedDataCache/Buckets/LegacyTEXTURE/14/8e/8a7a7ed65567ec22e3bd5e3572579e64fdb5.udd" 5082
"C:/Users/kbc12306156/AppData/Local/UnrealEngine/Common/DerivedDataCache/Buckets/LegacyTEXTURE/b9/6e/a51f76ed4ce8ec313c87769e386b5cfb7eae.udd" 5083
"C:/Users/kbc12306156/AppData/Local/UnrealEngine/Common/DerivedDataCache/Buckets/LegacyTEXTURE/5f/24/27d82710bbf279ef278df803f9e120b0cbdf.udd" 5084
"C:/Users/kbc12306156/AppData/Local/UnrealEngine/Common/DerivedDataCache/Buckets/LegacyTEXTURE/33/ee/a842206438c47f23581f715ff33be1e28827.udd" 5085
"C:/Users/kbc12306156/AppData/Local/UnrealEngine/Common/DerivedDataCache/Content/56/8d/06232169a3ae2c6c87c5bb5bcca149f9cf56.udd" 5086
"C:/Users/kbc12306156/AppData/Local/UnrealEngine/Common/DerivedDataCache/Buckets/LegacyTEXTURE/00/fa/aa9f9beb79e5eb3b8a1b05645d5fd86eae8e.udd" 5087
"C:/Users/kbc12306156/AppData/Local/UnrealEngine/Common/DerivedDataCache/Buckets/LegacyTEXTURE/d4/bf/2e21c65f443ae63dc3b45ef3731f4910c7e8.udd" 5088
"C:/Users/kbc12306156/AppData/Local/UnrealEngine/Common/DerivedDataCache/Buckets/LegacyTEXTURE/85/8e/4ab3718160f192e0df5bc50a395e03123f7a.udd" 5089
"C:/Users/kbc12306156/AppData/Local/UnrealEngine/Common/DerivedDataCache/Buckets/LegacyTEXTURE/b4/3f/88216dc9543eb9c61d50a6980c5e0de0455a.udd" 5090
"C:/Users/kbc12306156/AppData/Local/UnrealEngine/Common/DerivedDataCache/Buckets/LegacyTEXTURE/13/a8/0f23dc320d89cec83d019823103d05e67bec.udd" 5091
"C:/Users/kbc12306156/AppData/Local/UnrealEngine/Common/DerivedDataCache/Buckets/LegacyTEXTURE/cf/6b/5089eb2814f0d2cdb238786b5f8d1619f812.udd" 5092
"C:/Users/kbc12306156/AppData/Local/UnrealEngine/Common/DerivedDataCache/Buckets/LegacyTEXTURE/4c/a3/d958e68cc9b8274b13e41a83d71df87eb8b9.udd" 5093
"C:/Users/kbc12306156/AppData/Local/UnrealEngine/Common/DerivedDataCache/Buckets/LegacyTEXTURE/e6/62/3412f9f0b017be17a2effa603bbdf659580d.udd" 5094
"C:/Users/kbc12306156/AppData/Local/UnrealEngine/Common/DerivedDataCache/Buckets/LegacyTEXTURE/d7/33/6a46c79754cecc6983c5ad63395738da0761.udd" 5095
"C:/Users/kbc12306156/AppData/Local/UnrealEngine/Common/DerivedDataCache/Buckets/LegacyTEXTURE/fd/a2/84d5aebb8820b44650c12ae1a2ded2af5d24.udd" 5096
"C:/Users/kbc12306156/AppData/Local/UnrealEngine/Common/DerivedDataCache/Buckets/LegacyTEXTURE/cf/9f/3f9d1f62f3efaef2003137e973215b0d2837.udd" 5097
"C:/Users/kbc12306156/AppData/Local/UnrealEngine/Common/DerivedDataCache/Buckets/LegacyTEXTURE/fa/0b/df52c3edfe657a701243d6dcf55178f0cb97.udd" 5098
"C:/Users/kbc12306156/AppData/Local/UnrealEngine/Common/DerivedDataCache/Buckets/LegacyTEXTURE/28/59/230419f103a2f64aaf66776006c3ca35ae25.udd" 5099
"C:/Users/kbc12306156/AppData/Local/UnrealEngine/Common/DerivedDataCache/Buckets/LegacyTEXTURE/59/23/bd29d7eeb44c7352f0bf5f62ae7c0800c2e7.udd" 5100
"C:/Users/kbc12306156/AppData/Local/UnrealEngine/Common/DerivedDataCache/Buckets/LegacyTEXTURE/fd/a2/f2c88f2063c3f6429e8dca3614af7fa93165.udd" 5101
"C:/Users/kbc12306156/AppData/Local/UnrealEngine/Common/DerivedDataCache/Content/3d/fb/c98ac8884cd48d50572e762dd155197ef758.udd" 5102
"C:/Users/kbc12306156/AppData/Local/UnrealEngine/Common/DerivedDataCache/Content/2a/bc/87a31cbef87c0faf12939e85ddacdb839618.udd" 5103
"C:/Users/kbc12306156/AppData/Local/UnrealEngine/Common/DerivedDataCache/Content/98/4b/5b17de69f0e99053d51710a91ebf45b9fc03.udd" 5104
"C:/Users/kbc12306156/AppData/Local/UnrealEngine/Common/DerivedDataCache/Buckets/LegacyTEXTURE/1f/1d/224ebcdf0a7db90d0c253549973f62c5bff4.udd" 5105
"C:/Users/kbc12306156/AppData/Local/UnrealEngine/Common/DerivedDataCache/Buckets/LegacyTEXTURE/ef/f8/ada269fe5d0088f76777ce0ed57cbe49bec4.udd" 5106
"C:/Users/kbc12306156/AppData/Local/UnrealEngine/Common/DerivedDataCache/Buckets/LegacyTEXTURE/b8/89/b0f613d3dd3905fc78adf0526ba0738d7b84.udd" 5107
"C:/Users/kbc12306156/AppData/Local/UnrealEngine/Common/DerivedDataCache/Buckets/LegacyTEXTURE/01/1e/285a263895264631d2df60aadc3b7c1813f7.udd" 5108
"C:/Users/kbc12306156/AppData/Local/UnrealEngine/Common/DerivedDataCache/Buckets/LegacyTEXTURE/2b/87/ba9c140cf8f263ffc56395fdfc204a08676b.udd" 5109
"C:/Users/kbc12306156/AppData/Local/UnrealEngine/Common/DerivedDataCache/Buckets/LegacyTEXTURE/13/de/d1f5ac7a2138bca17a3bec640f064d3887a9.udd" 5110
"C:/Users/kbc12306156/AppData/Local/UnrealEngine/Common/DerivedDataCache/Buckets/LegacyTEXTURE/43/9a/61bbfe2f60777afefcc0c6b847976070bb70.udd" 5111
"C:/Users/kbc12306156/AppData/Local/UnrealEngine/Common/DerivedDataCache/Buckets/LegacyTEXTURE/60/f4/cfa9eb3f85445cb2298abcdae08eec203d5e.udd" 5112
"C:/Users/kbc12306156/AppData/Local/UnrealEngine/Common/DerivedDataCache/Buckets/LegacyTEXTURE/e7/10/7d95022f88618b754ae2093563cabd3bf6f0.udd" 5113
"C:/Users/kbc12306156/AppData/Local/UnrealEngine/Common/DerivedDataCache/Buckets/LegacyTEXTURE/42/be/b71114c9e18cd3b6af515f146263d3b5fd72.udd" 5114
"C:/Users/kbc12306156/AppData/Local/UnrealEngine/Common/DerivedDataCache/Buckets/LegacyTEXTURE/00/2f/9afe6628503367339e9d3e42a9a362fa9318.udd" 5115
"C:/Users/kbc12306156/AppData/Local/UnrealEngine/Common/DerivedDataCache/Buckets/LegacyTEXTURE/85/ce/e2edb841c47bc4ec4630af626825ad314bf2.udd" 5116
"C:/Users/kbc12306156/AppData/Local/UnrealEngine/Common/DerivedDataCache/Content/0e/06/36e163aa6987da43aff357fb0d12aca782e2.udd" 5117
"C:/Users/kbc12306156/AppData/Local/UnrealEngine/Common/DerivedDataCache/Buckets/LegacyTEXTURE/ed/1c/d287b7a65e453995d880de1c2db4c77aaa0b.udd" 5118
"C:/Users/kbc12306156/AppData/Local/UnrealEngine/Common/DerivedDataCache/Content/57/8c/8fd649a5fad8616ae28bf56b66dc51e18513.udd" 5119
"C:/Users/kbc12306156/AppData/Local/UnrealEngine/Common/DerivedDataCache/Buckets/LegacyTEXTURE/f7/15/08cea0339358986ab405c21cdaa8adcc99da.udd" 5120
"C:/Users/kbc12306156/AppData/Local/UnrealEngine/Common/DerivedDataCache/Content/bf/99/df738512c9854db2f5b5069d3d6b46ec3a0f.udd" 5121
"C:/Users/kbc12306156/AppData/Local/UnrealEngine/Common/DerivedDataCache/Buckets/LegacyTEXTURE/1f/b0/35932015e0afb5911bcfd50bba33bdb9e2e8.udd" 5122
"C:/Users/kbc12306156/AppData/Local/UnrealEngine/Common/DerivedDataCache/Buckets/LegacyTEXTURE/23/77/a6ebe32d1c76d7784b8ad367a4dabd7bd2cb.udd" 5123
"C:/Users/kbc12306156/AppData/Local/UnrealEngine/Common/DerivedDataCache/Buckets/LegacyTEXTURE/01/ef/9013d4ac6f52d281d783bcbb8993e4c7af2e.udd" 5124
"C:/Users/kbc12306156/AppData/Local/UnrealEngine/Common/DerivedDataCache/Buckets/LegacyTEXTURE/00/ef/199a448a6684366fa8caa4686b688baea171.udd" 5125
"C:/Users/kbc12306156/AppData/Local/UnrealEngine/Common/DerivedDataCache/Buckets/LegacyTEXTURE/4b/30/85cef2e9f7b2c860054807da51d4c467c481.udd" 5126
"C:/Users/kbc12306156/AppData/Local/UnrealEngine/Common/DerivedDataCache/Buckets/LegacyTEXTURE/b7/9c/913e1bf8cdc53a4e888cfb552e786dc3d02f.udd" 5127
"C:/Users/kbc12306156/AppData/Local/UnrealEngine/Common/DerivedDataCache/Content/ad/5c/c9640ab347ab3666734ea9609f3c18145c0d.udd" 5128
"C:/Users/kbc12306156/AppData/Local/UnrealEngine/Common/DerivedDataCache/Buckets/LegacyTEXTURE/bc/02/e303cc043240e2ca62b107e30d532a554335.udd" 5129
"C:/Users/kbc12306156/AppData/Local/UnrealEngine/Common/DerivedDataCache/Buckets/LegacyTEXTURE/7c/7d/cd2b408fc6c4354eef56fef6314bd15e822c.udd" 5130
"C:/Users/kbc12306156/AppData/Local/UnrealEngine/Common/DerivedDataCache/Buckets/LegacyTEXTURE/bb/0f/a415f54508e4ea4e1e234211018826202bc7.udd" 5131
"C:/Users/kbc12306156/AppData/Local/UnrealEngine/Common/DerivedDataCache/Buckets/LegacyTEXTURE/da/e2/6d46d21ccbe217869098691d035ce6032bb3.udd" 5132
"C:/Users/kbc12306156/AppData/Local/UnrealEngine/Common/DerivedDataCache/Buckets/LegacyTEXTURE/ff/cd/5f07ffa5deba11d610b0b204e06626c2cdf1.udd" 5133
"C:/Users/kbc12306156/AppData/Local/UnrealEngine/Common/DerivedDataCache/Buckets/LegacyTEXTURE/c1/37/cc00561f12d65a9cea1b2575afd7c4da3efe.udd" 5134
"C:/Users/kbc12306156/AppData/Local/UnrealEngine/Common/DerivedDataCache/Buckets/LegacyTEXTURE/d0/6d/86778cbb02f88a502d5d80e3a3370e260ce4.udd" 5135
"C:/Users/kbc12306156/AppData/Local/UnrealEngine/Common/DerivedDataCache/Content/a3/1a/79bb77ca90326af47f3bfcc4378da97f98e3.udd" 5136
"C:/Users/kbc12306156/AppData/Local/UnrealEngine/Common/DerivedDataCache/Buckets/LegacyTEXTURE/76/bf/81e4dd073230c3773f3258a5b9528d95a151.udd" 5137
"C:/Users/kbc12306156/AppData/Local/UnrealEngine/Common/DerivedDataCache/Buckets/LegacyTEXTURE/21/93/fca59e209f136dc70cb981d8c2ec62b8bbb1.udd" 5138
"C:/Users/kbc12306156/AppData/Local/UnrealEngine/Common/DerivedDataCache/Buckets/LegacyTEXTURE/05/2b/50c8922680c649c5ab59452425de6e073e98.udd" 5139
"C:/Users/kbc12306156/AppData/Local/UnrealEngine/Common/DerivedDataCache/Buckets/LegacyTEXTURE/0d/f8/45e1f821752ec9d1d83b6e11006cb51420b9.udd" 5140
"C:/PG/GFFproject/Content/Vefects/Free_Fire/Shared/Textures/T_VFX_Gradient_Up_Down_01.uasset" 5141
"C:/PG/GFFproject/Content/Vefects/Free_Fire/Shared/Textures/T_VFX_Noise_04.uasset" 5142
"C:/PG/GFFproject/Content/Vefects/Free_Fire/Shared/Textures/T_VFX_Noise_07.uasset" 5143
"C:/PG/GFFproject/Content/Vefects/Free_Fire/Shared/Textures/T_VFX_White.uasset" 5144
"C:/Users/kbc12306156/AppData/Local/UnrealEngine/Common/DerivedDataCache/Buckets/BulkDataList/49/70/6fde67d8b3c01a4719035385b16ffa8f7a09.udd" 5145
"C:/PG/GFFproject/Content/Vefects/Free_Fire/Shared/Textures/T_VFX_Fire_Mask_01.uasset" 5146
"C:/PG/GFFproject/Content/Vefects/Free_Fire/Shared/Textures/T_VFX_Noise_01.uasset" 5147
"C:/PG/GFFproject/Content/Vefects/Free_Fire/Shared/Textures/T_VFX_Dust_01.uasset" 5148
"C:/Users/kbc12306156/AppData/Local/UnrealEngine/Common/DerivedDataCache/Buckets/BulkDataList/4f/c4/5fdb0407c0a6e2af5697e0b46af389afb00e.udd" 5149
"C:/PG/GFFproject/Content/Vefects/Free_Fire/Shared/Textures/T_VFX_Glow_01.uasset" 5150
"C:/PG/GFFproject/Content/Vefects/Free_Fire/Shared/Textures/T_VFX_Ash_01.uasset" 5151
"../../../Engine/Content/Functions/Engine_MaterialFunctions01/Gradient/LinearGradient.uasset" 5152
"C:/Users/kbc12306156/AppData/Local/UnrealEngine/Common/DerivedDataCache/Buckets/BulkDataList/5c/db/434435355d2c12b674cc11e143fcbabeb076.udd" 5153
"../../../Engine/Content/Functions/Engine_MaterialFunctions02/Utility/Sign.uasset" 5154
"C:/Users/kbc12306156/AppData/Local/UnrealEngine/Common/DerivedDataCache/Buckets/BulkDataList/38/0b/01cdc9bec217f40fbeeee7879cda0943ed1b.udd" 5155
"C:/PG/GFFproject/Content/StarterContent/Materials/M_Basic_Wall.uasset" 5156
"C:/Users/kbc12306156/AppData/Local/UnrealEngine/Common/DerivedDataCache/Buckets/BulkDataList/bd/7e/42cb228550c37f8b69850a1ac948a78a5198.udd" 5157
"C:/PG/GFFproject/Content/BGM-SE/????????????.uasset" 5158
"C:/Users/kbc12306156/AppData/Local/UnrealEngine/Common/DerivedDataCache/Buckets/BulkDataList/5b/b4/bf0d6ef4106754a7a3591978e2479c3f715a.udd" 5159
"C:/PG/GFFproject/Content/BGM-SE/????????????.uasset" 5160
"C:/Users/kbc12306156/AppData/Local/UnrealEngine/Common/DerivedDataCache/Buckets/BulkDataList/58/64/82304230f3db0efc22c172e284c7fcd17660.udd" 5161
"C:/PG/GFFproject/Content/BGM-SE/AS_130675_??????????????????_1.uasset" 5162
"C:/Users/kbc12306156/AppData/Local/UnrealEngine/Common/DerivedDataCache/Buckets/BulkDataList/3a/d7/9654696de8d305b2dab3812346ed8a823488.udd" 5163
"C:/PG/GFFproject/Content/BGM-SE/AS_130679_??????????????????_3.uasset" 5164
"C:/Users/kbc12306156/AppData/Local/UnrealEngine/Common/DerivedDataCache/Buckets/BulkDataList/df/85/0fd996d8d98bcd3e345265ecd8e09974c067.udd" 5165
"C:/Users/kbc12306156/AppData/Local/UnrealEngine/Common/DerivedDataCache/Buckets/LegacySTREAMEDAUDIO/5b/44/cf36ce5fff44d1cc37912bc38d16d148fa82.udd" 5166
"C:/Users/kbc12306156/AppData/Local/UnrealEngine/Common/DerivedDataCache/Buckets/LegacyAudio/4a/52/fe0e2270868013093efa3d998b5e17da7fe9.udd" 5167
"C:/Users/kbc12306156/AppData/Local/UnrealEngine/Common/DerivedDataCache/Buckets/LegacySTREAMEDAUDIO/30/f2/66c86e405318048eaa80d6c457a19e089b5e.udd" 5168
"C:/Users/kbc12306156/AppData/Local/UnrealEngine/Common/DerivedDataCache/Buckets/LegacySTREAMEDAUDIO/d0/71/554d2c3cbf348266552840ec170705eb3fdd.udd" 5169
"C:/Users/kbc12306156/AppData/Local/UnrealEngine/Common/DerivedDataCache/Buckets/LegacyAudio/56/72/51bbb789af3c82bd5f7107d1059eb8d16cf0.udd" 5170
"C:/Users/kbc12306156/AppData/Local/UnrealEngine/Common/DerivedDataCache/Buckets/LegacySTREAMEDAUDIO/26/6a/53f15e353f3c92774def58ad7cf698101296.udd" 5171
"C:/Users/kbc12306156/AppData/Local/UnrealEngine/Common/DerivedDataCache/Buckets/LegacySTREAMEDAUDIO/a0/ee/89cc23b3c32a316e65bc07d014d5c746af5e.udd" 5172
"C:/Users/kbc12306156/AppData/Local/UnrealEngine/Common/DerivedDataCache/Buckets/LegacySTREAMEDAUDIO/79/8f/dfbb2a4e6ae71ccf9584a9ad0baf84308381.udd" 5173
"C:/Users/kbc12306156/AppData/Local/UnrealEngine/Common/DerivedDataCache/Buckets/LegacyTEXTURE/18/99/46a48efdd8240dfc66f64e28e16ac0394993.udd" 5174
"C:/Users/kbc12306156/AppData/Local/UnrealEngine/Common/DerivedDataCache/Buckets/LegacyTEXTURE/7d/1e/730c9c858be07ea07ebf450cc6be9867b722.udd" 5175
"C:/Users/kbc12306156/AppData/Local/UnrealEngine/Common/DerivedDataCache/Buckets/LegacyTEXTURE/c4/1b/fd371e31bc49d78605a62e6df879251c98ec.udd" 5176
"C:/Users/kbc12306156/AppData/Local/UnrealEngine/Common/DerivedDataCache/Buckets/LegacyTEXTURE/63/e6/652e94b64f04bd04a875a6b08e7ce98caea2.udd" 5177
"C:/Users/kbc12306156/AppData/Local/UnrealEngine/Common/DerivedDataCache/Buckets/LegacyTEXTURE/d1/5d/f2f577cddbbef3f6b097d71a1a1369874d94.udd" 5178
"C:/Users/kbc12306156/AppData/Local/UnrealEngine/Common/DerivedDataCache/Buckets/LegacyTEXTURE/45/7c/b88601d59ef095df8a5710df0412c0c80a17.udd" 5179
"C:/Users/kbc12306156/AppData/Local/UnrealEngine/Common/DerivedDataCache/Buckets/LegacyTEXTURE/25/34/7cf058e0ca26beb8b04ae43384e0b1a1e427.udd" 5180
"C:/Users/kbc12306156/AppData/Local/UnrealEngine/Common/DerivedDataCache/Buckets/LegacyTEXTURE/85/bd/a7ddbf6e82559ba857e208825eee0fff803d.udd" 5181
"C:/Users/kbc12306156/AppData/Local/UnrealEngine/Common/DerivedDataCache/Content/9c/54/9a0876891ee8293a6fb972c1282649eb59e1.udd" 5182
"C:/Users/kbc12306156/AppData/Local/UnrealEngine/Common/DerivedDataCache/Buckets/LegacyTEXTURE/f9/63/17c950d1a32e5b13fe129a48fbcc80cad52b.udd" 5183
"C:/Users/kbc12306156/AppData/Local/UnrealEngine/Common/DerivedDataCache/Buckets/LegacyTEXTURE/fd/10/90dc27d00aec8760377e8701c5fdd44c3c88.udd" 5184
"C:/Users/kbc12306156/AppData/Local/UnrealEngine/Common/DerivedDataCache/Buckets/LegacyTEXTURE/29/0b/31758d6337f12deb77841b1307452c662a01.udd" 5185
"C:/PG/GFFproject/Content/BGM-SE/AS_203198_?????????????.uasset" 5186
"C:/Users/kbc12306156/AppData/Local/UnrealEngine/Common/DerivedDataCache/Buckets/LegacyTEXTURE/e7/94/6ebcca1234f84894a9f985b754aa946f407a.udd" 5187
"C:/Users/kbc12306156/AppData/Local/UnrealEngine/Common/DerivedDataCache/Buckets/LegacyTEXTURE/bc/d3/5cec6b1db35206c76f142f478fa65b326e73.udd" 5188
"C:/Users/kbc12306156/AppData/Local/UnrealEngine/Common/DerivedDataCache/Buckets/LegacyTEXTURE/a3/6f/6105f6c50983dd8b1ee65821bc5ce3d178c7.udd" 5189
"C:/Users/kbc12306156/AppData/Local/UnrealEngine/Common/DerivedDataCache/Buckets/LegacyTEXTURE/ac/c3/a47216edcd91918ae10bc8cf7ffb69cf041e.udd" 5190
"C:/Users/kbc12306156/AppData/Local/UnrealEngine/Common/DerivedDataCache/Buckets/LegacyTEXTURE/76/27/4bc483b5c77befaf50190bc08e700f2101fb.udd" 5191
"C:/Users/kbc12306156/AppData/Local/UnrealEngine/Common/DerivedDataCache/Buckets/BulkDataList/83/52/59da4ac4f207bae5405434c1efd0015142fd.udd" 5192
"C:/Users/kbc12306156/AppData/Local/UnrealEngine/Common/DerivedDataCache/Buckets/LegacyTEXTURE/a8/60/1cbfcdb268dc5cba80b8597b243c7024fb5d.udd" 5193
"C:/PG/GFFproject/Content/Vefects/Free_Fire/Shared/Textures/T_VFX_Noise_08.uasset" 5194
"C:/Users/kbc12306156/AppData/Local/UnrealEngine/Common/DerivedDataCache/Buckets/LegacyTEXTURE/fc/85/a1eb06095aa692ebd34a8b3bb1ba22150399.udd" 5195
"C:/Users/kbc12306156/AppData/Local/UnrealEngine/Common/DerivedDataCache/Buckets/BulkDataList/2a/3d/1d142dab5e4257244f9b415d4db8ee307f13.udd" 5196
"C:/Users/kbc12306156/AppData/Local/UnrealEngine/Common/DerivedDataCache/Buckets/LegacyTEXTURE/e7/e7/fb828014829ab781ad45f9f6847010e9cabc.udd" 5197
"C:/PG/GFFproject/Content/Vefects/Free_Fire/Shared/Textures/T_VFX_Smoke_01.uasset" 5198
"C:/Users/kbc12306156/AppData/Local/UnrealEngine/Common/DerivedDataCache/Buckets/BulkDataList/20/47/981f3500e777b0fd0e5819a1b1ba74ca942a.udd" 5199
"../../../Engine/Content/Functions/Engine_MaterialFunctions02/WorldPositionOffset/V2/ObjectScale.uasset" 5200
"C:/Users/kbc12306156/AppData/Local/UnrealEngine/Common/DerivedDataCache/Buckets/BulkDataList/03/0b/7ec0736407f0a4b66001c31e6f7198a3229d.udd" 5201
"../../../Engine/Content/VREditor/LaserPointer/LaserPointerMaterial.uasset" 5202
"C:/Users/kbc12306156/AppData/Local/UnrealEngine/Common/DerivedDataCache/Buckets/LegacyTEXTURE/b9/de/4fe728cbdf1a09d253ec64c3ee686b5ab3cb.udd" 5203
"C:/Users/kbc12306156/AppData/Local/UnrealEngine/Common/DerivedDataCache/Buckets/BulkDataList/39/5f/07419005882ba4ee191802e455041794aa69.udd" 5204
"../../../Engine/Content/Functions/Engine_MaterialFunctions02/Math/Transform3x3Matrix.uasset" 5205
"C:/Users/kbc12306156/AppData/Local/UnrealEngine/Common/DerivedDataCache/Buckets/BulkDataList/46/34/591c9c42a7a6c7a3dd9c67728ca84b20478c.udd" 5206
"C:/PG/GFFproject/Content/ThirdPerson/Blueprints/nest_map.uasset" 5207
"C:/Users/kbc12306156/AppData/Local/UnrealEngine/Common/DerivedDataCache/Buckets/LegacyTEXTURE/8f/d5/90c0b5e7a7917c3e233a707777be93534158.udd" 5208
"C:/Users/kbc12306156/AppData/Local/UnrealEngine/Common/DerivedDataCache/Buckets/BulkDataList/39/76/967460b8832c9f57f6e0a71bce7f8df53bfa.udd" 5209
"C:/PG/GFFproject/Content/UI/die_count.uasset" 5210
"C:/Users/kbc12306156/AppData/Local/UnrealEngine/Common/DerivedDataCache/Buckets/LegacyTEXTURE/64/6e/e5bcb03193e885304dad9c65f1f53d7d1a50.udd" 5211
"C:/Users/kbc12306156/AppData/Local/UnrealEngine/Common/DerivedDataCache/Buckets/LegacyTEXTURE/c1/74/9a88572435535de9adc9f84a068ea7465cfd.udd" 5212
"C:/Users/kbc12306156/AppData/Local/UnrealEngine/Common/DerivedDataCache/Buckets/BulkDataList/48/0c/4143a78a717a8b52204d499f9a1cd5f7454b.udd" 5213
"C:/PG/GFFproject/Content/ThirdPerson/Blueprints/nest_stage_M.uasset" 5214
"C:/Users/kbc12306156/AppData/Local/UnrealEngine/Common/DerivedDataCache/Buckets/LegacyTEXTURE/f2/37/cc29a74b72c714fb0af3b35e6554ff6dced1.udd" 5215
"../../../Engine/Plugins/Interchange/Runtime/Content/gltf/MaterialFunctions/MF_TransformUVs.uasset" 5216
"C:/Users/kbc12306156/AppData/Local/UnrealEngine/Common/DerivedDataCache/Buckets/LegacyTEXTURE/50/8b/d96afcaaee8d79d76bae484e37e25f82331d.udd" 5217
"../../../Engine/Content/EngineMaterials/PPM_DefaultCalibrationGrayscale.uasset" 5218
"C:/Users/kbc12306156/AppData/Local/UnrealEngine/Common/DerivedDataCache/Buckets/LegacyTEXTURE/08/25/1f66aa19b5e240f4f8a5284c6e8791f43c3f.udd" 5219
"../../../Engine/Content/EngineMaterials/PPM_DefaultCalibrationColor.uasset" 5220
"C:/Users/kbc12306156/AppData/Local/UnrealEngine/Common/DerivedDataCache/Buckets/BulkDataList/b5/90/441a9c10d91b19ea9e956c1c1db0521ed6e2.udd" 5221
"../../../Engine/Content/MobileResources/HUD/DefaultVirtualJoysticks.uasset" 5222
"C:/Users/kbc12306156/AppData/Local/UnrealEngine/Common/DerivedDataCache/Buckets/BulkDataList/90/bd/ea64b5734cdae1aa09fbdf3e8edc8bcba6a4.udd" 5223
"../../../Engine/Content/EditorMaterials/PreviewShadowIndicatorMaterial.uasset" 5224
"C:/Users/kbc12306156/AppData/Local/UnrealEngine/Common/DerivedDataCache/Buckets/BulkDataList/ac/e9/9418ab4a0f9cf1c0feddf9733fca52f5761c.udd" 5225
"../../../Engine/Plugins/Importers/USDImporter/Content/Materials/WorldSpaceNormalsToTangentSpace.uasset" 5226
"C:/Users/kbc12306156/AppData/Local/UnrealEngine/Common/DerivedDataCache/Buckets/BulkDataList/76/55/1d9952a04d9cbcc98d7d280d3a0b06654fd6.udd" 5227
"../../../Engine/Plugins/Importers/USDImporter/Content/Materials/DisplayColorAndOpacity.uasset" 5228
"C:/Users/kbc12306156/AppData/Local/UnrealEngine/Common/DerivedDataCache/Buckets/BulkDataList/4e/c0/9ad415143b30a0025ba93db9b0ac5818a33b.udd" 5229
"C:/Users/kbc12306156/AppData/Local/UnrealEngine/Common/DerivedDataCache/Buckets/LegacyTEXTURE/cc/f6/346b6255b281eb474bdf5b5ecd6ec2bb7b3c.udd" 5230
"C:/Users/kbc12306156/AppData/Local/UnrealEngine/Common/DerivedDataCache/Buckets/LegacyTEXTURE/50/9b/5ea4c2319d9e7862784ed1326acd54f83672.udd" 5231
"C:/Users/kbc12306156/AppData/Local/UnrealEngine/Common/DerivedDataCache/Buckets/LegacyTEXTURE/8d/32/1fa5fe6ac859deb8e7e7837e71d2ded9cf40.udd" 5232
"C:/Users/kbc12306156/AppData/Local/UnrealEngine/Common/DerivedDataCache/Buckets/LegacyTEXTURE/cf/fc/b5a0d64cacb86393594ae9d31d96b3a1a819.udd" 5233
"C:/Users/kbc12306156/AppData/Local/UnrealEngine/Common/DerivedDataCache/Buckets/LegacyTEXTURE/bd/e8/2ed5faa1401312409d04f62ef9d188ee39c4.udd" 5234
"C:/Users/kbc12306156/AppData/Local/UnrealEngine/Common/DerivedDataCache/Buckets/LegacyTEXTURE/7c/59/236c8b5377a637169e8154c44310a7af55b6.udd" 5235
"C:/Users/kbc12306156/AppData/Local/UnrealEngine/Common/DerivedDataCache/Buckets/LegacyTEXTURE/27/07/4f5b237833214152f95b47109b2540262496.udd" 5236
"C:/Users/kbc12306156/AppData/Local/UnrealEngine/Common/DerivedDataCache/Buckets/LegacyTEXTURE/a6/28/b58ec1cd3890347ce69d83114d4a962c1475.udd" 5237
"C:/Users/kbc12306156/AppData/Local/UnrealEngine/Common/DerivedDataCache/Buckets/LegacyTEXTURE/cf/ca/54c40f681fa63a4f35a12248780f1ad7e314.udd" 5238
"C:/Users/kbc12306156/AppData/Local/UnrealEngine/Common/DerivedDataCache/Buckets/LegacyTEXTURE/5d/96/ac50ae0b6ca6d5e8fdef6938efc3029b6ca6.udd" 5239
"C:/Users/kbc12306156/AppData/Local/UnrealEngine/Common/DerivedDataCache/Buckets/LegacyTEXTURE/47/ba/de0fcf23e8eb2d189c99b41278718b230423.udd" 5240
"C:/Users/kbc12306156/AppData/Local/UnrealEngine/Common/DerivedDataCache/Buckets/LegacyTEXTURE/12/7e/1bad016eac7a76e3e71465532781f96c2817.udd" 5241
"C:/Users/kbc12306156/AppData/Local/UnrealEngine/Common/DerivedDataCache/Buckets/LegacyTEXTURE/ef/16/b2634b4b966bf80ee4cfc0cd1978c82c5efe.udd" 5242
"C:/Users/kbc12306156/AppData/Local/UnrealEngine/Common/DerivedDataCache/Buckets/LegacyTEXTURE/32/29/a79de0fd35dc3b3aa71691c4fc26e834b0f0.udd" 5243
"C:/Users/kbc12306156/AppData/Local/UnrealEngine/Common/DerivedDataCache/Buckets/LegacyTEXTURE/91/e2/9c030b1f95586543f70e42a7220d37ea337b.udd" 5244
"C:/Users/kbc12306156/AppData/Local/UnrealEngine/Common/DerivedDataCache/Buckets/LegacyTEXTURE/1d/25/485f580114cb3303ff115f852665db045982.udd" 5245
"C:/Users/kbc12306156/AppData/Local/UnrealEngine/Common/DerivedDataCache/Buckets/LegacyTEXTURE/17/ed/b3b0df769f205f7257027eeb672270e9a22f.udd" 5246
"C:/Users/kbc12306156/AppData/Local/UnrealEngine/Common/DerivedDataCache/Buckets/LegacyTEXTURE/7a/5f/635547d4cb0c24c4d835b63939e64ad126c5.udd" 5247
"C:/Users/kbc12306156/AppData/Local/UnrealEngine/Common/DerivedDataCache/Buckets/LegacyTEXTURE/07/22/581d6098eb8f7bf6d0b712edf7b31d3378f2.udd" 5248
"C:/Users/kbc12306156/AppData/Local/UnrealEngine/Common/DerivedDataCache/Buckets/LegacyTEXTURE/04/9b/8f89de2e078ae0c0c65753c0b612fd20e2c1.udd" 5249
"C:/Users/kbc12306156/AppData/Local/UnrealEngine/Common/DerivedDataCache/Buckets/LegacyTEXTURE/72/0c/d5ed9695b51cc70e414063afcd2757a1f325.udd" 5250
"C:/Users/kbc12306156/AppData/Local/UnrealEngine/Common/DerivedDataCache/Buckets/LegacyTEXTURE/61/5a/68af4e523d2671365d4b1b5bb760cab99606.udd" 5251
"C:/Users/kbc12306156/AppData/Local/UnrealEngine/Common/DerivedDataCache/Buckets/LegacyTEXTURE/6e/1e/2221e168c95da819de05dc19c89fa94c34db.udd" 5252
"C:/Users/kbc12306156/AppData/Local/UnrealEngine/Common/DerivedDataCache/Buckets/LegacyAudio/e9/ea/a2e015582cd39717e3a63264b758f2bbc98f.udd" 5253
"C:/Users/kbc12306156/AppData/Local/UnrealEngine/Common/DerivedDataCache/Buckets/LegacySTREAMEDAUDIO/0e/ea/c6828bd54f180388bb3af8c42d17f24d3dd6.udd" 5254
"C:/Users/kbc12306156/AppData/Local/UnrealEngine/Common/DerivedDataCache/Buckets/LegacySTREAMEDAUDIO/da/a8/183f7f400b9fe31b814d615db5819d35c167.udd" 5255
"C:/Users/kbc12306156/AppData/Local/UnrealEngine/Common/DerivedDataCache/Buckets/LegacySTREAMEDAUDIO/e7/0c/182cd008028835ab11add0cb56a593b0fcc2.udd" 5256
"C:/Users/kbc12306156/AppData/Local/UnrealEngine/Common/DerivedDataCache/Buckets/LegacyAudio/af/83/163a890b66b462a80ba55d9af274404af107.udd" 5257
"C:/Users/kbc12306156/AppData/Local/UnrealEngine/Common/DerivedDataCache/Buckets/LegacyAudio/ea/bb/663b171790ffba2cc58a99ae61b8619163be.udd" 5258
"C:/Users/kbc12306156/AppData/Local/UnrealEngine/Common/DerivedDataCache/Buckets/LegacyAudio/e9/54/6c62d8d48f6413ded11b7cf7bb0374bdbc1a.udd" 5259
"C:/Users/kbc12306156/AppData/Local/UnrealEngine/Common/DerivedDataCache/Buckets/LegacyAudio/b5/6a/7ebba3bbed81da435c8738c0b27088da5a79.udd" 5260
"C:/Users/kbc12306156/AppData/Local/UnrealEngine/Common/DerivedDataCache/Buckets/LegacySTREAMEDAUDIO/15/19/ec6cc14cf295c59a309341638a9f39f97ef8.udd" 5261
"C:/Users/kbc12306156/AppData/Local/UnrealEngine/Common/DerivedDataCache/Buckets/LegacySTREAMEDAUDIO/35/3a/d12249564d953116dabba30d75114cb3b946.udd" 5262
"C:/Users/kbc12306156/AppData/Local/UnrealEngine/Common/DerivedDataCache/Buckets/LegacySTREAMEDAUDIO/cb/c9/b704a82025fb88d0215332bf71b38ac721bd.udd" 5263
"C:/Users/kbc12306156/AppData/Local/UnrealEngine/Common/DerivedDataCache/Buckets/LegacySTREAMEDAUDIO/18/12/1f1b364afafeb85ef473bfdd3cd8d24c7dc6.udd" 5264
"C:/Users/kbc12306156/AppData/Local/UnrealEngine/Common/DerivedDataCache/Buckets/LegacySTREAMEDAUDIO/2f/22/a55144a9a3c55c4ab1c829ec6e496ac71a51.udd" 5265
"C:/Users/kbc12306156/AppData/Local/UnrealEngine/Common/DerivedDataCache/Buckets/LegacySTREAMEDAUDIO/2a/73/434da566e00933c5d98e20c92cb2b8c14ef1.udd" 5266
"C:/Users/kbc12306156/AppData/Local/UnrealEngine/Common/DerivedDataCache/Buckets/LegacySTREAMEDAUDIO/ad/eb/36e471c32be16bde654b3c4ede492db5dd48.udd" 5267
"C:/Users/kbc12306156/AppData/Local/UnrealEngine/Common/DerivedDataCache/Buckets/LegacySTREAMEDAUDIO/0b/08/c64d14352f898992477f0eb421caf369f431.udd" 5268
"C:/Users/kbc12306156/AppData/Local/UnrealEngine/Common/DerivedDataCache/Buckets/LegacySTREAMEDAUDIO/71/5c/82160a7663a93e6990ea46dbc47465e7d115.udd" 5269
"C:/Users/kbc12306156/AppData/Local/UnrealEngine/Common/DerivedDataCache/Buckets/LegacySTREAMEDAUDIO/d6/68/46ff8f5556c224d69b52b5399799bffd5185.udd" 5270
"C:/Users/kbc12306156/AppData/Local/UnrealEngine/Common/DerivedDataCache/Buckets/LegacySTREAMEDAUDIO/37/ee/cf61856d1cac4825c29bfbbcc73820fb42a6.udd" 5271
"C:/Users/kbc12306156/AppData/Local/UnrealEngine/Common/DerivedDataCache/Buckets/LegacySTREAMEDAUDIO/f8/29/bcfecd3fcc4569df5f2d0ab2e4c8ae24189a.udd" 5272
"../../../Engine/Plugins/Importers/USDImporter/Content/Materials/DisplayColor.uasset" 5273
"C:/Users/kbc12306156/AppData/Local/UnrealEngine/Common/DerivedDataCache/Buckets/BulkDataList/98/f2/5c2e3a766906751bb3600a67939cb1a74e83.udd" 5274
"../../../Engine/Plugins/Interchange/Runtime/Content/Materials/PhongSurfaceMaterial.uasset" 5275
"C:/Users/kbc12306156/AppData/Local/UnrealEngine/Common/DerivedDataCache/Buckets/BulkDataList/26/9e/228035c91f52a40c3b4c116b6e68904183f8.udd" 5276
"../../../Engine/Plugins/Interchange/Runtime/Content/Materials/CommonMaterial.uasset" 5277
"../../../Engine/Plugins/Interchange/Runtime/Content/gltf/MaterialFunctions/MF_PerceivedBrightness.uasset" 5278
"C:/Users/kbc12306156/AppData/Local/UnrealEngine/Common/DerivedDataCache/Buckets/LegacyTEXTURE/8f/0f/318b67e064042e5261c097a484794ecb696d.udd" 5279
"C:/Users/kbc12306156/AppData/Local/UnrealEngine/Common/DerivedDataCache/Buckets/LegacyTEXTURE/e2/1a/f401dbfedafaea1241e1323535f15886b7fa.udd" 5280
"C:/Users/kbc12306156/AppData/Local/UnrealEngine/Common/DerivedDataCache/Buckets/LegacyTEXTURE/2d/19/f5c286e903ac5c925700eed8a6497ffe96a3.udd" 5281
"C:/Users/kbc12306156/AppData/Local/UnrealEngine/Common/DerivedDataCache/Buckets/LegacyTEXTURE/ba/69/e72877952c445324c5c3d21e30a0e639cfec.udd" 5282
"C:/Users/kbc12306156/AppData/Local/UnrealEngine/Common/DerivedDataCache/Buckets/LegacyTEXTURE/1c/7e/45098e9787a0bd297cb499a44e4069a9e8d8.udd" 5283
"C:/Users/kbc12306156/AppData/Local/UnrealEngine/Common/DerivedDataCache/Buckets/LegacyTEXTURE/fe/9c/302ab2c02b06c725f7be1f60ab77f3205384.udd" 5284
"C:/Users/kbc12306156/AppData/Local/UnrealEngine/Common/DerivedDataCache/Buckets/LegacyTEXTURE/e0/d8/68544744674ac2ebf19bb3159a7ed58e5880.udd" 5285
"../../../Engine/Plugins/Interchange/Runtime/Content/gltf/MaterialFunctions/MF_Temporal_Blur.uasset" 5286
"../../../Engine/Plugins/Interchange/Runtime/Content/Functions/MF_Iridescence.uasset" 5287
"C:/PG/GFFproject/Content/ThirdPerson/Input/IMC_Default.uasset" 5288
"C:/PG/GFFproject/Content/EnemyBos/Enemy_Attack/M_MAgic.uasset" 5289
"../../../Engine/Content/Functions/Engine_MaterialFunctions01/Gradient/RadialGradientExponential.uasset" 5290
"C:/PG/GFFproject/Content/MegaMagicVFXBundle/VFX/MagicShieldsVFX/Essentials/Materials/M_WindWall.uasset" 5291
"C:/PG/GFFproject/Content/MonsterForSurvivalGame/Animation/PBR/Cactus/Cactus_IdlePlant_ANIM.uasset" 5292
"C:/PG/GFFproject/Content/MonsterForSurvivalGame/Animation/PBR/Cactus/Cactus_RunFWD_ANIM.uasset" 5293
"C:/PG/GFFproject/Content/MonsterForSurvivalGame/Animation/PBR/Cactus/Cactus_SenseSomethingMaint_ANIM.uasset" 5294
"C:/PG/GFFproject/Content/MonsterForSurvivalGame/Animation/PBR/Cactus/Cactus_Taunting_ANIM.uasset" 5295
"C:/PG/GFFproject/Content/MonsterForSurvivalGame/Animation/PBR/Cactus/Cactus_Victory_ANIM.uasset" 5296
"C:/PG/GFFproject/Content/MonsterForSurvivalGame/Animation/PBR/Cactus/Cactus_IdleNormal_ANIM.uasset" 5297
"C:/PG/GFFproject/Content/MonsterForSurvivalGame/Animation/PBR/ChestMonster/ChestMonster_IdleBattle_ANIM.uasset" 5298
"C:/PG/GFFproject/Content/MonsterForSurvivalGame/Animation/PBR/ChestMonster/ChestMonster_IdleChest_ANIM.uasset" 5299
"C:/PG/GFFproject/Content/MonsterForSurvivalGame/Animation/PBR/ChestMonster/ChestMonster_IdleNormal_ANIM.uasset" 5300
"C:/PG/GFFproject/Content/MonsterForSurvivalGame/Animation/PBR/ChestMonster/ChestMonster_SenseSomethingRPT_ANIM.uasset" 5301
"C:/PG/GFFproject/Content/MonsterForSurvivalGame/Animation/PBR/ChestMonster/ChestMonster_Taunting_ANIM.uasset" 5302
"C:/PG/GFFproject/Content/MonsterForSurvivalGame/Animation/PBR/Mushroom/SmileVersion/Mushroom_walkBWDSmile_ANIM.uasset" 5303
"C:/PG/GFFproject/Content/MonsterForSurvivalGame/Animation/PBR/Mushroom/SmileVersion/Mushroom_walkFWDSmile_ANIM.uasset" 5304
"C:/PG/GFFproject/Content/MonsterForSurvivalGame/Animation/PBR/Swarm09/Swarm09_Idle_Anim.uasset" 5305
"C:/PG/GFFproject/Content/MonsterForSurvivalGame/Animation/PBR/Swarm09/Swarm09_MoveBWD_Anim.uasset" 5306
"C:/PG/GFFproject/Content/MonsterForSurvivalGame/Animation/PBR/TurtleShell/TurtleShell_IdleNormal_ANIM.uasset" 5307
"C:/Users/kbc12306156/AppData/Local/UnrealEngine/Common/DerivedDataCache/Buckets/LegacyAnimSeq/6c/1f/3cef39880ae3e43f3a243b5af0c0e62aae21.udd" 5308
"C:/PG/GFFproject/Content/MonsterForSurvivalGame/Animation/PBR/TurtleShell/TurtleShell_SenseSomethingRT_ANIM.uasset" 5309
"C:/PG/GFFproject/Content/MonsterForSurvivalGame/Animation/PBR/TurtleShell/TurtleShell_WalkLeft_ANIM.uasset" 5310
"C:/PG/GFFproject/Content/MonsterForSurvivalGame/Animation/PBR/TurtleShell/TurtleShell_WalkRight_ANIM.uasset" 5311
"C:/PG/GFFproject/Content/StarterContent/Materials/M_Concrete_Tiles.uasset" 5312
"C:/PG/GFFproject/Content/StarterContent/Materials/M_Tech_Hex_Tile_Pulse.uasset" 5313
"C:/PG/GFFproject/Content/UI/WBP_mapsetumei.uasset" 5314
"C:/PG/GFFproject/Content/UI/WBP_Pause.uasset" 5315
"C:/PG/GFFproject/Content/Vefects/Free_Fire/Demo/Materials/MM_StandardGrid.uasset" 5316
"C:/PG/GFFproject/Content/StarterContent/Materials/M_Wood_Oak.uasset" 5317
"C:/PG/GFFproject/Content/StarterContent/Props/Materials/M_StatueGlass.uasset" 5318
"C:/PG/GFFproject/Content/StarterContent/Materials/M_Brick_Cut_Stone.uasset" 5319
"C:/PG/GFFproject/Content/StarterContent/Materials/M_Wood_Pine.uasset" 5320
"C:/Users/kbc12306156/AppData/Local/UnrealEngine/Common/DerivedDataCache/Buckets/LegacyAnimSeq/f2/43/213a9ecffa0f6a2f39675651f525faae6e20.udd" 5321
"C:/Users/kbc12306156/AppData/Local/UnrealEngine/Common/DerivedDataCache/Buckets/LegacyAnimSeq/e2/a4/46b751776c00fd46996a69e413707d28ac6c.udd" 5322
"C:/Users/kbc12306156/AppData/Local/UnrealEngine/Common/DerivedDataCache/Buckets/LegacyAnimSeq/60/1f/0a54c8b99c4a7a1caf0c34713b7787114a30.udd" 5323
"C:/Users/kbc12306156/AppData/Local/UnrealEngine/Common/DerivedDataCache/Buckets/LegacyAnimSeq/ff/35/ed50ec419c8a82f1326b04a6d32e8aa0d499.udd" 5324
"C:/PG/GFFproject/Content/StarterContent/Materials/M_Rock_Marble_Polished.uasset" 5325
"C:/PG/GFFproject/Content/UI/WBP_Help.uasset" 5326
"C:/PG/GFFproject/Content/UI/WBP_Title.uasset" 5327
"C:/PG/GFFproject/Content/RadicalMike/Animations/Anim_ZMIKE_UppercutL.uasset" 5328
"C:/PG/GFFproject/Content/RadicalMike/Animations/Anim_ZMIKE_DeathState.uasset" 5329
"C:/PG/GFFproject/Content/RadicalMike/Animations/Anim_ZMIKE_HitRegisterFront_Death.uasset" 5330
"C:/PG/GFFproject/Content/RadicalMike/Animations/Anim_ZMIKE_IdleAggro.uasset" 5331
"C:/PG/GFFproject/Content/RadicalMike/Animations/Anim_ZMIKE_ClawL.uasset" 5332
"C:/PG/GFFproject/Content/RadicalMike/Animations/Anim_ZMIKE_HitRegisterFront.uasset" 5333
"C:/PG/GFFproject/Content/RadicalMike/Animations/Anim_ZMIKE_JumpApex.uasset" 5334
"C:/PG/GFFproject/Content/RadicalMike/Animations/Anim_ZMIKE_Run.uasset" 5335
"C:/PG/GFFproject/Content/RadicalMike/Animations/Anim_ZMIKE_Walk.uasset" 5336
"C:/PG/GFFproject/Content/UI/WBP_GameOver.uasset" 5337
"C:/PG/GFFproject/Content/UI/WBP_Gameclear.uasset" 5338
"C:/PG/GFFproject/Content/Arena/Materials/M_AnimFabric01.uasset" 5339
"C:/PG/GFFproject/Content/Realistic_Starter_VFX_Pack_Vol2/Mesh/SM_Derbis_B.uasset" 5340
"C:/Users/kbc12306156/AppData/Local/UnrealEngine/Common/DerivedDataCache/Buckets/LegacyAnimSeq/6e/e6/c11f89272cc7fb38eebd817e5dd430f47aec.udd" 5341
"C:/Users/kbc12306156/AppData/Local/UnrealEngine/Common/DerivedDataCache/Buckets/LegacyAnimSeq/5e/b7/1120490b245b0227ac28d400715608f75b3e.udd" 5342
"C:/Users/kbc12306156/AppData/Local/UnrealEngine/Common/DerivedDataCache/Buckets/LegacyAnimSeq/23/e1/ed6ed425c1c001bfd0aeb6df493a8cea5967.udd" 5343
"C:/Users/kbc12306156/AppData/Local/UnrealEngine/Common/DerivedDataCache/Buckets/LegacyAnimSeq/58/36/81977f40830d6c02d31155108d4c09e4c6cb.udd" 5344
"C:/Users/kbc12306156/AppData/Local/UnrealEngine/Common/DerivedDataCache/Buckets/LegacyAnimSeq/7a/0e/1fc69a53e0877979d58cd903b7a75c07a6ea.udd" 5345
"C:/Users/kbc12306156/AppData/Local/UnrealEngine/Common/DerivedDataCache/Buckets/LegacyAnimSeq/4f/8b/4376b6e5202c1d3b88ee7e9ecef979de5261.udd" 5346
"C:/Users/kbc12306156/AppData/Local/UnrealEngine/Common/DerivedDataCache/Buckets/LegacyAnimSeq/c3/f8/1d11eb0d011f71feeb79bebf3b3db9ec619a.udd" 5347
"C:/Users/kbc12306156/AppData/Local/UnrealEngine/Common/DerivedDataCache/Buckets/LegacyAnimSeq/26/61/bbda96ffbc5aa0b0a04b4333aec79a5c4e20.udd" 5348
"C:/PG/GFFproject/Content/UI/WBP_Charge.uasset" 5349
"C:/PG/GFFproject/Content/UI/WBP_sousahouhou.uasset" 5350
"C:/PG/GFFproject/Content/StarterContent/Architecture/SM_AssetPlatform.uasset" 5351
"../../../Engine/Content/EngineSky/M_Sky_Panning_Clouds2.uasset" 5352
"C:/PG/GFFproject/Content/Arena/Materials/M_BaseMaster.uasset" 5353
"C:/PG/GFFproject/Content/Arena/Materials/M_CrackDecalMaster.uasset" 5354
"C:/PG/GFFproject/Content/MonsterForSurvivalGame/Animation/PBR/Beholder/Beholder_SenseSomethingRPT_ANIM.uasset" 5355
"C:/PG/GFFproject/Content/MonsterForSurvivalGame/Animation/PBR/Beholder/Beholder_Run_ANIM.uasset" 5356
"C:/PG/GFFproject/Content/MonsterForSurvivalGame/Animation/PBR/Beholder/Beholder_WalkFWD_ANIM.uasset" 5357
"C:/PG/GFFproject/Content/MonsterForSurvivalGame/Animation/PBR/Beholder/Beholder_Victory_ANIM.uasset" 5358
"C:/PG/GFFproject/Content/MonsterForSurvivalGame/Animation/PBR/Slime/Slime_Victory_ANIM.uasset" 5359
"C:/PG/GFFproject/Content/MonsterForSurvivalGame/Animation/PBR/Slime/Slime_Walk_ANIM.uasset" 5360
"C:/PG/GFFproject/Content/MonsterForSurvivalGame/Animation/PBR/Swarm08/Swarm08_Idle_Anim.uasset" 5361
"C:/PG/GFFproject/Content/MonsterForSurvivalGame/Animation/PBR/Swarm08/Swarm08_MoveBWD_Anim.uasset" 5362
"C:/PG/GFFproject/Content/MonsterForSurvivalGame/Material/DefaultPBR_MAT.uasset" 5363
"C:/Users/kbc12306156/AppData/Local/UnrealEngine/Common/DerivedDataCache/Buckets/LegacyMESHDATAKEY/76/e3/1411aab0e8de21feb1f80a1069b9a521494b.udd" 5364
"C:/PG/GFFproject/Content/RadicalMike/Materials/Body/M_MasterMaterial.uasset" 5365
"C:/Users/kbc12306156/AppData/Local/UnrealEngine/Common/DerivedDataCache/Buckets/StaticMesh/47/95/933cd41126508d9a224c83f91b60ece05862.udd" 5366
"C:/Users/kbc12306156/AppData/Local/UnrealEngine/Common/DerivedDataCache/Buckets/LegacyDIST/3b/1f/a0e7412b2275a07e2a0c9a6d33ae35a0dae2.udd" 5367
"C:/Users/kbc12306156/AppData/Local/UnrealEngine/Common/DerivedDataCache/Buckets/LegacyCARD/df/56/5022275019ad5ee3748dc17d4727c56949be.udd" 5368
"C:/Users/kbc12306156/AppData/Local/UnrealEngine/Common/DerivedDataCache/Buckets/LegacyNavCollision/e3/16/389de0664f13f530fac576f252a5c3b93f82.udd" 5369
"../../../../../../PG/GFFproject/Content/Realistic_Starter_VFX_Pack_Vol2/Mesh/SM_Derbis_B.uasset" 5370
"C:/Users/kbc12306156/AppData/Local/UnrealEngine/Common/DerivedDataCache/Buckets/LegacyAnimSeq/8d/f6/df55b9b531e64b5b02ecf671f82e1f53d156.udd" 5371
"C:/Users/kbc12306156/AppData/Local/UnrealEngine/Common/DerivedDataCache/Buckets/LegacyAnimSeq/5e/79/92678ebb3b3f37d5ae5db2ff7313003280f7.udd" 5372
"C:/PG/GFFproject/Content/RadicalMike/Materials/Lens/M_Glass_parent.uasset" 5373
"C:/PG/GFFproject/Content/Realistic_Starter_VFX_Pack_Vol2/DemoRoom/Materials/M_DemoWall_Inst.uasset" 5374
"C:/Users/kbc12306156/AppData/Local/UnrealEngine/Common/DerivedDataCache/Buckets/StaticMesh/39/30/d8935f130515bac4cbbd75a2fd3ceb8317f0.udd" 5375
"C:/PG/GFFproject/Content/Realistic_Starter_VFX_Pack_Vol2/DemoRoom/Materials/M_DemoWall_Inst2.uasset" 5376
"C:/Users/kbc12306156/AppData/Local/UnrealEngine/Common/DerivedDataCache/Buckets/LegacyDIST/7b/5e/f4c63308394f339870dc0d4fdf0573fbd23c.udd" 5377
"C:/Users/kbc12306156/AppData/Local/UnrealEngine/Common/DerivedDataCache/Buckets/LegacyCARD/97/a8/aae7825677e2780941efd64e999131126336.udd" 5378
"C:/PG/GFFproject/Content/Realistic_Starter_VFX_Pack_Vol2/Materials/M_Explosion_D.uasset" 5379
"C:/Users/kbc12306156/AppData/Local/UnrealEngine/Common/DerivedDataCache/Buckets/LegacyNavCollision/50/67/208c052ef8306052d62a49663f8cc885de66.udd" 5380
"../../../Engine/Content/Functions/Engine_MaterialFunctions03/Blends/Blend_Overlay.uasset" 5381
"C:/PG/GFFproject/Content/Arena/Materials/M_ShowroomFloor.uasset" 5382
"C:/PG/GFFproject/Content/Arena/Materials/M_FabricRGBColoredMaster.uasset" 5383
"C:/PG/GFFproject/Content/Arena/Materials/M_Wood01RGBMask.uasset" 5384
"C:/PG/GFFproject/Content/MegaMagicVFXBundle/VFX/MagicAuraVFX/VFX/LightningField/Materials/MI_LightningFieldGlowBeams.uasset" 5385
"C:/PG/GFFproject/Content/MegaMagicVFXBundle/VFX/MagicAuraVFX/VFX/MagicalBarrier/Materials/MI_MagicalBarrierTrailHead.uasset" 5386
"C:/PG/GFFproject/Content/MegaMagicVFXBundle/VFX/MagicAuraVFX/VFX/LightningField/Materials/MI_LightningFieldImpactGlow.uasset" 5387
"C:/PG/GFFproject/Content/MegaMagicVFXBundle/VFX/MagicAuraVFX/VFX/LightningField/Materials/MI_LightningFieldSparkles.uasset" 5388
"C:/PG/GFFproject/Content/Realistic_Starter_VFX_Pack_Vol2/Materials/M_Glow_C.uasset" 5389
"C:/PG/GFFproject/Content/Realistic_Starter_VFX_Pack_Vol2/Materials/M_Rock_B.uasset" 5390
"C:/PG/GFFproject/Content/Realistic_Starter_VFX_Pack_Vol2/Materials/M_Smoke_Wisp.uasset" 5391
"C:/PG/GFFproject/Content/StarterContent/Particles/Materials/M_Burst.uasset" 5392
"../../../../../../PG/GFFproject/Content/StarterContent/Architecture/SM_AssetPlatform.uasset" 5393
"C:/Users/kbc12306156/AppData/Local/UnrealEngine/Common/DerivedDataCache/Buckets/LegacyAnimSeq/bc/e8/ab11f1d8ff8dfdaea0c62b49428b2242424e.udd" 5394
"C:/Users/kbc12306156/AppData/Local/UnrealEngine/Common/DerivedDataCache/Buckets/LegacyAnimSeq/6f/22/7d08690ac95dc39979332d90092bbf96257c.udd" 5395
"C:/Users/kbc12306156/AppData/Local/UnrealEngine/Common/DerivedDataCache/Buckets/LegacyAnimSeq/33/53/c70964b24fe49cde65ebea35584e06a78f22.udd" 5396
"C:/Users/kbc12306156/AppData/Local/UnrealEngine/Common/DerivedDataCache/Buckets/LegacyAnimSeq/da/71/fa171d8340b48601fe9f283fc67d43fcf090.udd" 5397
"C:/Users/kbc12306156/AppData/Local/UnrealEngine/Common/DerivedDataCache/Buckets/LegacyAnimSeq/5b/e9/3ebd94b1a0e1eb8ca8776d96cf22847fd855.udd" 5398
"C:/Users/kbc12306156/AppData/Local/UnrealEngine/Common/DerivedDataCache/Buckets/LegacyAnimSeq/f3/12/f110505be16ad2f7d258bf3ab20c7f93fbb7.udd" 5399
"C:/Users/kbc12306156/AppData/Local/UnrealEngine/Common/DerivedDataCache/Buckets/LegacyAnimSeq/79/2f/7521477a444a1e586ae502c602947ebdaee0.udd" 5400
"C:/Users/kbc12306156/AppData/Local/UnrealEngine/Common/DerivedDataCache/Buckets/LegacyAnimSeq/89/8f/0719bd70fd819fcc7fd946b4040d9d09ca10.udd" 5401
"C:/Users/kbc12306156/AppData/Local/UnrealEngine/Common/DerivedDataCache/Buckets/LegacyAnimSeq/d5/22/b1f265c4e13a6b781c937673a60e36077145.udd" 5402
"C:/Users/kbc12306156/AppData/Local/UnrealEngine/Common/DerivedDataCache/Buckets/LegacyAnimSeq/a5/42/0911134331c22b5d3f13543676689464f775.udd" 5403
"C:/PG/GFFproject/Content/StarterContent/Particles/Materials/M_explosion_subUV.uasset" 5404
"C:/PG/GFFproject/Content/StarterContent/Particles/Materials/M_radial_ramp.uasset" 5405
"C:/PG/GFFproject/Content/StarterContent/Particles/Materials/M_smoke_subUV.uasset" 5406
"C:/PG/GFFproject/Content/MegaMagicVFXBundle/VFX/MagicAuraVFX/VFX/LightningField/Materials/MI_LightningFieldRibbons.uasset" 5407
"C:/PG/GFFproject/Content/MonsterForSurvivalGame/Animation/PBR/Slime/Slime_Run_ANIM.uasset" 5408
"C:/PG/GFFproject/Content/MonsterForSurvivalGame/Animation/PBR/Swarm08/Swarm08_MoveFWD_Anim.uasset" 5409
"../../../Engine/Content/EditorMaterials/HelpFlatColour_Blk_Inst.uasset" 5410
"../../../Engine/Content/EditorMaterials/HelpFlatColour_W_Inst.uasset" 5411
"C:/PG/GFFproject/Content/Realistic_Starter_VFX_Pack_Vol2/Materials/M_Distortion.uasset" 5412
"C:/PG/GFFproject/Content/Realistic_Starter_VFX_Pack_Vol2/Materials/M_Explosion_B.uasset" 5413
"C:/PG/GFFproject/Content/Realistic_Starter_VFX_Pack_Vol2/Materials/M_Impact_C.uasset" 5414
"C:/PG/GFFproject/Content/Realistic_Starter_VFX_Pack_Vol2/Materials/M_Smoke_A.uasset" 5415
"C:/PG/GFFproject/Content/Vefects/Free_Fire/Shared/Materials/M_VFX_Erosion.uasset" 5416
"C:/PG/GFFproject/Content/Vefects/Free_Fire/Shared/Materials/M_VFX_HeatDistortion.uasset" 5417
"C:/PG/GFFproject/Content/ThirdPerson/Blueprints/NewMaterial.uasset" 5418
"../../../Engine/Content/Functions/Engine_MaterialFunctions01/ImageAdjustment/CheapContrast.uasset" 5419
"C:/Users/kbc12306156/AppData/Local/UnrealEngine/Common/DerivedDataCache/Buckets/LegacyAnimSeq/50/d4/91ff08caff47cad1d7f4ac0c553ac9cf7a5a.udd" 5420
"C:/Users/kbc12306156/AppData/Local/UnrealEngine/Common/DerivedDataCache/Buckets/LegacyAnimSeq/11/73/34236084ee6b9d571aa1278f1949ba2ea01b.udd" 5421
"C:/Users/kbc12306156/AppData/Local/UnrealEngine/Common/DerivedDataCache/Buckets/LegacyAnimSeq/1c/6c/334482ebe0058faf7f1fd3ce99ec5f9f6452.udd" 5422
"C:/Users/kbc12306156/AppData/Local/UnrealEngine/Common/DerivedDataCache/Buckets/LegacyAnimSeq/d1/4e/f9ef7e3dc7eeb360465e223f44b9115583d6.udd" 5423
"C:/Users/kbc12306156/AppData/Local/UnrealEngine/Common/DerivedDataCache/Buckets/LegacyAnimSeq/dc/80/1891b972ef7d22a22769de99c822d35e9a77.udd" 5424
"C:/Users/kbc12306156/AppData/Local/UnrealEngine/Common/DerivedDataCache/Buckets/LegacyAnimSeq/20/c1/a4f1dcdb53bf04eaec91c6addf42098797d6.udd" 5425
"C:/Users/kbc12306156/AppData/Local/UnrealEngine/Common/DerivedDataCache/Buckets/LegacyAnimSeq/47/bc/b1da5203bab3dca2cb1277c111c612fabfb7.udd" 5426
"C:/Users/kbc12306156/AppData/Local/UnrealEngine/Common/DerivedDataCache/Buckets/LegacyAnimSeq/49/d4/92d447fff36bff8058f7372b299136354100.udd" 5427
"C:/Users/kbc12306156/AppData/Local/UnrealEngine/Common/DerivedDataCache/Buckets/LegacyAnimSeq/9e/c8/66aa66b8903ed860b85f1aa0d37ea7d46dd1.udd" 5428
"C:/Users/kbc12306156/AppData/Local/UnrealEngine/Common/DerivedDataCache/Buckets/LegacyAnimSeq/22/ff/ec2272deb938a5015721e6c97d32c23e6723.udd" 5429
"C:/Users/kbc12306156/AppData/Local/UnrealEngine/Common/DerivedDataCache/Buckets/LegacyAnimSeq/3c/6c/f98e1d0d1c6d9bb5132f138cc026e9ef9121.udd" 5430
"../../../Engine/Content/Functions/Engine_MaterialFunctions02/Utility/Round.uasset" 5431
"C:/PG/GFFproject/Content/StarterContent/Shapes/Shape_Sphere.uasset" 5432
"C:/PG/GFFproject/Content/BGM-SE/????????????_2.uasset" 5433
"C:/PG/GFFproject/Content/BGM-SE/????????????_2.uasset" 5434
"C:/Users/kbc12306156/AppData/Local/UnrealEngine/Common/DerivedDataCache/Buckets/LegacyAnimSeq/fd/03/5c4fb370e1b026b9cecbd04f3ac0d0a6df9a.udd" 5435
"../../../Engine/Plugins/Interchange/Runtime/Content/gltf/MaterialFunctions/MF_TransmissionOpacity.uasset" 5436
"../../../Engine/Content/VREditor/LaserPointer/LaserPointerMaterialInst.uasset" 5437
"../../../Engine/Plugins/Interchange/Runtime/Content/gltf/MaterialFunctions/MF_RotateNormals_TS.uasset" 5438
"../../../Engine/Content/Maps/Entry.umap" 5439
"../../../Engine/Content/MapTemplates/SM_Template_Map_Floor.uasset" 5440
"../../../Engine/Plugins/Animation/ControlRig/Content/Controls/ControlRig_Wedge_solid.uasset" 5441
"../../../Engine/Plugins/Animation/ControlRig/Content/Controls/ControlRig_Wedge_3mm.uasset" 5442
"../../../Engine/Plugins/Animation/ControlRig/Content/Controls/ControlRig_Wedge_1mm.uasset" 5443
"../../../Engine/Plugins/Animation/ControlRig/Content/Controls/ControlRig_Triangle_solid.uasset" 5444
"../../../Engine/Plugins/Animation/ControlRig/Content/Controls/ControlRig_Triangle_3mm.uasset" 5445
"../../../Engine/Plugins/Animation/ControlRig/Content/Controls/ControlRig_Triangle_1mm.uasset" 5446
"../../../Engine/Plugins/Animation/ControlRig/Content/Controls/ControlRig_Star4_solid.uasset" 5447
"C:/Users/kbc12306156/AppData/Local/UnrealEngine/Common/DerivedDataCache/Buckets/LegacyAnimSeq/44/80/3c80c2e506f4d5eb739a01287a4facac14db.udd" 5448
"../../../Engine/Plugins/Animation/ControlRig/Content/Controls/ControlRig_Star4_3mm.uasset" 5449
"C:/Users/kbc12306156/AppData/Local/UnrealEngine/Common/DerivedDataCache/Buckets/StaticMesh/15/16/5d9838993e12068ee7e92985be17a60c16cb.udd" 5450
"../../../Engine/Plugins/Animation/ControlRig/Content/Controls/ControlRig_Star4_1mm.uasset" 5451
"C:/Users/kbc12306156/AppData/Local/UnrealEngine/Common/DerivedDataCache/Buckets/LegacyDIST/35/85/6df09abeb13896995300481d9b453062c050.udd" 5452
"../../../Engine/Plugins/Animation/ControlRig/Content/Controls/ControlRig_Square_solid.uasset" 5453
"C:/Users/kbc12306156/AppData/Local/UnrealEngine/Common/DerivedDataCache/Buckets/LegacyCARD/3c/9e/2b4d18f2cd9ff981ae46e17aaa05b8b8e142.udd" 5454
"../../../Engine/Plugins/Animation/ControlRig/Content/Controls/ControlRig_Square_3mm.uasset" 5455
"C:/Users/kbc12306156/AppData/Local/UnrealEngine/Common/DerivedDataCache/Buckets/LegacyNavCollision/9e/2a/3c97c4edfa7d60cdcb5dc54545f726be1b79.udd" 5456
"../../../Engine/Plugins/Animation/ControlRig/Content/Controls/ControlRig_Square_1mm.uasset" 5457
"../../../../../../PG/GFFproject/Content/StarterContent/Shapes/Shape_Sphere.uasset" 5458
"../../../Engine/Plugins/Animation/ControlRig/Content/Controls/ControlRig_Sphere_3mm.uasset" 5459
"../../../Engine/Plugins/Animation/ControlRig/Content/Controls/ControlRig_Sphere_1mm.uasset" 5460
"../../../Engine/Plugins/Animation/ControlRig/Content/Controls/ControlRig_RoundedTriangle_solid.uasset" 5461
"../../../Engine/Plugins/Animation/ControlRig/Content/Controls/ControlRig_RoundedTriangle_3mm.uasset" 5462
"../../../Engine/Plugins/Animation/ControlRig/Content/Controls/ControlRig_RoundedTriangle_1mm.uasset" 5463
"../../../Engine/Plugins/Animation/ControlRig/Content/Controls/ControlRig_RoundedSquare_solid.uasset" 5464
"../../Plugins/Animation/ControlRig/Content/Controls/ControlRig_Wedge_solid.uasset" 5465
"../../Plugins/Animation/ControlRig/Content/Controls/ControlRig_Wedge_3mm.uasset" 5466
"../../Plugins/Animation/ControlRig/Content/Controls/ControlRig_Wedge_1mm.uasset" 5467
"../../../Engine/Plugins/Animation/ControlRig/Content/Controls/ControlRig_RoundedSquare_3mm.uasset" 5468
"../../../Engine/Plugins/Animation/ControlRig/Content/Controls/ControlRig_RoundedSquare_1mm.uasset" 5469
"../../../Engine/Plugins/Animation/ControlRig/Content/Controls/ControlRig_QuarterCircle_solid.uasset" 5470
"../../../Engine/Plugins/Animation/ControlRig/Content/Controls/ControlRig_QuarterCircle_3mm.uasset" 5471
"../../../Engine/Plugins/Animation/ControlRig/Content/Controls/ControlRig_QuarterCircle_1mm.uasset" 5472
"../../../Engine/Plugins/Animation/ControlRig/Content/Controls/ControlRig_Pyramid_solid.uasset" 5473
"../../../Engine/Plugins/Animation/ControlRig/Content/Controls/ControlRig_Pyramid_3mm.uasset" 5474
"../../../Engine/Plugins/Animation/ControlRig/Content/Controls/ControlRig_Pyramid_1mm.uasset" 5475
"../../../Engine/Plugins/Animation/ControlRig/Content/Controls/ControlRig_Octagon_solid.uasset" 5476
"../../../Engine/Plugins/Animation/ControlRig/Content/Controls/ControlRig_Octagon_3mm.uasset" 5477
"../../../Engine/Plugins/Animation/ControlRig/Content/Controls/ControlRig_Octagon_1mm.uasset" 5478
"../../../Engine/Plugins/Animation/ControlRig/Content/Controls/ControlRig_Hexagon_solid.uasset" 5479
"../../../Engine/Plugins/Animation/ControlRig/Content/Controls/ControlRig_Hexagon_3mm.uasset" 5480
"../../../Engine/Plugins/Animation/ControlRig/Content/Controls/ControlRig_Hexagon_1mm.uasset" 5481
"../../../Engine/Plugins/Animation/ControlRig/Content/Controls/ControlRig_HalfCircle_solid.uasset" 5482
"../../../Engine/Plugins/Animation/ControlRig/Content/Controls/ControlRig_HalfCircle_3mm.uasset" 5483
"../../Plugins/Animation/ControlRig/Content/Controls/ControlRig_Triangle_solid.uasset" 5484
"../../Plugins/Animation/ControlRig/Content/Controls/ControlRig_Triangle_3mm.uasset" 5485
"../../Plugins/Animation/ControlRig/Content/Controls/ControlRig_Triangle_1mm.uasset" 5486
"../../Plugins/Animation/ControlRig/Content/Controls/ControlRig_Star4_solid.uasset" 5487
"../../Plugins/Animation/ControlRig/Content/Controls/ControlRig_Star4_3mm.uasset" 5488
"../../Plugins/Animation/ControlRig/Content/Controls/ControlRig_Star4_1mm.uasset" 5489
"../../Plugins/Animation/ControlRig/Content/Controls/ControlRig_Square_solid.uasset" 5490
"../../Plugins/Animation/ControlRig/Content/Controls/ControlRig_Square_3mm.uasset" 5491
"../../Plugins/Animation/ControlRig/Content/Controls/ControlRig_Square_1mm.uasset" 5492
"../../Plugins/Animation/ControlRig/Content/Controls/ControlRig_Sphere_3mm.uasset" 5493
"../../Plugins/Animation/ControlRig/Content/Controls/ControlRig_Sphere_1mm.uasset" 5494
"../../Plugins/Animation/ControlRig/Content/Controls/ControlRig_RoundedTriangle_solid.uasset" 5495
"../../Plugins/Animation/ControlRig/Content/Controls/ControlRig_RoundedTriangle_3mm.uasset" 5496
"../../Plugins/Animation/ControlRig/Content/Controls/ControlRig_RoundedTriangle_1mm.uasset" 5497
"../../Plugins/Animation/ControlRig/Content/Controls/ControlRig_RoundedSquare_solid.uasset" 5498
"../../Plugins/Animation/ControlRig/Content/Controls/ControlRig_RoundedSquare_3mm.uasset" 5499
"../../../Engine/Plugins/Animation/ControlRig/Content/Controls/ControlRig_HalfCircle_1mm.uasset" 5500
"../../../Engine/Plugins/Animation/ControlRig/Content/Controls/ControlRig_Diamond_solid.uasset" 5501
"../../../Engine/Plugins/Animation/ControlRig/Content/Controls/ControlRig_Diamond_3mm.uasset" 5502
"../../../Engine/Plugins/Animation/ControlRig/Content/Controls/ControlRig_Diamond_1mm.uasset" 5503
"../../../Engine/Plugins/Animation/ControlRig/Content/Controls/ControlRig_Circle_solid.uasset" 5504
"../../../Engine/Plugins/Animation/ControlRig/Content/Controls/ControlRig_Circle_3mm.uasset" 5505
"../../../Engine/Plugins/Animation/ControlRig/Content/Controls/ControlRig_Circle_1mm.uasset" 5506
"../../../Engine/Plugins/Animation/ControlRig/Content/Controls/ControlRig_Box_solid.uasset" 5507
"../../../Engine/Plugins/Animation/ControlRig/Content/Controls/ControlRig_Box_3mm.uasset" 5508
"../../../Engine/Plugins/Animation/ControlRig/Content/Controls/ControlRig_Box_1mm.uasset" 5509
"../../../Engine/Plugins/Animation/ControlRig/Content/Controls/ControlRig_Arrow_solid.uasset" 5510
"../../../Engine/Plugins/Animation/ControlRig/Content/Controls/ControlRig_Arrow_3mm.uasset" 5511
"../../../Engine/Plugins/Animation/ControlRig/Content/Controls/ControlRig_Arrow_1mm.uasset" 5512
"../../../Engine/Plugins/Animation/ControlRig/Content/Controls/ControlRig_Arrow4_solid.uasset" 5513
"../../../Engine/Plugins/Animation/ControlRig/Content/Controls/ControlRig_Arrow4_3mm.uasset" 5514
"../../../Engine/Plugins/Animation/ControlRig/Content/Controls/ControlRig_Arrow4_1mm.uasset" 5515
"../../Plugins/Animation/ControlRig/Content/Controls/ControlRig_RoundedSquare_1mm.uasset" 5516
"../../Plugins/Animation/ControlRig/Content/Controls/ControlRig_QuarterCircle_solid.uasset" 5517
"../../Plugins/Animation/ControlRig/Content/Controls/ControlRig_QuarterCircle_3mm.uasset" 5518
"../../Plugins/Animation/ControlRig/Content/Controls/ControlRig_QuarterCircle_1mm.uasset" 5519
"../../Plugins/Animation/ControlRig/Content/Controls/ControlRig_Pyramid_solid.uasset" 5520
"../../Plugins/Animation/ControlRig/Content/Controls/ControlRig_Pyramid_3mm.uasset" 5521
"../../Plugins/Animation/ControlRig/Content/Controls/ControlRig_Pyramid_1mm.uasset" 5522
"../../Plugins/Animation/ControlRig/Content/Controls/ControlRig_Octagon_solid.uasset" 5523
"../../Plugins/Animation/ControlRig/Content/Controls/ControlRig_Octagon_3mm.uasset" 5524
"../../Plugins/Animation/ControlRig/Content/Controls/ControlRig_Octagon_1mm.uasset" 5525
"../../Plugins/Animation/ControlRig/Content/Controls/ControlRig_Hexagon_solid.uasset" 5526
"../../Plugins/Animation/ControlRig/Content/Controls/ControlRig_Hexagon_3mm.uasset" 5527
"../../Plugins/Animation/ControlRig/Content/Controls/ControlRig_Hexagon_1mm.uasset" 5528
"../../Plugins/Animation/ControlRig/Content/Controls/ControlRig_HalfCircle_solid.uasset" 5529
"../../Plugins/Animation/ControlRig/Content/Controls/ControlRig_HalfCircle_3mm.uasset" 5530
"../../Plugins/Animation/ControlRig/Content/Controls/ControlRig_HalfCircle_1mm.uasset" 5531
"../../../Engine/Plugins/Animation/ControlRig/Content/Controls/ControlRig_Arrow2_solid.uasset" 5532
"../../../Engine/Plugins/Animation/ControlRig/Content/Controls/ControlRig_Arrow2_3mm.uasset" 5533
"../../../Engine/Plugins/Animation/ControlRig/Content/Controls/ControlRig_Arrow2_1mm.uasset" 5534
"../../../Engine/Plugins/Animation/ControlRig/Content/Controls/ControlRig_Sphere_solid.uasset" 5535
"C:/PG/GFFproject/Content/ThirdPerson/Blueprints/NewBlueprint.uasset" 5536
"../../../Engine/Plugins/Interchange/Runtime/Content/gltf/MaterialFunctions/MF_Transmission.uasset" 5537
"../../../Engine/Plugins/Interchange/Runtime/Content/gltf/MaterialFunctions/MF_Specular.uasset" 5538
"../../../Engine/Plugins/Interchange/Runtime/Content/gltf/MaterialFunctions/MF_Sheen.uasset" 5539
"../../../Engine/Plugins/Interchange/Runtime/Content/gltf/MaterialFunctions/MF_Occlusion.uasset" 5540
"../../../Engine/Plugins/Interchange/Runtime/Content/gltf/MaterialFunctions/MF_MetallicRoughness.uasset" 5541
"../../../Engine/Plugins/Interchange/Runtime/Content/gltf/MaterialFunctions/MF_Emissive.uasset" 5542
"../../../Engine/Plugins/Interchange/Runtime/Content/gltf/MaterialFunctions/MF_DiffuseSpecGloss.uasset" 5543
"../../../Engine/Plugins/Interchange/Runtime/Content/gltf/MaterialFunctions/MF_BaseColor.uasset" 5544
"../../../Engine/Plugins/Importers/USDImporter/Content/Materials/UsdPreviewSurfaceVT.uasset" 5545
"../../../Engine/Plugins/Importers/USDImporter/Content/Materials/UsdPreviewSurface.uasset" 5546
"../../../Engine/Plugins/Importers/USDImporter/Content/Materials/DisplayColorAndOpacityDoubleSided.uasset" 5547
"../../../Engine/Plugins/Importers/USDImporter/Content/Materials/DisplayColorDoubleSided.uasset" 5548
"../../../Engine/Plugins/Interchange/Runtime/Content/Materials/PBRSurfaceFunction.uasset" 5549
"../../../Engine/Plugins/Interchange/Runtime/Content/Materials/LambertSurfaceMaterial.uasset" 5550
"../../../Engine/Plugins/Interchange/Runtime/Content/gltf/MaterialFunctions/MF_SpecGlossToMetalRoughness.uasset" 5551
"../../../Engine/Plugins/Interchange/Runtime/Content/Functions/MX_Transmission.uasset" 5552
"../../../Engine/Plugins/Interchange/Runtime/Content/Materials/OrenNayerMaterial.uasset" 5553
"../../../Engine/Plugins/Interchange/Runtime/Content/Functions/MX_StandardSurface.uasset" 5554
"C:/PG/GFFproject/Content/MegaMagicVFXBundle/VFX/MagicalExplosionsVFX/Essentials/Materials/M_Water.uasset" 5555
"C:/PG/GFFproject/Content/MegaMagicVFXBundle/VFX/MagicalExplosionsVFX/Essentials/Materials/M_Lightning.uasset" 5556
"C:/PG/GFFproject/Content/MegaMagicVFXBundle/VFX/MagicShieldsVFX/VFX/DefaultVersions/WindWall/Materials/MI_WindWall.uasset" 5557
"C:/PG/GFFproject/Content/ThirdPerson/Blueprints/ABP_Tutorial_Enemy.uasset" 5558
"C:/PG/GFFproject/Content/Vefects/Free_Fire/Demo/Materials/MI_GridMetrics.uasset" 5559
"../../Plugins/Animation/ControlRig/Content/Controls/ControlRig_Diamond_solid.uasset" 5560
"../../Plugins/Animation/ControlRig/Content/Controls/ControlRig_Diamond_3mm.uasset" 5561
"../../Plugins/Animation/ControlRig/Content/Controls/ControlRig_Diamond_1mm.uasset" 5562
"../../Plugins/Animation/ControlRig/Content/Controls/ControlRig_Circle_solid.uasset" 5563
"../../Plugins/Animation/ControlRig/Content/Controls/ControlRig_Circle_3mm.uasset" 5564
"../../Plugins/Animation/ControlRig/Content/Controls/ControlRig_Circle_1mm.uasset" 5565
"../../Plugins/Animation/ControlRig/Content/Controls/ControlRig_Box_solid.uasset" 5566
"../../Plugins/Animation/ControlRig/Content/Controls/ControlRig_Box_3mm.uasset" 5567
"../../Plugins/Animation/ControlRig/Content/Controls/ControlRig_Box_1mm.uasset" 5568
"../../Plugins/Animation/ControlRig/Content/Controls/ControlRig_Arrow_solid.uasset" 5569
"../../Plugins/Animation/ControlRig/Content/Controls/ControlRig_Arrow_3mm.uasset" 5570
"../../Plugins/Animation/ControlRig/Content/Controls/ControlRig_Arrow_1mm.uasset" 5571
"../../Plugins/Animation/ControlRig/Content/Controls/ControlRig_Arrow4_solid.uasset" 5572
"../../Plugins/Animation/ControlRig/Content/Controls/ControlRig_Arrow4_3mm.uasset" 5573
"../../Plugins/Animation/ControlRig/Content/Controls/ControlRig_Arrow4_1mm.uasset" 5574
"../../Plugins/Animation/ControlRig/Content/Controls/ControlRig_Arrow2_solid.uasset" 5575
"../../Plugins/Animation/ControlRig/Content/Controls/ControlRig_Arrow2_3mm.uasset" 5576
"../../Plugins/Animation/ControlRig/Content/Controls/ControlRig_Arrow2_1mm.uasset" 5577
"../../Plugins/Animation/ControlRig/Content/Controls/ControlRig_Sphere_solid.uasset" 5578
"C:/PG/GFFproject/Content/Vefects/Free_Fire/Demo/Materials/MI_MetricsGridSphere.uasset" 5579
"C:/PG/GFFproject/Content/Map/Help.umap" 5580
"C:/PG/GFFproject/Content/RadicalMike/Animations/Anim_ZMIKE_HitRegisterFront_Death_Montage.uasset" 5581
"C:/PG/GFFproject/Content/RadicalMike/Animations/Anim_ZMIKE_ClawL_Montage.uasset" 5582
"C:/PG/GFFproject/Content/RadicalMike/Animations/Anim_ZMIKE_HitRegisterFront_Montage.uasset" 5583
"C:/PG/GFFproject/Content/RadicalMike/Animations/Anim_ZMIKE_JumpApex_Montage.uasset" 5584
"C:/PG/GFFproject/Content/RadicalMike/BS_player_run.uasset" 5585
"C:/PG/GFFproject/Content/UI/WBP_Timer.uasset" 5586
"C:/PG/GFFproject/Content/Arena/Materials/MI_AnimFabric02.uasset" 5587
"../../../Engine/Content/EngineSky/SM_SkySphere.uasset" 5588
"C:/PG/GFFproject/Content/Arena/Materials/MI_BrickWall02.uasset" 5589
"C:/PG/GFFproject/Content/Arena/Materials/MI_BrickWall06.uasset" 5590
"C:/PG/GFFproject/Content/Arena/Materials/MI_Ground01.uasset" 5591
"C:/PG/GFFproject/Content/Arena/Materials/MI_BrickWall05.uasset" 5592
"C:/PG/GFFproject/Content/Arena/Materials/MI_BrickWall07.uasset" 5593
"C:/PG/GFFproject/Content/Arena/Materials/MI_BrickWall03.uasset" 5594
"C:/PG/GFFproject/Content/Arena/Materials/MI_BrickWall04.uasset" 5595
"../../../../../../PG/GFFproject/Content/Map/Help.umap" 5596
"C:/PG/GFFproject/Content/Arena/Materials/MI_BrokenConcrete01.uasset" 5597
"C:/PG/GFFproject/Content/Arena/Materials/MI_ArchDetails03.uasset" 5598
"C:/PG/GFFproject/Content/Arena/Materials/MI_BrickWall08.uasset" 5599
"C:/PG/GFFproject/Content/Arena/Materials/MI_Ornaments01.uasset" 5600
"C:/PG/GFFproject/Content/Arena/Materials/MI_Ornaments02.uasset" 5601
"C:/PG/GFFproject/Content/Arena/Materials/MI_Ornaments02Color01.uasset" 5602
"C:/PG/GFFproject/Content/Arena/Materials/MI_Ornaments02Color02.uasset" 5603
"C:/PG/GFFproject/Content/Arena/Materials/MI_DebrisStone01.uasset" 5604
"C:/PG/GFFproject/Content/Arena/Materials/MI_Door02Color01.uasset" 5605
"C:/PG/GFFproject/Content/Arena/Materials/MI_CoverFabric02.uasset" 5606
"C:/PG/GFFproject/Content/Arena/Materials/MI_WallTrim01.uasset" 5607
"C:/PG/GFFproject/Content/Arena/Materials/MI_ArchDetails02.uasset" 5608
"C:/PG/GFFproject/Content/Arena/Materials/MI_Lantern01.uasset" 5609
"C:/PG/GFFproject/Content/Arena/Materials/MI_Ornaments03Color01.uasset" 5610
"C:/PG/GFFproject/Content/Arena/Materials/MI_ArchDetails01.uasset" 5611
"C:/PG/GFFproject/Content/Arena/Materials/MI_RoofStones.uasset" 5612
"C:/PG/GFFproject/Content/Arena/Materials/MI_RoundColumn01.uasset" 5613
"C:/PG/GFFproject/Content/Arena/Materials/MI_RoundColumn02.uasset" 5614
"C:/PG/GFFproject/Content/Arena/Materials/MI_Statue01.uasset" 5615
"C:/PG/GFFproject/Content/Arena/Materials/MI_Statue02.uasset" 5616
"C:/PG/GFFproject/Content/Arena/Materials/MI_WoodAndMetal.uasset" 5617
"C:/PG/GFFproject/Content/Arena/Materials/MI_WallTrim02.uasset" 5618
"C:/PG/GFFproject/Content/Arena/Materials/MI_Concrete02.uasset" 5619
"C:/PG/GFFproject/Content/Arena/Materials/MI_Door01Color01.uasset" 5620
"C:/PG/GFFproject/Content/Arena/Materials/MI_DoorFrame01.uasset" 5621
"C:/PG/GFFproject/Content/Arena/Materials/MI_CoverFabric01.uasset" 5622
"C:/PG/GFFproject/Content/Arena/Materials/MI_Lighthouse02.uasset" 5623
"C:/PG/GFFproject/Content/Arena/Materials/MI_LargeBlocks01.uasset" 5624
"C:/PG/GFFproject/Content/Arena/Materials/MI_Treasures.uasset" 5625
"C:/PG/GFFproject/Content/Arena/Materials/MI_Concrete01.uasset" 5626
"C:/PG/GFFproject/Content/Arena/Materials/MI_WoodPlanls01.uasset" 5627
"C:/PG/GFFproject/Content/Arena/Meshes/SM_CornerCrack02.uasset" 5628
"C:/PG/GFFproject/Content/Arena/Meshes/SM_CornerCrack03.uasset" 5629
"C:/PG/GFFproject/Content/MonsterForSurvivalGame/Mesh/PBR/Cactus_SK.uasset" 5630
"C:/PG/GFFproject/Content/MonsterForSurvivalGame/Mesh/PBR/ChestMonster_SK.uasset" 5631
"C:/PG/GFFproject/Content/MonsterForSurvivalGame/Mesh/PBR/Mushroom_SK.uasset" 5632
"C:/PG/GFFproject/Content/MonsterForSurvivalGame/Mesh/PBR/Swarm09_SK.uasset" 5633
"C:/PG/GFFproject/Content/MonsterForSurvivalGame/Mesh/PBR/TurtleShell_SK.uasset" 5634
"C:/PG/GFFproject/Content/MonsterForSurvivalGame/Mesh/PBR/Beholder_SK.uasset" 5635
"C:/PG/GFFproject/Content/MonsterForSurvivalGame/Mesh/PBR/Slime_SK.uasset" 5636
"C:/PG/GFFproject/Content/MonsterForSurvivalGame/Mesh/PBR/Swarm08_SK.uasset" 5637
"C:/PG/GFFproject/Content/RadicalMike/Materials/Buster/MI_RBuster_Default.uasset" 5638
"C:/PG/GFFproject/Content/RadicalMike/Materials/Buster/MI_RBuster_Gray.uasset" 5639
"C:/PG/GFFproject/Content/RadicalMike/Materials/Buster/MI_RBuster_Inheritor.uasset" 5640
"C:/PG/GFFproject/Content/RadicalMike/Materials/Buster/MI_RBuster_Olive.uasset" 5641
"C:/PG/GFFproject/Content/RadicalMike/Materials/PowerPod/MI_PPOD_Default.uasset" 5642
"C:/PG/GFFproject/Content/RadicalMike/Materials/PowerPod/MI_PPOD_Gray.uasset" 5643
"C:/Users/kbc12306156/AppData/Local/UnrealEngine/Common/DerivedDataCache/Buckets/StaticMesh/65/62/132a3a885cfd9c0e2d2ea3e3b3143ca217fe.udd" 5644
"C:/Users/kbc12306156/AppData/Local/UnrealEngine/Common/DerivedDataCache/Buckets/LegacyDIST/9e/c0/7b1ec4a780e649936898e71f47efa05f2ab8.udd" 5645
"C:/Users/kbc12306156/AppData/Local/UnrealEngine/Common/DerivedDataCache/Buckets/LegacyCARD/4b/c3/f1f0f45a19809a68275f0e41707e990a7472.udd" 5646
"C:/Users/kbc12306156/AppData/Local/UnrealEngine/Common/DerivedDataCache/Buckets/LegacyNavCollision/ce/4d/f9d8d381dbdc8b0471401a089616058fddd3.udd" 5647
"C:/PG/GFFproject/Content/RadicalMike/Materials/PowerPod/MI_PPOD_Red.uasset" 5648
"C:/Users/kbc12306156/AppData/Local/UnrealEngine/Common/DerivedDataCache/Buckets/StaticMesh/a8/46/8dd2b378287381f62d0bb4811f3bad569ef6.udd" 5649
"C:/PG/GFFproject/Content/RadicalMike/Materials/PowerPod/MI_PPOD_Delivery.uasset" 5650
"C:/Users/kbc12306156/AppData/Local/UnrealEngine/Common/DerivedDataCache/Buckets/LegacyDIST/27/fb/73e90a9b7dc76f37c2b7696a02983e7b4926.udd" 5651
"C:/Users/kbc12306156/AppData/Local/UnrealEngine/Common/DerivedDataCache/Buckets/LegacyCARD/6d/1d/fcb4839ea3afd1fdc4b3ea904d0b6c6c857f.udd" 5652
"C:/Users/kbc12306156/AppData/Local/UnrealEngine/Common/DerivedDataCache/Buckets/LegacyNavCollision/6d/cb/220e0e340967d7ebdd679fbed2af664fdd3e.udd" 5653
"../../../../../../PG/GFFproject/Content/MonsterForSurvivalGame/Mesh/PBR/Cactus_SK.uasset" 5654
"C:/PG/GFFproject/Content/RadicalMike/Materials/PowerPod/MI_PPOD_Experiment.uasset" 5655
"C:/Users/kbc12306156/AppData/Local/UnrealEngine/Common/DerivedDataCache/Buckets/LegacySKELETALMESH/ab/68/05a42e9ddeff64639eca6e2216b9b49a00b2.udd" 5656
"../../../../../../PG/GFFproject/Content/MonsterForSurvivalGame/Mesh/PBR/ChestMonster_SK.uasset" 5657
"C:/PG/GFFproject/Content/RadicalMike/Materials/PowerPod/MI_PPOD_Gardener.uasset" 5658
"C:/Users/kbc12306156/AppData/Local/UnrealEngine/Common/DerivedDataCache/Buckets/LegacySKELETALMESH/c2/59/ab3edf32844963149615c2462741374843a5.udd" 5659
"../../../../../../PG/GFFproject/Content/MonsterForSurvivalGame/Mesh/PBR/Mushroom_SK.uasset" 5660
"C:/PG/GFFproject/Content/RadicalMike/Materials/PowerPod/MI_PPOD_RGB.uasset" 5661
"C:/Users/kbc12306156/AppData/Local/UnrealEngine/Common/DerivedDataCache/Buckets/LegacySKELETALMESH/eb/4b/c8f74123084e3beacba6a95fe54e3222377d.udd" 5662
"../../../../../../PG/GFFproject/Content/MonsterForSurvivalGame/Mesh/PBR/Swarm09_SK.uasset" 5663
"C:/PG/GFFproject/Content/RadicalMike/Materials/Lens/MI_ZMike_Lens_Blue.uasset" 5664
"C:/Users/kbc12306156/AppData/Local/UnrealEngine/Common/DerivedDataCache/Buckets/LegacySKELETALMESH/bc/0b/3784fb4a33304eb42f9120041e7d969a6d69.udd" 5665
"../../../../../../PG/GFFproject/Content/MonsterForSurvivalGame/Mesh/PBR/TurtleShell_SK.uasset" 5666
"C:/PG/GFFproject/Content/RadicalMike/Materials/Lens/MI_ZMike_Lens_Red.uasset" 5667
"C:/Users/kbc12306156/AppData/Local/UnrealEngine/Common/DerivedDataCache/Buckets/LegacySKELETALMESH/7e/ad/a4a6ec5b9d3c9713bc3c3a880ff1f77d8ac7.udd" 5668
"../../../../../../PG/GFFproject/Content/MonsterForSurvivalGame/Mesh/PBR/Beholder_SK.uasset" 5669
"C:/PG/GFFproject/Content/Realistic_Starter_VFX_Pack_Vol2/DemoRoom/Materials/M_DemoWall_Inst_3.uasset" 5670
"C:/Users/kbc12306156/AppData/Local/UnrealEngine/Common/DerivedDataCache/Buckets/LegacySKELETALMESH/ec/f0/e70ea3beb4e2cabfb8b2f959da6b6963ee72.udd" 5671
"../../../../../../PG/GFFproject/Content/MonsterForSurvivalGame/Mesh/PBR/Slime_SK.uasset" 5672
"C:/PG/GFFproject/Content/Arena/Materials/MI_Fabric02.uasset" 5673
"C:/Users/kbc12306156/AppData/Local/UnrealEngine/Common/DerivedDataCache/Buckets/LegacySKELETALMESH/ba/f7/5f9a502ab5fc9ff287caba54573289a28490.udd" 5674
"../../../../../../PG/GFFproject/Content/MonsterForSurvivalGame/Mesh/PBR/Swarm08_SK.uasset" 5675
"C:/PG/GFFproject/Content/Arena/Materials/MI_Fabric01.uasset" 5676
"C:/Users/kbc12306156/AppData/Local/UnrealEngine/Common/DerivedDataCache/Buckets/LegacySKELETALMESH/20/f2/1e5c9e364070d17227aefd2ad7d7b44125f2.udd" 5677
"C:/PG/GFFproject/Content/Arena/Materials/MI_Wood03.uasset" 5678
"C:/PG/GFFproject/Content/Arena/Materials/MI_Wood04.uasset" 5679
"C:/PG/GFFproject/Content/Arena/Materials/MI_Wood05.uasset" 5680
"C:/PG/GFFproject/Content/Realistic_Starter_VFX_Pack_Vol2/Materials/M_Glow_C_Inst.uasset" 5681
"C:/PG/GFFproject/Content/StarterContent/Particles/P_Explosion.uasset" 5682
"C:/PG/GFFproject/Content/EnemyBos/EnemyBos22/EnemyBosAnimBP22.uasset" 5683
"../../../../../../PG/GFFproject/Content/Arena/Meshes/SM_CornerCrack02.uasset" 5684
"../../../../../../PG/GFFproject/Content/Arena/Meshes/SM_CornerCrack03.uasset" 5685
"C:/PG/GFFproject/Content/EnemyBos/EnemyBos33/EnemyBosAnimBP33.uasset" 5686
"C:/PG/GFFproject/Content/Item/RandomImage.uasset" 5687
"C:/PG/GFFproject/Content/Vefects/Free_Fire/Shared/Materials/MI_VFX_Ashes_01.uasset" 5688
"C:/PG/GFFproject/Content/Vefects/Free_Fire/Shared/Materials/MI_VFX_Fire_01.uasset" 5689
"C:/PG/GFFproject/Content/Vefects/Free_Fire/Shared/Materials/MI_VFX_Fire_02.uasset" 5690
"C:/PG/GFFproject/Content/Vefects/Free_Fire/Shared/Materials/MI_VFX_Glow_01.uasset" 5691
"C:/PG/GFFproject/Content/Vefects/Free_Fire/Shared/Materials/MI_VFX_Smoke_01.uasset" 5692
"C:/PG/GFFproject/Content/Vefects/Free_Fire/Shared/Materials/MI_VFX_Smoke_02.uasset" 5693
"C:/PG/GFFproject/Content/Vefects/Free_Fire/Shared/Materials/MI_VFX_HeatDistortion_Strong.uasset" 5694
"../../../Engine/Content/OpenWorldTemplate/LandscapeMaterial/MF_ProcGrid.uasset" 5695
"../../../Engine/Content/Functions/Engine_MaterialFunctions02/Texturing/HeightLerp.uasset" 5696
"C:/PG/GFFproject/Content/ThirdPerson/Blueprints/NewNiagaraSystem.uasset" 5697
"../../../Engine/Plugins/Interchange/Runtime/Content/gltf/MaterialFunctions/MF_Normals.uasset" 5698
"../../../Engine/Plugins/Interchange/Runtime/Content/gltf/MaterialFunctions/MF_Clearcoat.uasset" 5699
"C:/Users/kbc12306156/AppData/Local/UnrealEngine/Common/DerivedDataCache/Buckets/BulkDataList/2a/ed/4063d869ef5611c938dd49309b5a42cc41d0.udd" 5700
"C:/PG/GFFproject/Content/Arena/Blueprints/toge.uasset" 5701
"../../../Engine/Plugins/Interchange/Runtime/Content/gltf/M_Unlit.uasset" 5702
"../../../Engine/Plugins/Importers/USDImporter/Content/Materials/UsdPreviewSurfaceTranslucentVT.uasset" 5703
"C:/Users/kbc12306156/AppData/Local/UnrealEngine/Common/DerivedDataCache/Buckets/StaticMesh/3a/3c/7de1e1434d495ce0d70426312422da15df00.udd" 5704
"../../../Engine/Plugins/Importers/USDImporter/Content/Materials/UsdPreviewSurfaceTranslucent.uasset" 5705
"C:/Users/kbc12306156/AppData/Local/UnrealEngine/Common/DerivedDataCache/Buckets/LegacyDIST/58/23/8e4207b1253dae392b5359f46c38f4fee603.udd" 5706
"C:/Users/kbc12306156/AppData/Local/UnrealEngine/Common/DerivedDataCache/Buckets/LegacyCARD/36/f2/9019b93cff251dcdaa70370c9d723232d247.udd" 5707
"../../../Engine/Plugins/Interchange/Runtime/Content/Materials/ThinTranslucentMaterial.uasset" 5708
"../../../Engine/Plugins/Interchange/Runtime/Content/Materials/SubsurfaceMaterial.uasset" 5709
"C:/Users/kbc12306156/AppData/Local/UnrealEngine/Common/DerivedDataCache/Buckets/LegacyNavCollision/10/2d/4bfea670091394264e64a7b1bc1e78bd74bd.udd" 5710
"../../../Engine/Plugins/Interchange/Runtime/Content/Materials/SheenMaterial.uasset" 5711
"../../../Engine/Plugins/Interchange/Runtime/Content/Materials/PBRSurfaceMaterial.uasset" 5712
"../../../Engine/Plugins/Interchange/Runtime/Content/Materials/ClearCoatMaterial.uasset" 5713
"../../../Engine/Plugins/Interchange/Runtime/Content/Functions/MX_TransmissionSurface.uasset" 5714
"C:/PG/GFFproject/Content/MegaMagicVFXBundle/VFX/MagicAuraVFX/VFX/MagicalBarrier/Materials/MI_MagicalBarrierTrail.uasset" 5715
"C:/PG/GFFproject/Content/MegaMagicVFXBundle/VFX/MagicAuraVFX/VFX/LightningField/Materials/MI_LightningFieldImpactSparkles.uasset" 5716
"C:/PG/GFFproject/Content/MegaMagicVFXBundle/VFX/MagicAuraVFX/VFX/LightningField/Materials/MI_LightningFieldMain.uasset" 5717
"../../Plugins/FX/Niagara/Content/DynamicInputs/TypeConversions/VectorFromFloat.uasset" 5718
"../../Plugins/FX/Niagara/Content/DynamicInputs/ValueFromCurve/FloatFromCurve.uasset" 5719
"../../Plugins/FX/Niagara/Content/Modules/Emitter/EmitterState.uasset" 5720
"../../Plugins/FX/Niagara/Content/Functions/Emitter/EmitterChangeState.uasset" 5721
"../../Plugins/FX/Niagara/Content/Enums/ENiagara_EmitterStateOptions.uasset" 5722
"../../Plugins/FX/Niagara/Content/Enums/ENiagara_InfiniteLoopDuration.uasset" 5723
"../../Plugins/FX/Niagara/Content/Enums/ENiagaraEmitterLifeCycleMode.uasset" 5724
"../../Plugins/FX/Niagara/Content/Enums/ENiagaraEmitterScalabilityMode_Limited.uasset" 5725
"../../Plugins/FX/Niagara/Content/Enums/ENiagaraExecutionStateManagement.uasset" 5726
"../../Plugins/FX/Niagara/Content/Enums/ENiagaraInactiveMode.uasset" 5727
"../../Plugins/FX/Niagara/Content/Modules/Emitter/SpawnBurst_Instantaneous.uasset" 5728
"../../Plugins/FX/Niagara/Content/Functions/V2/CalculateRandomRangeFloat.uasset" 5729
"../../Plugins/FX/Niagara/Content/Enums/ENiagaraRandomnessEvaluation.uasset" 5730
"../../Plugins/FX/Niagara/Content/Enums/ENiagaraRandomnessMode.uasset" 5731
"../../Plugins/FX/Niagara/Content/Modules/Emitter/SpawnRate.uasset" 5732
"../../Plugins/FX/Niagara/Content/Functions/RandomRangeFloat.uasset" 5733
"../../Plugins/FX/Niagara/Content/Functions/GetRandomInfo.uasset" 5734
"../../Plugins/FX/Niagara/Content/Modules/Solvers/SolveForcesAndVelocity.uasset" 5735
"../../Plugins/FX/Niagara/Content/Functions/DirectionAndLengthSafe.uasset" 5736
"../../Plugins/FX/Niagara/Content/Functions/Drag/DragVelocity.uasset" 5737
"../../Plugins/FX/Niagara/Content/Functions/Math/CentimeterMeterConversion.uasset" 5738
"../../Plugins/FX/Niagara/Content/Functions/Rotation/MultiplyVectorWithQuaternion.uasset" 5739
"../../Plugins/FX/Niagara/Content/Modules/Solvers/ApplyRotationVector.uasset" 5740
"../../Plugins/FX/Niagara/Content/Functions/Rotation/AxisAngleToQuaternion.uasset" 5741
"../../Plugins/FX/Niagara/Content/Functions/Rotation/MultiplyQuaternion.uasset" 5742
"../../Plugins/FX/Niagara/Content/Icons/Modules/T_Icon_Solver_LimitAccel.uasset" 5743
"../../Plugins/FX/Niagara/Content/Icons/Modules/T_Icon_Solver_LimitSpeed.uasset" 5744
"../../Plugins/FX/Niagara/Content/Icons/Modules/T_Icon_Solver_RotationalSolve.uasset" 5745
"../../Plugins/FX/Niagara/Content/Modules/Spawn/Initialization/V2/InitializeParticle.uasset" 5746
"../../Plugins/FX/Niagara/Content/Functions/LinearColor/HueShiftLinearColor.uasset" 5747
"../../Plugins/FX/Niagara/Content/Functions/Localspace/SimulationPosition.uasset" 5748
"../../Plugins/FX/Niagara/Content/Functions/Localspace/TransformVector.uasset" 5749
"../../Plugins/FX/Niagara/Content/Functions/Localspace/TransformBase.uasset" 5750
"../../Plugins/FX/Niagara/Content/Functions/V2/CalculateRandomBool.uasset" 5751
"../../Plugins/FX/Niagara/Content/Functions/V2/CalculateRandomRangeInteger.uasset" 5752
"../../Plugins/FX/Niagara/Content/Functions/V2/CalculateRandomRange.uasset" 5753
"../../Plugins/FX/Niagara/Content/Enums/ENiagara_ColorInitializationMode.uasset" 5754
"../../Plugins/FX/Niagara/Content/Enums/ENiagara_LifetimeMode.uasset" 5755
"../../Plugins/FX/Niagara/Content/Enums/ENiagara_MassInitializationMode.uasset" 5756
"../../Plugins/FX/Niagara/Content/Enums/ENiagara_PositionInitializationMode.uasset" 5757
"../../Plugins/FX/Niagara/Content/Enums/ENiagara_SizeScaleMode.uasset" 5758
"../../Plugins/FX/Niagara/Content/Enums/ENiagara_SpriteRotationMode.uasset" 5759
"../../Plugins/FX/Niagara/Content/Enums/ENiagara_UVFlippingMode.uasset" 5760
"../../Plugins/FX/Niagara/Content/Enums/ENiagaraChannelCorrelation.uasset" 5761
"../../Plugins/FX/Niagara/Content/Enums/Ribbons/ENiagara_UnsetDirectSet.uasset" 5762
"../../Plugins/FX/Niagara/Content/Enums/Ribbons/ENiagara_UnsetDirectSetRandom.uasset" 5763
"../../Plugins/FX/Niagara/Content/Modules/Spawn/Location/V2/ShapeLocation.uasset" 5764
"../../Plugins/FX/Niagara/Content/Functions/Localspace/TransformPosition.uasset" 5765
"../../Plugins/FX/Niagara/Content/Functions/Math/CalculateRandomPointInConeSphereIntersection.uasset" 5766
"../../Plugins/FX/Niagara/Content/Functions/Rotation/AngleUnitConverter.uasset" 5767
"../../Plugins/FX/Niagara/Content/Enums/Angles/ENiagara_AngleInput.uasset" 5768
"../../Plugins/FX/Niagara/Content/Functions/Rotation/FindQuatBetween.uasset" 5769
"../../Plugins/FX/Niagara/Content/Functions/Math/SaturateFloat.uasset" 5770
"../../Plugins/FX/Niagara/Content/Functions/NormalizedExecutionIndex.uasset" 5771
"../../Plugins/FX/Niagara/Content/Functions/ParametricTorus.uasset" 5772
"../../Plugins/FX/Niagara/Content/Functions/ParametricTorusKnot.uasset" 5773
"../../Plugins/FX/Niagara/Content/Functions/PolarToCartesianCoordinates.uasset" 5774
"../../Plugins/FX/Niagara/Content/Functions/RandomPointInBox.uasset" 5775
"../../Plugins/FX/Niagara/Content/Functions/IsolateLongestVectorComponent.uasset" 5776
"../../Plugins/FX/Niagara/Content/Functions/Rotation/RotateVector2D.uasset" 5777
"../../Plugins/FX/Niagara/Content/Functions/Rotation/TransformStack/TransformStack_Rotation.uasset" 5778
"../../Plugins/FX/Niagara/Content/Functions/Rotation/InvertQuaternion.uasset" 5779
"../../Plugins/FX/Niagara/Content/Functions/Rotation/MakeQuaternionFrom3BasisVectors.uasset" 5780
"../../Plugins/FX/Niagara/Content/Functions/Rotation/MatrixToQuaternion.uasset" 5781
"../../Plugins/FX/Niagara/Content/Functions/Rotation/XYZRotationToQuaternion.uasset" 5782
"../../Plugins/FX/Niagara/Content/Enums/Transforms/ENiagara_RotationMode.uasset" 5783
"../../Plugins/FX/Niagara/Content/Functions/SphericalToCartesianCoordinates.uasset" 5784
"../../Plugins/FX/Niagara/Content/Functions/V2/RemapRange.uasset" 5785
"../../Plugins/FX/Niagara/Content/Enums/ENiagara_AttributeSamplingApplyOutput.uasset" 5786
"../../Plugins/FX/Niagara/Content/Enums/ENiagaraExpansionMode.uasset" 5787
"../../Plugins/FX/Niagara/Content/Enums/ENiagaraShapeTorusMode.uasset" 5788
"../../Plugins/FX/Niagara/Content/Enums/ENiagaraSphereDistributionMode.uasset" 5789
"../../Plugins/FX/Niagara/Content/Enums/ENiagaraTorusDistributionMode.uasset" 5790
"../../Plugins/FX/Niagara/Content/Enums/Location/ENiagara_BoxPlaneMode.uasset" 5791
"../../Plugins/FX/Niagara/Content/Enums/Location/ENiagara_ConeMode.uasset" 5792
"../../Plugins/FX/Niagara/Content/Enums/Location/ENiagara_CylinderMode.uasset" 5793
"../../Plugins/FX/Niagara/Content/Enums/Location/ENiagara_LocationShapes.uasset" 5794
"../../Plugins/FX/Niagara/Content/Enums/Location/ENiagaraRingDiscMode.uasset" 5795
"../../Plugins/FX/Niagara/Content/Enums/Transforms/ENiagara_OffsetMode.uasset" 5796
"../../Plugins/FX/Niagara/Content/Enums/Transforms/ENiagara_ScaleMode.uasset" 5797
"../../Plugins/FX/Niagara/Content/Enums/Transforms/ENiagara_TransformOrder.uasset" 5798
"../../Plugins/FX/Niagara/Content/Enums/Transforms/ENiagara_TransformType.uasset" 5799
"../../Plugins/FX/Niagara/Content/Modules/System/SystemState.uasset" 5800
"../../Plugins/FX/Niagara/Content/Functions/System/SystemChangeState.uasset" 5801
"../../Plugins/FX/Niagara/Content/Enums/ENiagaraSystemInactiveMode.uasset" 5802
"../../Plugins/FX/Niagara/Content/Modules/Update/Forces/V2/PointAttractionForce.uasset" 5803
"../../Plugins/FX/Niagara/Content/Modules/Update/Lifetime/KillParticlesInVolume.uasset" 5804
"../../Plugins/FX/Niagara/Content/Functions/Helpers/IsPointAbovePlane.uasset" 5805
"../../Plugins/FX/Niagara/Content/Functions/Helpers/IsPointBetweenSlabs.uasset" 5806
"../../Plugins/FX/Niagara/Content/Functions/Helpers/IsPointInsideBox.uasset" 5807
"../../Plugins/FX/Niagara/Content/Functions/Helpers/IsPointInsideCone.uasset" 5808
"../../Plugins/FX/Niagara/Content/Functions/Helpers/IsPointInsideSphere.uasset" 5809
"../../Plugins/FX/Niagara/Content/Functions/Localspace/OwnerAxes.uasset" 5810
"../../Plugins/FX/Niagara/Content/Enums/ENiagaraKillVolumeOptions.uasset" 5811
"../../Plugins/FX/Niagara/Content/Modules/Update/Lifetime/ParticleState.uasset" 5812
"../../Plugins/FX/Niagara/Content/Icons/Modules/T_Icon_Particle_InfiniteLife.uasset" 5813
"../../Plugins/FX/Niagara/Content/Modules/Update/Size/ScaleMeshSize.uasset" 5814
"../../Plugins/FX/Niagara/Content/Modules/Update/Size/ScaleSpriteSize.uasset" 5815
"../../Plugins/FX/Niagara/Content/Enums/SpriteRenderer/ENiagara_ScaleSpriteSize.uasset" 5816
"C:/Users/kbc12306156/AppData/Local/UnrealEngine/Common/DerivedDataCache/Buckets/BulkDataList/b0/d2/fc983c7baadfe54b649a04d26979b1f2bbff.udd" 5817
"C:/Users/kbc12306156/AppData/Local/UnrealEngine/Common/DerivedDataCache/Buckets/BulkDataList/5f/c2/7699b9cd6be6068222c454422224495d6e37.udd" 5818
"C:/Users/kbc12306156/AppData/Local/UnrealEngine/Common/DerivedDataCache/Buckets/BulkDataList/0e/5b/2b34d4765d93f952075cd4f009e79c7794de.udd" 5819
"C:/Users/kbc12306156/AppData/Local/UnrealEngine/Common/DerivedDataCache/Buckets/BulkDataList/6e/33/1df19326647015033a3d68ba04bc599fffdc.udd" 5820
"C:/Users/kbc12306156/AppData/Local/UnrealEngine/Common/DerivedDataCache/Buckets/LegacyNiagaraScriptDerivedData/b9/54/a4037845ec2b16ede76a26040b617f3306cc.udd" 5821
"C:/Users/kbc12306156/AppData/Local/UnrealEngine/Common/DerivedDataCache/Buckets/LegacyNiagaraScriptDerivedData/49/eb/de163315d66ba66ea2d894a8a578d5534aba.udd" 5822
"C:/Users/kbc12306156/AppData/Local/UnrealEngine/Common/DerivedDataCache/Buckets/LegacyNiagaraScriptDerivedData/d0/e3/cd06e8c3fd270a405d5b4c5a876aaa2a4b3b.udd" 5823
"C:/Users/kbc12306156/AppData/Local/UnrealEngine/Common/DerivedDataCache/Buckets/LegacyNiagaraScriptDerivedData/f6/e0/8deb8f3246a948481493bc764b14f58f8f4f.udd" 5824
"C:/Users/kbc12306156/AppData/Local/UnrealEngine/Common/DerivedDataCache/Buckets/LegacyNiagaraScriptDerivedData/5d/c8/d418b8885c0b99ff069e79ae4f2c1e07f9cf.udd" 5825
"C:/Users/kbc12306156/AppData/Local/UnrealEngine/Common/DerivedDataCache/Buckets/LegacyNiagaraScriptDerivedData/8b/45/47acf4215da9eed2d2c1cb8282796efa90fc.udd" 5826
"C:/PG/GFFproject/Content/Arena/Materials/MI_FabricWall01.uasset" 5827
"C:/PG/GFFproject/Content/Arena/Meshes/SM_Floor4m.uasset" 5828
"C:/PG/GFFproject/Content/Arena/Meshes/SM_Ornament02.uasset" 5829
"../../../../../../PG/GFFproject/Content/Item/RandomImage.uasset" 5830
"C:/PG/GFFproject/Content/Arena/Meshes/SM_Ornament03.uasset" 5831
"C:/PG/GFFproject/Content/Arena/Meshes/SM_Ornament04.uasset" 5832
"C:/PG/GFFproject/Content/Arena/Meshes/SM_Ornament05.uasset" 5833
"C:/PG/GFFproject/Content/Arena/Meshes/SM_Ornament06.uasset" 5834
"C:/PG/GFFproject/Content/Arena/Meshes/SM_Ornament08.uasset" 5835
"C:/PG/GFFproject/Content/Arena/Meshes/SM_DebrisStonesPile01.uasset" 5836
"C:/PG/GFFproject/Content/Arena/Meshes/SM_DebrisStonesPile02.uasset" 5837
"C:/PG/GFFproject/Content/Arena/Meshes/SM_DebrisStonesPile06.uasset" 5838
"C:/PG/GFFproject/Content/Arena/Meshes/SM_DebrisStonesPile07.uasset" 5839
"C:/PG/GFFproject/Content/Arena/Meshes/SM_Door02Part04.uasset" 5840
"C:/PG/GFFproject/Content/Arena/Meshes/SM_Door02.uasset" 5841
"C:/PG/GFFproject/Content/Arena/Meshes/SM_Door02Part01.uasset" 5842
"C:/PG/GFFproject/Content/Arena/Meshes/SM_Door02Part03.uasset" 5843
"C:/PG/GFFproject/Content/Arena/Meshes/SM_Fabric01.uasset" 5844
"C:/Users/kbc12306156/AppData/Local/UnrealEngine/Common/DerivedDataCache/Buckets/StaticMesh/8e/42/c23cb48f56fbb10eeee47a935e4c49efd563.udd" 5845
"C:/PG/GFFproject/Content/Arena/Meshes/SM_Fabric02.uasset" 5846
"C:/Users/kbc12306156/AppData/Local/UnrealEngine/Common/DerivedDataCache/Buckets/LegacyDIST/ca/f8/c86c6831679458e753b03f105d4cd37b6096.udd" 5847
"C:/Users/kbc12306156/AppData/Local/UnrealEngine/Common/DerivedDataCache/Buckets/LegacyCARD/fb/67/9a4d4a331eb655c11eb7f4d63420703c1d10.udd" 5848
"C:/Users/kbc12306156/AppData/Local/UnrealEngine/Common/DerivedDataCache/Buckets/LegacyNavCollision/66/b3/aa34bce1b3d2d705c3085013c24b94665f2c.udd" 5849
"C:/Users/kbc12306156/AppData/Local/UnrealEngine/Common/DerivedDataCache/Buckets/StaticMesh/89/a6/46b238f6c8abe4b1411c2654d78bd2147ee8.udd" 5850
"C:/Users/kbc12306156/AppData/Local/UnrealEngine/Common/DerivedDataCache/Buckets/LegacyDIST/e2/14/6787ea92c481171943316096f75335a01e49.udd" 5851
"C:/Users/kbc12306156/AppData/Local/UnrealEngine/Common/DerivedDataCache/Buckets/LegacyCARD/f6/b1/614b7a090ce220e0a343f4677b942e3f0ca7.udd" 5852
"C:/Users/kbc12306156/AppData/Local/UnrealEngine/Common/DerivedDataCache/Buckets/LegacyNavCollision/52/12/2c0abcf73cb7ec341d8196b934f043481c97.udd" 5853
"../../../../../../PG/GFFproject/Content/Arena/Meshes/SM_Floor4m.uasset" 5854
"../../../../../../PG/GFFproject/Content/Arena/Meshes/SM_Ornament02.uasset" 5855
"C:/PG/GFFproject/Content/Arena/Meshes/SM_Fabric03.uasset" 5856
"C:/Users/kbc12306156/AppData/Local/UnrealEngine/Common/DerivedDataCache/Buckets/StaticMesh/9a/11/ee3fd555000ee8c1fe573498df6de083ab6b.udd" 5857
"C:/PG/GFFproject/Content/Arena/Meshes/SM_Fabric04.uasset" 5858
"C:/Users/kbc12306156/AppData/Local/UnrealEngine/Common/DerivedDataCache/Buckets/LegacyDIST/c2/94/5e64b239d109e8d77d0b5695f0ab53d8f209.udd" 5859
"C:/Users/kbc12306156/AppData/Local/UnrealEngine/Common/DerivedDataCache/Buckets/LegacyCARD/52/91/5f0898b44285431ab0f978218f657ed325de.udd" 5860
"C:/Users/kbc12306156/AppData/Local/UnrealEngine/Common/DerivedDataCache/Buckets/LegacyNavCollision/ae/c8/398892b0d8dbfbb65cc3e6be939da1771630.udd" 5861
"C:/Users/kbc12306156/AppData/Local/UnrealEngine/Common/DerivedDataCache/Buckets/StaticMesh/77/d1/34fa2f5f6fe1fc631875478e6cac588639b8.udd" 5862
"C:/PG/GFFproject/Content/Arena/Meshes/SM_Fabric05.uasset" 5863
"C:/Users/kbc12306156/AppData/Local/UnrealEngine/Common/DerivedDataCache/Buckets/LegacyDIST/0a/7c/346aef71fb2fc8a6dbdfda23f6f9a99a488f.udd" 5864
"C:/Users/kbc12306156/AppData/Local/UnrealEngine/Common/DerivedDataCache/Buckets/LegacyCARD/dd/f2/13ecb8af01485fbc92765be52f58e8aa4558.udd" 5865
"C:/Users/kbc12306156/AppData/Local/UnrealEngine/Common/DerivedDataCache/Buckets/StaticMesh/35/07/a679977a4a06c5107f2ce1e553b80ad58576.udd" 5866
"C:/PG/GFFproject/Content/Arena/Meshes/SM_OuterWall02.uasset" 5867
"C:/Users/kbc12306156/AppData/Local/UnrealEngine/Common/DerivedDataCache/Buckets/LegacyDIST/ea/65/b405f084e1f83613f070c743f5a1201434ef.udd" 5868
"C:/Users/kbc12306156/AppData/Local/UnrealEngine/Common/DerivedDataCache/Buckets/LegacyCARD/e3/8b/c986f7eb5885c5c91fd1c4b5e8aa5a640910.udd" 5869
"C:/Users/kbc12306156/AppData/Local/UnrealEngine/Common/DerivedDataCache/Buckets/StaticMesh/68/31/b8b6ff789b28da6ba4ac9e9a83d8be23305d.udd" 5870
"C:/Users/kbc12306156/AppData/Local/UnrealEngine/Common/DerivedDataCache/Buckets/LegacyNavCollision/48/63/0bdb1983c4245aea9130413bf9208fcce658.udd" 5871
"C:/PG/GFFproject/Content/Arena/Meshes/SM_Seats04.uasset" 5872
"C:/Users/kbc12306156/AppData/Local/UnrealEngine/Common/DerivedDataCache/Buckets/LegacyNavCollision/57/8e/bb3d8bffe693d289ae48fcafba08f0d69fa3.udd" 5873
"C:/Users/kbc12306156/AppData/Local/UnrealEngine/Common/DerivedDataCache/Buckets/LegacyDIST/78/d0/d6fc1d04f723c77b4ce8024af96e0af64941.udd" 5874
"C:/Users/kbc12306156/AppData/Local/UnrealEngine/Common/DerivedDataCache/Buckets/LegacyCARD/95/a8/4c9247ac33732d0c19923449a8d713dc3f5e.udd" 5875
"C:/Users/kbc12306156/AppData/Local/UnrealEngine/Common/DerivedDataCache/Buckets/StaticMesh/e5/05/b312b6d40ddb5c22e4d721c2b6d60f5d906a.udd" 5876
"C:/PG/GFFproject/Content/Arena/Meshes/SM_Seats05.uasset" 5877
"C:/Users/kbc12306156/AppData/Local/UnrealEngine/Common/DerivedDataCache/Buckets/LegacyDIST/0c/54/7e3c5cb962e779249c17e53e32206b7a1437.udd" 5878
"C:/Users/kbc12306156/AppData/Local/UnrealEngine/Common/DerivedDataCache/Buckets/StaticMesh/a0/d5/48a6e33e0376f9d38ed17cdc95fb94e3cfb3.udd" 5879
"C:/Users/kbc12306156/AppData/Local/UnrealEngine/Common/DerivedDataCache/Buckets/LegacyCARD/82/7a/38c93bdb86ee940bad2e95b3b1edc28a621c.udd" 5880
"C:/Users/kbc12306156/AppData/Local/UnrealEngine/Common/DerivedDataCache/Buckets/LegacyNavCollision/13/50/c9c09cccde2baded0c06c85abad68e086a38.udd" 5881
"C:/PG/GFFproject/Content/Arena/Meshes/SM_Seats06.uasset" 5882
"C:/Users/kbc12306156/AppData/Local/UnrealEngine/Common/DerivedDataCache/Buckets/LegacyDIST/cf/5e/63cb1461a61fd54f7c5c6efc3613fa629ca7.udd" 5883
"C:/Users/kbc12306156/AppData/Local/UnrealEngine/Common/DerivedDataCache/Buckets/LegacyCARD/ed/40/24b9d172205221556fdc429bbda4c5a103c0.udd" 5884
"C:/Users/kbc12306156/AppData/Local/UnrealEngine/Common/DerivedDataCache/Buckets/StaticMesh/3d/71/23800b3b268abe0c683d1facaa2744c28ca0.udd" 5885
"C:/PG/GFFproject/Content/Arena/Meshes/SM_Fence01.uasset" 5886
"C:/Users/kbc12306156/AppData/Local/UnrealEngine/Common/DerivedDataCache/Buckets/LegacyDIST/32/1d/4ce4e891bc4b2adc73b6c076d4cfd5fbe809.udd" 5887
"C:/Users/kbc12306156/AppData/Local/UnrealEngine/Common/DerivedDataCache/Buckets/LegacyCARD/53/09/340ade583e81e66e940036d72f8712489098.udd" 5888
"C:/Users/kbc12306156/AppData/Local/UnrealEngine/Common/DerivedDataCache/Buckets/StaticMesh/00/20/f44eb8a267208dac035bb483945c795f3223.udd" 5889
"C:/PG/GFFproject/Content/Arena/Meshes/SM_Fence02.uasset" 5890
"C:/Users/kbc12306156/AppData/Local/UnrealEngine/Common/DerivedDataCache/Buckets/LegacyNavCollision/9c/a4/5e5da621dc02349d0bb16bad5c70ad7b15b2.udd" 5891
"C:/Users/kbc12306156/AppData/Local/UnrealEngine/Common/DerivedDataCache/Buckets/LegacyNavCollision/d4/fb/f592ccd10b91c3ebd32f709da91eb0a87589.udd" 5892
"C:/Users/kbc12306156/AppData/Local/UnrealEngine/Common/DerivedDataCache/Buckets/LegacyDIST/62/e0/f41b4276265d6b5c9aed231913ad9b10eb20.udd" 5893
"C:/Users/kbc12306156/AppData/Local/UnrealEngine/Common/DerivedDataCache/Buckets/LegacyCARD/7b/ff/498dcddb5e44803cdd9789c521558cfdb9c7.udd" 5894
"C:/Users/kbc12306156/AppData/Local/UnrealEngine/Common/DerivedDataCache/Buckets/StaticMesh/7a/5d/f973b41fd0907b6c4771ce5be2d6b9af6ba1.udd" 5895
"C:/PG/GFFproject/Content/Arena/Meshes/SM_Fence03.uasset" 5896
"C:/Users/kbc12306156/AppData/Local/UnrealEngine/Common/DerivedDataCache/Buckets/LegacyNavCollision/ec/be/f09161c38105592108fa8b4429b8be7a9507.udd" 5897
"C:/Users/kbc12306156/AppData/Local/UnrealEngine/Common/DerivedDataCache/Buckets/LegacyNavCollision/13/a7/4c91382f746099b497fb937ea2b11cebc93e.udd" 5898
"C:/Users/kbc12306156/AppData/Local/UnrealEngine/Common/DerivedDataCache/Buckets/LegacyDIST/3f/53/30591c4621c7f1db7d63f2694bd09d84d3cb.udd" 5899
"C:/Users/kbc12306156/AppData/Local/UnrealEngine/Common/DerivedDataCache/Buckets/LegacyCARD/2b/d6/490e6bc122654f7d9ddd22b08c7ecc965896.udd" 5900
"C:/Users/kbc12306156/AppData/Local/UnrealEngine/Common/DerivedDataCache/Buckets/StaticMesh/bf/17/1a3b4c456e07b2fcc92d8a7f42ed431eebc4.udd" 5901
"C:/PG/GFFproject/Content/Arena/Meshes/SM_Lantern01.uasset" 5902
"C:/Users/kbc12306156/AppData/Local/UnrealEngine/Common/DerivedDataCache/Buckets/LegacyNavCollision/72/05/a92bef655bcdb3260306db248b4444e7e559.udd" 5903
"C:/Users/kbc12306156/AppData/Local/UnrealEngine/Common/DerivedDataCache/Buckets/LegacyDIST/2d/1d/081df74789e418052a9bf2c927f2d405d4f8.udd" 5904
"C:/Users/kbc12306156/AppData/Local/UnrealEngine/Common/DerivedDataCache/Buckets/LegacyCARD/37/c2/e312e5b9655c7d96af533504c9ddf390783d.udd" 5905
"C:/Users/kbc12306156/AppData/Local/UnrealEngine/Common/DerivedDataCache/Buckets/StaticMesh/c3/64/4e779a830c6af3bb70f8c994f4418a02980b.udd" 5906
"C:/PG/GFFproject/Content/Arena/Meshes/SM_Lantern03.uasset" 5907
"C:/Users/kbc12306156/AppData/Local/UnrealEngine/Common/DerivedDataCache/Buckets/LegacyNavCollision/8e/b4/d0a8f002c13ce0a46f6752598a87401b6764.udd" 5908
"C:/Users/kbc12306156/AppData/Local/UnrealEngine/Common/DerivedDataCache/Buckets/LegacyDIST/fa/75/6f73d7e7d55682882700b411619333149266.udd" 5909
"C:/Users/kbc12306156/AppData/Local/UnrealEngine/Common/DerivedDataCache/Buckets/LegacyCARD/b2/53/69bd5c99cfe0bbdaaf6a3e29b3ac56e107bf.udd" 5910
"C:/Users/kbc12306156/AppData/Local/UnrealEngine/Common/DerivedDataCache/Buckets/StaticMesh/8d/27/65fba3305d092a3ce3b2ad0be440226e8569.udd" 5911
"C:/PG/GFFproject/Content/Arena/Meshes/SM_Pillar06.uasset" 5912
"C:/Users/kbc12306156/AppData/Local/UnrealEngine/Common/DerivedDataCache/Buckets/LegacyDIST/12/cc/8d090160aa034bac379e407e9bc99dc1bfda.udd" 5913
"C:/Users/kbc12306156/AppData/Local/UnrealEngine/Common/DerivedDataCache/Buckets/LegacyCARD/95/77/355068117d497a94544db51199ede89bcd86.udd" 5914
"C:/Users/kbc12306156/AppData/Local/UnrealEngine/Common/DerivedDataCache/Buckets/StaticMesh/fb/df/1888c99ca0b2103147f6fd6888548ae878c1.udd" 5915
"C:/PG/GFFproject/Content/Arena/Meshes/SM_Pillar07.uasset" 5916
"C:/Users/kbc12306156/AppData/Local/UnrealEngine/Common/DerivedDataCache/Buckets/LegacyNavCollision/64/3b/1adc9afa7a6501c773c13a2ebd08014ae324.udd" 5917
"C:/Users/kbc12306156/AppData/Local/UnrealEngine/Common/DerivedDataCache/Buckets/LegacyDIST/43/02/9520173412bbbc667e4f2bedae7d4c533b1f.udd" 5918
"C:/Users/kbc12306156/AppData/Local/UnrealEngine/Common/DerivedDataCache/Buckets/LegacyCARD/66/cc/97d42d3f997971e235c63b045c4557fd78df.udd" 5919
"C:/Users/kbc12306156/AppData/Local/UnrealEngine/Common/DerivedDataCache/Buckets/LegacyNavCollision/69/56/9569d820d4b924535c8e1408717d4b95003b.udd" 5920
"C:/Users/kbc12306156/AppData/Local/UnrealEngine/Common/DerivedDataCache/Buckets/StaticMesh/3f/9c/e8ca1f8402ae736a090aee3165ec9430a200.udd" 5921
"C:/PG/GFFproject/Content/Arena/Meshes/SM_Pillar08.uasset" 5922
"C:/Users/kbc12306156/AppData/Local/UnrealEngine/Common/DerivedDataCache/Buckets/LegacyNavCollision/b8/b0/1a177f864f5cab9717068e71a8ccc0aec823.udd" 5923
"C:/Users/kbc12306156/AppData/Local/UnrealEngine/Common/DerivedDataCache/Buckets/LegacyDIST/e3/97/b7927dcb7f9a1beb5a1b790c641cd73ad4ad.udd" 5924
"C:/Users/kbc12306156/AppData/Local/UnrealEngine/Common/DerivedDataCache/Buckets/LegacyCARD/f6/7b/1e19757ffeb6bf765889078116822f9a517c.udd" 5925
"C:/PG/GFFproject/Content/Arena/Meshes/SM_Pillar09.uasset" 5926
"C:/Users/kbc12306156/AppData/Local/UnrealEngine/Common/DerivedDataCache/Buckets/StaticMesh/66/36/ec2c84bff6434ae257d8efc3a6e8cce7c6b0.udd" 5927
"C:/Users/kbc12306156/AppData/Local/UnrealEngine/Common/DerivedDataCache/Buckets/StaticMesh/a1/5f/8ed32bcb7d0afb52e37f4fc7c89ab554c0d7.udd" 5928
"C:/PG/GFFproject/Content/Arena/Meshes/SM_SmallPillar04.uasset" 5929
"C:/Users/kbc12306156/AppData/Local/UnrealEngine/Common/DerivedDataCache/Buckets/LegacyDIST/d0/40/96a1778a9ce1104e64cbb442af82ebbad130.udd" 5930
"C:/Users/kbc12306156/AppData/Local/UnrealEngine/Common/DerivedDataCache/Buckets/LegacyDIST/f8/8d/1a9adca53b144eaa33c3fc2f6fb7b54f5cfa.udd" 5931
"C:/Users/kbc12306156/AppData/Local/UnrealEngine/Common/DerivedDataCache/Buckets/LegacyCARD/e5/37/fd6750e8e91ae9b47a1e77bd4033c425e4e1.udd" 5932
"C:/Users/kbc12306156/AppData/Local/UnrealEngine/Common/DerivedDataCache/Buckets/LegacyCARD/97/68/0e0a30ba6e1e385a4dc7a473d9eaaeb23fe5.udd" 5933
"C:/Users/kbc12306156/AppData/Local/UnrealEngine/Common/DerivedDataCache/Buckets/LegacyChaosGeometryData/fc/ca/9166b8e638d0a0422d4a8177bf0731218de2.udd" 5934
"C:/Users/kbc12306156/AppData/Local/UnrealEngine/Common/DerivedDataCache/Buckets/StaticMesh/13/b4/c6c2b0b2d6f08c48b2797d2404eb75b42e08.udd" 5935
"C:/PG/GFFproject/Content/Arena/Meshes/SM_Pillar05.uasset" 5936
"C:/Users/kbc12306156/AppData/Local/UnrealEngine/Common/DerivedDataCache/Buckets/LegacyDIST/b2/4d/9d488ba075a104a3a24e527c4e4a2fda85b4.udd" 5937
"C:/Users/kbc12306156/AppData/Local/UnrealEngine/Common/DerivedDataCache/Buckets/LegacyCARD/06/2f/26db45fd90dc7b9a10a5f8ca2ac3e76b8d54.udd" 5938
"C:/Users/kbc12306156/AppData/Local/UnrealEngine/Common/DerivedDataCache/Buckets/LegacyNavCollision/22/ef/de7402749456626117a73289790bc91192f8.udd" 5939
"C:/PG/GFFproject/Content/Arena/Meshes/SM_RoofStoneMerged01.uasset" 5940
"C:/Users/kbc12306156/AppData/Local/UnrealEngine/Common/DerivedDataCache/Buckets/StaticMesh/59/5f/a795edb7840c7a2641e4fb5c28a5bcad02fe.udd" 5941
"C:/Users/kbc12306156/AppData/Local/UnrealEngine/Common/DerivedDataCache/Buckets/LegacyDIST/e3/eb/47aa1f01708ad53a809808e913d4b0204ecc.udd" 5942
"C:/Users/kbc12306156/AppData/Local/UnrealEngine/Common/DerivedDataCache/Buckets/StaticMesh/7e/a2/40ee8ba1b6b12b50798005f61756c00bc9e5.udd" 5943
"C:/Users/kbc12306156/AppData/Local/UnrealEngine/Common/DerivedDataCache/Buckets/LegacyCARD/0c/34/41aad945a4a119bf2da9805ba8d1aeffa049.udd" 5944
"C:/PG/GFFproject/Content/Arena/Meshes/SM_RoundColumn02.uasset" 5945
"C:/Users/kbc12306156/AppData/Local/UnrealEngine/Common/DerivedDataCache/Buckets/LegacyNavCollision/ef/20/581b7b93edabb0f27e7bba172e73af5dbe20.udd" 5946
"C:/Users/kbc12306156/AppData/Local/UnrealEngine/Common/DerivedDataCache/Buckets/StaticMesh/4a/b8/fc8833b2ea9c9570b12b6e2b33086285deb5.udd" 5947
"C:/PG/GFFproject/Content/Arena/Meshes/SM_RoundColumn01.uasset" 5948
"C:/Users/kbc12306156/AppData/Local/UnrealEngine/Common/DerivedDataCache/Content/c0/f6/7266bd9c79dfbce108d944f8048ce55cb462.udd" 5949
"C:/Users/kbc12306156/AppData/Local/UnrealEngine/Common/DerivedDataCache/Buckets/LegacyNavCollision/fb/49/a8b015fcc0f9a2bc47024acd3c702621dcca.udd" 5950
"C:/Users/kbc12306156/AppData/Local/UnrealEngine/Common/DerivedDataCache/Buckets/StaticMesh/12/b5/02f9ca209456311e8384f0e5276c26a740e0.udd" 5951
"C:/PG/GFFproject/Content/Arena/Meshes/SM_Statue01.uasset" 5952
"C:/Users/kbc12306156/AppData/Local/UnrealEngine/Common/DerivedDataCache/Content/ac/1f/159ebf67ddd01cef1d4ffbb7b1d0096f5eff.udd" 5953
"C:/Users/kbc12306156/AppData/Local/UnrealEngine/Common/DerivedDataCache/Buckets/LegacyNavCollision/70/1e/6bd958ce6791ede50f3e677e5c1e17b9ebc6.udd" 5954
"C:/Users/kbc12306156/AppData/Local/UnrealEngine/Common/DerivedDataCache/Buckets/LegacyDIST/b7/65/212acc5cc7ec500b87eac8ec7ae151d1cd82.udd" 5955
"C:/Users/kbc12306156/AppData/Local/UnrealEngine/Common/DerivedDataCache/Buckets/LegacyNavCollision/db/f3/5b4cc055e0a64bdb8676d450ac424b60444b.udd" 5956
"C:/Users/kbc12306156/AppData/Local/UnrealEngine/Common/DerivedDataCache/Buckets/LegacyCARD/c8/1c/46c1737a43b2f4e2c39209ec893ef38006c5.udd" 5957
"C:/Users/kbc12306156/AppData/Local/UnrealEngine/Common/DerivedDataCache/Buckets/LegacyChaosGeometryData/bc/0f/718869912fe5396999ac062a57dc0fb10660.udd" 5958
"C:/Users/kbc12306156/AppData/Local/UnrealEngine/Common/DerivedDataCache/Buckets/StaticMesh/76/f7/6caee3c0c103813e06f8f59d1d254a31a217.udd" 5959
"C:/PG/GFFproject/Content/Arena/Meshes/SM_Statue02.uasset" 5960
"C:/Users/kbc12306156/AppData/Local/UnrealEngine/Common/DerivedDataCache/Content/0a/7d/741869319683ef0d856e712b3d69c50084cd.udd" 5961
"C:/Users/kbc12306156/AppData/Local/UnrealEngine/Common/DerivedDataCache/Buckets/LegacyNavCollision/96/83/ffb7a205a489427c278085143df3f82fdcc9.udd" 5962
"C:/Users/kbc12306156/AppData/Local/UnrealEngine/Common/DerivedDataCache/Buckets/StaticMesh/f5/6d/25e3a0f58563d222f66b8d103b0872778df3.udd" 5963
"C:/Users/kbc12306156/AppData/Local/UnrealEngine/Common/DerivedDataCache/Buckets/LegacyDIST/00/f3/8e6329a7528f07fae2e4f327e39b97383189.udd" 5964
"C:/Users/kbc12306156/AppData/Local/UnrealEngine/Common/DerivedDataCache/Buckets/LegacyCARD/b5/d1/0ee49c932bd4d46292a5830357e8a3b390d0.udd" 5965
"C:/PG/GFFproject/Content/Arena/Meshes/SM_WoodBeam01.uasset" 5966
"C:/Users/kbc12306156/AppData/Local/UnrealEngine/Common/DerivedDataCache/Buckets/LegacyDIST/b8/d5/6b8cd857539f3ca839e8f875e525e6aa9c8c.udd" 5967
"C:/Users/kbc12306156/AppData/Local/UnrealEngine/Common/DerivedDataCache/Buckets/LegacyDIST/a4/1e/398782eb9d74c9db1537e1b2ae95ab217150.udd" 5968
"C:/Users/kbc12306156/AppData/Local/UnrealEngine/Common/DerivedDataCache/Buckets/StaticMesh/9d/f6/31eb2dfe8331af54a15b833c4a78cae8b85a.udd" 5969
"C:/PG/GFFproject/Content/Arena/Meshes/SM_WoodBeam05.uasset" 5970
"C:/Users/kbc12306156/AppData/Local/UnrealEngine/Common/DerivedDataCache/Buckets/LegacyDIST/44/81/aa532a9611940a9032df57e6e3cace71734f.udd" 5971
"C:/Users/kbc12306156/AppData/Local/UnrealEngine/Common/DerivedDataCache/Buckets/LegacyCARD/b9/e4/aa4074fc0d58eb5b4beccf8a10b10b84caf8.udd" 5972
"C:/Users/kbc12306156/AppData/Local/UnrealEngine/Common/DerivedDataCache/Buckets/LegacyDIST/97/eb/712efe1b54b201a0c7e03bd766cc4b3e96ad.udd" 5973
"C:/Users/kbc12306156/AppData/Local/UnrealEngine/Common/DerivedDataCache/Buckets/LegacyCARD/a4/02/2c50c411ee28cf0546acb10bcc56793ee246.udd" 5974
"C:/Users/kbc12306156/AppData/Local/UnrealEngine/Common/DerivedDataCache/Buckets/StaticMesh/2f/44/5c2fca8dc4ffddf91ea1a1858d4e4de0535c.udd" 5975
"C:/Users/kbc12306156/AppData/Local/UnrealEngine/Common/DerivedDataCache/Buckets/LegacyNavCollision/40/25/b58fc7e8251d4e1ff867c3f6debd8381b205.udd" 5976
"C:/Users/kbc12306156/AppData/Local/UnrealEngine/Common/DerivedDataCache/Buckets/LegacyDIST/61/25/6c2277fcde73bd773c5e6567190d87bbff95.udd" 5977
"C:/Users/kbc12306156/AppData/Local/UnrealEngine/Common/DerivedDataCache/Buckets/LegacyChaosGeometryData/f2/4d/df811f51b435a6beb83bd6c5c80f76e0edd7.udd" 5978
"C:/Users/kbc12306156/AppData/Local/UnrealEngine/Common/DerivedDataCache/Buckets/LegacyCARD/72/3c/4c180dfbb36e86701db673eb95d8d2d127e7.udd" 5979
"C:/Users/kbc12306156/AppData/Local/UnrealEngine/Common/DerivedDataCache/Buckets/LegacyNavCollision/1e/a7/a6910dad67aa65e5cf99a222afba69e86341.udd" 5980
"C:/PG/GFFproject/Content/Arena/Meshes/SM_WoodPlate01.uasset" 5981
"C:/Users/kbc12306156/AppData/Local/UnrealEngine/Common/DerivedDataCache/Buckets/LegacyCARD/11/86/38a2ca1ac2089727001d8fe8c0301c7b113b.udd" 5982
"C:/Users/kbc12306156/AppData/Local/UnrealEngine/Common/DerivedDataCache/Buckets/LegacyNavCollision/83/59/5caef5091316e1b366c55ef3656cc0174f29.udd" 5983
"C:/Users/kbc12306156/AppData/Local/UnrealEngine/Common/DerivedDataCache/Buckets/LegacyChaosGeometryData/6f/12/c5cfce9356e08f968690580240e0f5438cda.udd" 5984
"C:/Users/kbc12306156/AppData/Local/UnrealEngine/Common/DerivedDataCache/Buckets/LegacyCARD/b9/a0/ebd8397a988e0d92ff8741cb9e3e175f1f04.udd" 5985
"C:/Users/kbc12306156/AppData/Local/UnrealEngine/Common/DerivedDataCache/Buckets/StaticMesh/f5/ca/0713f0220763a1a87f3b24fdb4557d742f83.udd" 5986
"C:/PG/GFFproject/Content/Arena/Meshes/SM_WoodPlate02.uasset" 5987
"C:/Users/kbc12306156/AppData/Local/UnrealEngine/Common/DerivedDataCache/Buckets/LegacyDIST/05/73/007ba16b53c4ef62c329128b800ce117f211.udd" 5988
"C:/Users/kbc12306156/AppData/Local/UnrealEngine/Common/DerivedDataCache/Buckets/LegacyCARD/88/72/59aebf29bfbbc63696554fbe1271bf40fb78.udd" 5989
"C:/PG/GFFproject/Content/Arena/Meshes/SM_WoodPlate03.uasset" 5990
"C:/Users/kbc12306156/AppData/Local/UnrealEngine/Common/DerivedDataCache/Buckets/LegacyChaosGeometryData/29/30/e2fbed2a1b565c57bb97762303fafbacc2a5.udd" 5991
"C:/Users/kbc12306156/AppData/Local/UnrealEngine/Common/DerivedDataCache/Buckets/StaticMesh/01/bb/a86814b09af84e3a85d6474bdcc4387b9512.udd" 5992
"C:/PG/GFFproject/Content/Arena/Meshes/SM_WoodBeam07.uasset" 5993
"C:/Users/kbc12306156/AppData/Local/UnrealEngine/Common/DerivedDataCache/Buckets/StaticMesh/f5/84/74d95f1bd8f442e8694af5de7dcf2114193f.udd" 5994
"C:/Users/kbc12306156/AppData/Local/UnrealEngine/Common/DerivedDataCache/Buckets/LegacyDIST/a6/95/88ab1d105a99a1aced34ccb3dcd0e6452ba6.udd" 5995
"C:/Users/kbc12306156/AppData/Local/UnrealEngine/Common/DerivedDataCache/Buckets/StaticMesh/c5/89/cb5455c5169dee7a9a120907a1e41b8a6d5e.udd" 5996
"C:/PG/GFFproject/Content/Arena/Meshes/SM_Wall06.uasset" 5997
"C:/Users/kbc12306156/AppData/Local/UnrealEngine/Common/DerivedDataCache/Buckets/LegacyCARD/ab/fc/d4664e30e5a2b38b1726c806364e446111f0.udd" 5998
"C:/Users/kbc12306156/AppData/Local/UnrealEngine/Common/DerivedDataCache/Buckets/LegacyNavCollision/d3/05/644b8f07ac44fa101b36edd8e0f19e2c8d5c.udd" 5999
"C:/Users/kbc12306156/AppData/Local/UnrealEngine/Common/DerivedDataCache/Buckets/StaticMesh/48/89/2f5ee9325d31b345f7afc9a3daafb2412663.udd" 6000
"C:/PG/GFFproject/Content/Arena/Meshes/SM_Building02.uasset" 6001
"C:/Users/kbc12306156/AppData/Local/UnrealEngine/Common/DerivedDataCache/Buckets/LegacyDIST/47/9f/2b21653e632a3996bb28285951a9123b500d.udd" 6002
"C:/Users/kbc12306156/AppData/Local/UnrealEngine/Common/DerivedDataCache/Buckets/LegacyCARD/3b/d0/ab694ae0211b7d5dfea752e15bae24a1be22.udd" 6003
"C:/Users/kbc12306156/AppData/Local/UnrealEngine/Common/DerivedDataCache/Buckets/LegacyDIST/03/f2/40073e96e0e76b8baa57da770eecd718db9d.udd" 6004
"C:/Users/kbc12306156/AppData/Local/UnrealEngine/Common/DerivedDataCache/Buckets/LegacyCARD/42/e8/d09fe85bfa058b9d295425ad47900c9bc511.udd" 6005
"C:/Users/kbc12306156/AppData/Local/UnrealEngine/Common/DerivedDataCache/Buckets/StaticMesh/01/4a/c8f709e11a58d419f384bd4d766ab510c642.udd" 6006
"C:/PG/GFFproject/Content/Arena/Meshes/SM_MainBuilding01.uasset" 6007
"C:/Users/kbc12306156/AppData/Local/UnrealEngine/Common/DerivedDataCache/Buckets/LegacyChaosGeometryData/40/3a/836284f719a1c6c9599afb703eee161942ee.udd" 6008
"C:/Users/kbc12306156/AppData/Local/UnrealEngine/Common/DerivedDataCache/Buckets/LegacyNavCollision/86/2e/eb90a12222ba22eb6cf339d79afe4291d26f.udd" 6009
"C:/Users/kbc12306156/AppData/Local/UnrealEngine/Common/DerivedDataCache/Buckets/StaticMesh/d2/ac/1d9fa8fd04fce4b4511cea3974284afe3245.udd" 6010
"C:/Users/kbc12306156/AppData/Local/UnrealEngine/Common/DerivedDataCache/Buckets/LegacyDIST/fe/cd/021034b29178667f6cfc2291e584d1d066ff.udd" 6011
"../../../../../../PG/GFFproject/Content/Arena/Meshes/SM_Ornament03.uasset" 6012
"C:/Users/kbc12306156/AppData/Local/UnrealEngine/Common/DerivedDataCache/Buckets/LegacyCARD/39/4d/2bf44c2f47b34988b95e9ac5bfd32195b78f.udd" 6013
"../../../../../../PG/GFFproject/Content/Arena/Meshes/SM_Ornament04.uasset" 6014
"C:/Users/kbc12306156/AppData/Local/UnrealEngine/Common/DerivedDataCache/Buckets/LegacyNavCollision/fd/c4/ab8147c6997c9300c949b932e81fe12495bd.udd" 6015
"../../../../../../PG/GFFproject/Content/Arena/Meshes/SM_Ornament05.uasset" 6016
"C:/Users/kbc12306156/AppData/Local/UnrealEngine/Common/DerivedDataCache/Buckets/LegacyChaosGeometryData/59/3f/b18a23bede78869a201674bdeebb40fa2f08.udd" 6017
"C:/Users/kbc12306156/AppData/Local/UnrealEngine/Common/DerivedDataCache/Buckets/LegacyNavCollision/81/f9/d5a26f01a772de706fe3ce71db547f124dda.udd" 6018
"../../../../../../PG/GFFproject/Content/Arena/Meshes/SM_Ornament06.uasset" 6019
"../../../../../../PG/GFFproject/Content/Arena/Meshes/SM_Ornament08.uasset" 6020
"C:/Users/kbc12306156/AppData/Local/UnrealEngine/Common/DerivedDataCache/Buckets/LegacyDIST/5d/83/436545f3c577f1be917b45acf798e6523b8a.udd" 6021
"../../../../../../PG/GFFproject/Content/Arena/Meshes/SM_DebrisStonesPile01.uasset" 6022
"C:/Users/kbc12306156/AppData/Local/UnrealEngine/Common/DerivedDataCache/Buckets/LegacyCARD/3f/67/647fd6f054bf642f6de108c2123cff570f27.udd" 6023
"../../../../../../PG/GFFproject/Content/Arena/Meshes/SM_DebrisStonesPile02.uasset" 6024
"C:/Users/kbc12306156/AppData/Local/UnrealEngine/Common/DerivedDataCache/Buckets/LegacyDIST/62/c4/d7877a9d87fb2bfba25206c80b2d48aa61f4.udd" 6025
"C:/Users/kbc12306156/AppData/Local/UnrealEngine/Common/DerivedDataCache/Buckets/LegacyChaosGeometryData/e3/f3/3199827fe50d28682d9135645ad34e90d59f.udd" 6026
"../../../../../../PG/GFFproject/Content/Arena/Meshes/SM_DebrisStonesPile06.uasset" 6027
"C:/Users/kbc12306156/AppData/Local/UnrealEngine/Common/DerivedDataCache/Buckets/LegacyCARD/c9/bd/110486e4403960afaf7c3c5e086a8dbc2cb2.udd" 6028
"C:/Users/kbc12306156/AppData/Local/UnrealEngine/Common/DerivedDataCache/Buckets/LegacyNavCollision/b6/d8/f04e6c5f5333c7b2b500842d644137aaeb1a.udd" 6029
"../../../../../../PG/GFFproject/Content/Arena/Meshes/SM_DebrisStonesPile07.uasset" 6030
"../../../../../../PG/GFFproject/Content/Arena/Meshes/SM_Door02Part04.uasset" 6031
"C:/Users/kbc12306156/AppData/Local/UnrealEngine/Common/DerivedDataCache/Buckets/LegacyChaosGeometryData/c7/ee/7e8b4a0d103c9c58fa5db95b76850b4c7d9a.udd" 6032
"C:/Users/kbc12306156/AppData/Local/UnrealEngine/Common/DerivedDataCache/Buckets/LegacyNavCollision/dc/9c/25528201690f5b03f02142cab2ffa81ca63c.udd" 6033
"../../../../../../PG/GFFproject/Content/Arena/Meshes/SM_Door02.uasset" 6034
"../../../../../../PG/GFFproject/Content/Arena/Meshes/SM_Door02Part01.uasset" 6035
"../../../../../../PG/GFFproject/Content/Arena/Meshes/SM_Door02Part03.uasset" 6036
"C:/Users/kbc12306156/AppData/Local/UnrealEngine/Common/DerivedDataCache/Buckets/LegacyNavCollision/ee/56/afc47f50d6222eaf8521e235ee9026c38001.udd" 6037
"C:/Users/kbc12306156/AppData/Local/UnrealEngine/Common/DerivedDataCache/Buckets/LegacyNavCollision/5e/4a/7342aa0fe0cfaba767e6bba63ccb31a6172a.udd" 6038
"../../../../../../PG/GFFproject/Content/Arena/Meshes/SM_Fabric01.uasset" 6039
"../../../../../../PG/GFFproject/Content/Arena/Meshes/SM_Fabric02.uasset" 6040
"C:/Users/kbc12306156/AppData/Local/UnrealEngine/Common/DerivedDataCache/Buckets/LegacyNavCollision/ab/6d/6d50dc875dbc4d0f7fc800bcbf6dd10c38fc.udd" 6041
"../../../../../../PG/GFFproject/Content/Arena/Meshes/SM_Fabric03.uasset" 6042
"../../../../../../PG/GFFproject/Content/Arena/Meshes/SM_Fabric04.uasset" 6043
"../../../../../../PG/GFFproject/Content/Arena/Meshes/SM_Fabric05.uasset" 6044
"../../../../../../PG/GFFproject/Content/Arena/Meshes/SM_OuterWall02.uasset" 6045
"../../../../../../PG/GFFproject/Content/Arena/Meshes/SM_Seats04.uasset" 6046
"../../../../../../PG/GFFproject/Content/Arena/Meshes/SM_Seats05.uasset" 6047
"../../../../../../PG/GFFproject/Content/Arena/Meshes/SM_Seats06.uasset" 6048
"../../../../../../PG/GFFproject/Content/Arena/Meshes/SM_Fence01.uasset" 6049
"C:/Users/kbc12306156/AppData/Local/UnrealEngine/Common/DerivedDataCache/Buckets/LegacyNavCollision/12/7e/a0dcaa2a96af3790f0d25bb56260f4305028.udd" 6050
"../../../../../../PG/GFFproject/Content/Arena/Meshes/SM_Fence02.uasset" 6051
"../../../../../../PG/GFFproject/Content/Arena/Meshes/SM_Fence03.uasset" 6052
"../../../../../../PG/GFFproject/Content/Arena/Meshes/SM_Lantern01.uasset" 6053
"../../../../../../PG/GFFproject/Content/Arena/Meshes/SM_Lantern03.uasset" 6054
"../../../../../../PG/GFFproject/Content/Arena/Meshes/SM_Pillar06.uasset" 6055
"../../../../../../PG/GFFproject/Content/Arena/Meshes/SM_Pillar07.uasset" 6056
"../../../../../../PG/GFFproject/Content/Arena/Meshes/SM_Pillar08.uasset" 6057
"../../../../../../PG/GFFproject/Content/Arena/Meshes/SM_Pillar09.uasset" 6058
"../../../../../../PG/GFFproject/Content/Arena/Meshes/SM_SmallPillar04.uasset" 6059
"C:/PG/GFFproject/Content/Arena/Meshes/SM_Roof01.uasset" 6060
"C:/Users/kbc12306156/AppData/Local/UnrealEngine/Common/DerivedDataCache/Buckets/StaticMesh/87/cb/77f353a6869114a5e2c9f047f2d3ebc17467.udd" 6061
"C:/PG/GFFproject/Content/Arena/Meshes/SM_Wall02.uasset" 6062
"C:/Users/kbc12306156/AppData/Local/UnrealEngine/Common/DerivedDataCache/Buckets/StaticMesh/c2/a9/e6d01cc7cc9c01df900b1a6437264c5d8f2c.udd" 6063
"C:/PG/GFFproject/Content/Arena/Meshes/SM_Wall04.uasset" 6064
"C:/Users/kbc12306156/AppData/Local/UnrealEngine/Common/DerivedDataCache/Buckets/LegacyDIST/a0/f9/662ccfb988dcfb6c4bec53b0a3900a296d6e.udd" 6065
"C:/Users/kbc12306156/AppData/Local/UnrealEngine/Common/DerivedDataCache/Buckets/LegacyDIST/4e/32/365eddff4e15ed7a2d7bd34d271369205b03.udd" 6066
"C:/Users/kbc12306156/AppData/Local/UnrealEngine/Common/DerivedDataCache/Buckets/StaticMesh/ac/a5/a66396838c17601e5efe9c775a570ec1f452.udd" 6067
"C:/Users/kbc12306156/AppData/Local/UnrealEngine/Common/DerivedDataCache/Buckets/LegacyCARD/34/91/712d759e99ea696367b5678243cf8bba150b.udd" 6068
"C:/PG/GFFproject/Content/Arena/Meshes/SM_Door01.uasset" 6069
"C:/Users/kbc12306156/AppData/Local/UnrealEngine/Common/DerivedDataCache/Buckets/LegacyCARD/a8/4e/a717d84854c1d4825a3ddb8cf1c124aaeeec.udd" 6070
"C:/Users/kbc12306156/AppData/Local/UnrealEngine/Common/DerivedDataCache/Buckets/LegacyChaosGeometryData/51/d1/dd93ba730160822536c8f082d7f9551154e5.udd" 6071
"C:/Users/kbc12306156/AppData/Local/UnrealEngine/Common/DerivedDataCache/Buckets/LegacyChaosGeometryData/2d/72/fd2b5b9f7e99cb7fb0d762691863e5a6ca39.udd" 6072
"C:/Users/kbc12306156/AppData/Local/UnrealEngine/Common/DerivedDataCache/Buckets/StaticMesh/63/d8/a8412dd86471aa2d6e7fdb52bbf7ef121959.udd" 6073
"C:/PG/GFFproject/Content/Arena/Meshes/SM_Door01Part03.uasset" 6074
"C:/Users/kbc12306156/AppData/Local/UnrealEngine/Common/DerivedDataCache/Buckets/StaticMesh/64/fd/086d6e06a6d66b73dadeb54acaf232d8fedd.udd" 6075
"C:/PG/GFFproject/Content/Arena/Meshes/SM_Door01Part04.uasset" 6076
"C:/Users/kbc12306156/AppData/Local/UnrealEngine/Common/DerivedDataCache/Buckets/LegacyDIST/fc/0e/9288ff480df9114b2a3fb55a8ffb8a28e78e.udd" 6077
"C:/Users/kbc12306156/AppData/Local/UnrealEngine/Common/DerivedDataCache/Buckets/LegacyNavCollision/92/10/634b19feff017c8e5cd4a424a41ef694d657.udd" 6078
"C:/Users/kbc12306156/AppData/Local/UnrealEngine/Common/DerivedDataCache/Buckets/LegacyDIST/e3/9d/760f13b5519b96edfbf018688eebc489516a.udd" 6079
"C:/Users/kbc12306156/AppData/Local/UnrealEngine/Common/DerivedDataCache/Buckets/LegacyCARD/4c/ba/800e9d94f43d252271724d82146f8393a3ef.udd" 6080
"C:/Users/kbc12306156/AppData/Local/UnrealEngine/Common/DerivedDataCache/Buckets/LegacyCARD/5e/2e/316ba2d877bdb1f72b39ae9851f8c9effeaf.udd" 6081
"C:/Users/kbc12306156/AppData/Local/UnrealEngine/Common/DerivedDataCache/Buckets/LegacyChaosGeometryData/0c/3f/b2f229c24083000e7a79de2692c6ca758b3b.udd" 6082
"C:/Users/kbc12306156/AppData/Local/UnrealEngine/Common/DerivedDataCache/Buckets/StaticMesh/0c/b2/f0e418ce91560b5a12e08425383be3b3394e.udd" 6083
"C:/PG/GFFproject/Content/Arena/Meshes/SM_Door01Frame01.uasset" 6084
"C:/Users/kbc12306156/AppData/Local/UnrealEngine/Common/DerivedDataCache/Buckets/LegacyNavCollision/90/4f/56289bcfacc37a9fe5df766d33da6a668de4.udd" 6085
"C:/Users/kbc12306156/AppData/Local/UnrealEngine/Common/DerivedDataCache/Buckets/LegacyDIST/95/bc/44aab1a87d55866f7b0bb1aaf534ded2c307.udd" 6086
"C:/Users/kbc12306156/AppData/Local/UnrealEngine/Common/DerivedDataCache/Buckets/LegacyDIST/70/a4/2ca32c2f9a7050be9fe52edbf5dd054c706e.udd" 6087
"C:/Users/kbc12306156/AppData/Local/UnrealEngine/Common/DerivedDataCache/Buckets/StaticMesh/b1/7f/94b4276ada9322132e0e204fb57dda78b8ee.udd" 6088
"C:/Users/kbc12306156/AppData/Local/UnrealEngine/Common/DerivedDataCache/Buckets/LegacyCARD/5c/b5/00b30b0a038e236dc6ec13c0f8a724c2cc6c.udd" 6089
"C:/Users/kbc12306156/AppData/Local/UnrealEngine/Common/DerivedDataCache/Buckets/LegacyCARD/28/a9/90cddbbbba9226737eff86bb4b25672f6fa4.udd" 6090
"C:/PG/GFFproject/Content/Arena/Meshes/SM_FabricCover01.uasset" 6091
"C:/Users/kbc12306156/AppData/Local/UnrealEngine/Common/DerivedDataCache/Buckets/LegacyDIST/86/a8/7efd2b6ad29859568925481a2c41771062f0.udd" 6092
"C:/Users/kbc12306156/AppData/Local/UnrealEngine/Common/DerivedDataCache/Buckets/LegacyChaosGeometryData/38/cc/2da53394ecfc571d665c0aa63854a49fa743.udd" 6093
"C:/Users/kbc12306156/AppData/Local/UnrealEngine/Common/DerivedDataCache/Buckets/LegacyCARD/16/fb/9d67a60ae328e800c1aaada7a00fb1172e9e.udd" 6094
"C:/Users/kbc12306156/AppData/Local/UnrealEngine/Common/DerivedDataCache/Buckets/StaticMesh/65/2f/7a904227680db93bc6947a865676f302b403.udd" 6095
"C:/PG/GFFproject/Content/Arena/Meshes/SM_FabricCover02.uasset" 6096
"C:/Users/kbc12306156/AppData/Local/UnrealEngine/Common/DerivedDataCache/Buckets/LegacyDIST/4b/e1/f3979a4a4a5b56f1360895f269f36dbe635f.udd" 6097
"C:/Users/kbc12306156/AppData/Local/UnrealEngine/Common/DerivedDataCache/Buckets/LegacyCARD/e0/4e/e423fea15f690654f637595a68cc96841d26.udd" 6098
"C:/Users/kbc12306156/AppData/Local/UnrealEngine/Common/DerivedDataCache/Buckets/LegacyNavCollision/48/59/1898cde78abfe170e60b65e280cbd07d9b72.udd" 6099
"C:/Users/kbc12306156/AppData/Local/UnrealEngine/Common/DerivedDataCache/Buckets/LegacyNavCollision/e3/ee/2e0c22c4ba27f1941b210534484ad095a922.udd" 6100
"C:/Users/kbc12306156/AppData/Local/UnrealEngine/Common/DerivedDataCache/Buckets/LegacyNavCollision/49/11/b256e9c24a6e926ac83977fca23589ada1a3.udd" 6101
"C:/Users/kbc12306156/AppData/Local/UnrealEngine/Common/DerivedDataCache/Buckets/StaticMesh/d3/95/eab1a90b866910b07697d6f2af240e7334da.udd" 6102
"C:/PG/GFFproject/Content/Arena/Meshes/SM_FabricCover03.uasset" 6103
"C:/Users/kbc12306156/AppData/Local/UnrealEngine/Common/DerivedDataCache/Buckets/LegacyNavCollision/b4/33/2b45bb802c52002db4e5df5343ce9c6c1151.udd" 6104
"C:/Users/kbc12306156/AppData/Local/UnrealEngine/Common/DerivedDataCache/Buckets/LegacyDIST/b4/b4/525a694eecdb7a5356494185d7d7f5384a4a.udd" 6105
"C:/Users/kbc12306156/AppData/Local/UnrealEngine/Common/DerivedDataCache/Buckets/LegacyCARD/f9/57/a8f5f21dcf21427ce58243b4c2ac5d26405b.udd" 6106
"C:/Users/kbc12306156/AppData/Local/UnrealEngine/Common/DerivedDataCache/Buckets/StaticMesh/ff/56/e438e033a1ff048d4eef275997f3d29b103b.udd" 6107
"C:/PG/GFFproject/Content/Arena/Meshes/SM_FabricCover04.uasset" 6108
"C:/Users/kbc12306156/AppData/Local/UnrealEngine/Common/DerivedDataCache/Buckets/LegacyChaosGeometryData/23/46/0f47eec212270d54da9a4917a28d731d61ee.udd" 6109
"C:/Users/kbc12306156/AppData/Local/UnrealEngine/Common/DerivedDataCache/Buckets/LegacyNavCollision/b4/5b/a820ac96f5d68c6e0c15d3f4c7947310808f.udd" 6110
"C:/Users/kbc12306156/AppData/Local/UnrealEngine/Common/DerivedDataCache/Buckets/LegacyDIST/27/e6/9bb0cbdba9a6a2429d5aa23f6e89811a2e5a.udd" 6111
"C:/Users/kbc12306156/AppData/Local/UnrealEngine/Common/DerivedDataCache/Buckets/StaticMesh/92/f9/654d130913e5c2d133d1571785a972d42cd9.udd" 6112
"C:/PG/GFFproject/Content/Arena/Meshes/SM_LargeBlock04.uasset" 6113
"C:/Users/kbc12306156/AppData/Local/UnrealEngine/Common/DerivedDataCache/Buckets/LegacyNavCollision/36/33/d91991c87e5b93d6a45dee2dbc2f0cfca2c0.udd" 6114
"C:/Users/kbc12306156/AppData/Local/UnrealEngine/Common/DerivedDataCache/Buckets/LegacyCARD/ee/bc/b09562e0002ad996bf17ab125048fd1fe544.udd" 6115
"C:/Users/kbc12306156/AppData/Local/UnrealEngine/Common/DerivedDataCache/Buckets/LegacyNavCollision/d5/a7/9f04f0c2c80e2905b7f98364154406a793d2.udd" 6116
"C:/Users/kbc12306156/AppData/Local/UnrealEngine/Common/DerivedDataCache/Buckets/LegacyDIST/d5/87/26ce9de8822bfb66210b430f257b82e747d8.udd" 6117
"C:/Users/kbc12306156/AppData/Local/UnrealEngine/Common/DerivedDataCache/Buckets/LegacyCARD/4a/55/d39faa062a23627523ec59b02fc0739c260d.udd" 6118
"C:/Users/kbc12306156/AppData/Local/UnrealEngine/Common/DerivedDataCache/Buckets/StaticMesh/46/81/8d70fd1edc7bdf1346e1532e4fd4180e8546.udd" 6119
"C:/PG/GFFproject/Content/Arena/Meshes/SM_Skeleton01.uasset" 6120
"C:/Users/kbc12306156/AppData/Local/UnrealEngine/Common/DerivedDataCache/Buckets/LegacyDIST/37/bb/c7809c9d9c7551ed060759e82a10f0ead778.udd" 6121
"C:/Users/kbc12306156/AppData/Local/UnrealEngine/Common/DerivedDataCache/Buckets/LegacyCARD/3c/f7/d846864399ce5759eddbbee9056ad28fda83.udd" 6122
"C:/Users/kbc12306156/AppData/Local/UnrealEngine/Common/DerivedDataCache/Buckets/StaticMesh/24/8c/8e665222f63595205e76c6074b90705fce68.udd" 6123
"C:/Users/kbc12306156/AppData/Local/UnrealEngine/Common/DerivedDataCache/Buckets/LegacyNavCollision/6c/34/94ecc80ba8576a4edb7c8e7acbbfa2d531ee.udd" 6124
"C:/PG/GFFproject/Content/Arena/Meshes/SM_Skeleton04.uasset" 6125
"C:/Users/kbc12306156/AppData/Local/UnrealEngine/Common/DerivedDataCache/Buckets/LegacyDIST/4c/5c/7597b499ab058e6b07c606cfa543109c6e82.udd" 6126
"C:/Users/kbc12306156/AppData/Local/UnrealEngine/Common/DerivedDataCache/Buckets/StaticMesh/00/80/bb572763945c683846dda4ab97d010617c8e.udd" 6127
"C:/PG/GFFproject/Content/Arena/Meshes/SM_Skeleton05.uasset" 6128
"C:/Users/kbc12306156/AppData/Local/UnrealEngine/Common/DerivedDataCache/Buckets/LegacyDIST/19/66/faa6b2721a6f2a27a0e2798965d0ec87ced9.udd" 6129
"C:/Users/kbc12306156/AppData/Local/UnrealEngine/Common/DerivedDataCache/Buckets/StaticMesh/2a/51/f051cbf8fb5d6d3934bd50d8c9b0b257a010.udd" 6130
"C:/PG/GFFproject/Content/Arena/Meshes/SM_Skull02.uasset" 6131
"C:/Users/kbc12306156/AppData/Local/UnrealEngine/Common/DerivedDataCache/Buckets/LegacyNavCollision/9b/61/082bf732f316edd3888bec104d162aa3901b.udd" 6132
"C:/Users/kbc12306156/AppData/Local/UnrealEngine/Common/DerivedDataCache/Buckets/LegacyCARD/79/a0/037d05592ae41e272b1cc1f58ba08b5becc7.udd" 6133
"C:/Users/kbc12306156/AppData/Local/UnrealEngine/Common/DerivedDataCache/Buckets/LegacyDIST/1c/71/aab31caf118616ec5827f754859158b1cc5c.udd" 6134
"C:/Users/kbc12306156/AppData/Local/UnrealEngine/Common/DerivedDataCache/Buckets/LegacyNavCollision/ba/26/6b3cbfb7905c36a05faa86d91597858b8998.udd" 6135
"C:/Users/kbc12306156/AppData/Local/UnrealEngine/Common/DerivedDataCache/Buckets/LegacyCARD/ef/e8/232cad2ec99c2416f52f4166f60f39b796e4.udd" 6136
"C:/Users/kbc12306156/AppData/Local/UnrealEngine/Common/DerivedDataCache/Buckets/StaticMesh/a0/b4/b50037327efc2ec157b569257b85e5fc7653.udd" 6137
"../../../../../../PG/GFFproject/Content/Arena/Meshes/SM_Pillar05.uasset" 6138
"../../../../../../PG/GFFproject/Content/Arena/Meshes/SM_RoofStoneMerged01.uasset" 6139
"C:/Users/kbc12306156/AppData/Local/UnrealEngine/Common/DerivedDataCache/Buckets/LegacyDIST/63/f2/af10ed0e815344a8e966e1b0ff6ccfb011b4.udd" 6140
"../../../../../../PG/GFFproject/Content/Arena/Meshes/SM_RoundColumn02.uasset" 6141
"../../../../../../PG/GFFproject/Content/Arena/Meshes/SM_RoundColumn01.uasset" 6142
"C:/Users/kbc12306156/AppData/Local/UnrealEngine/Common/DerivedDataCache/Buckets/LegacyCARD/1b/5f/53b10be7b6102a82beb8d0b03aeb5ae5610c.udd" 6143
"../../../../../../PG/GFFproject/Content/Arena/Meshes/SM_Statue01.uasset" 6144
"../../../../../../PG/GFFproject/Content/Arena/Meshes/SM_Statue02.uasset" 6145
"C:/Users/kbc12306156/AppData/Local/UnrealEngine/Common/DerivedDataCache/Buckets/LegacyCARD/96/78/f779d764e1974a6e79283ff655a8bfe2ca39.udd" 6146
"../../../../../../PG/GFFproject/Content/Arena/Meshes/SM_WoodBeam01.uasset" 6147
"../../../../../../PG/GFFproject/Content/Arena/Meshes/SM_WoodBeam05.uasset" 6148
"../../../../../../PG/GFFproject/Content/Arena/Meshes/SM_WoodPlate01.uasset" 6149
"../../../../../../PG/GFFproject/Content/Arena/Meshes/SM_WoodPlate02.uasset" 6150
"../../../../../../PG/GFFproject/Content/Arena/Meshes/SM_WoodPlate03.uasset" 6151
"C:/Users/kbc12306156/AppData/Local/UnrealEngine/Common/DerivedDataCache/Buckets/LegacyNavCollision/fd/df/40244e9940dfd31f369c6250a1226d664a3f.udd" 6152
"../../../../../../PG/GFFproject/Content/Arena/Meshes/SM_WoodBeam07.uasset" 6153
"../../../../../../PG/GFFproject/Content/Arena/Meshes/SM_Building02.uasset" 6154
"C:/Users/kbc12306156/AppData/Local/UnrealEngine/Common/DerivedDataCache/Buckets/LegacyNavCollision/24/65/d61ace3a7538075dabbc50cdab6b7b6b94b5.udd" 6155
"C:/Users/kbc12306156/AppData/Local/UnrealEngine/Common/DerivedDataCache/Buckets/LegacyNavCollision/7f/f3/3d133ee087c38bb3fb460a67ddda3d1c7039.udd" 6156
"C:/Users/kbc12306156/AppData/Local/UnrealEngine/Common/DerivedDataCache/Buckets/LegacyNavCollision/1b/9c/0a0ba7af98ffa541874ba4d0d41904d3dd54.udd" 6157
"C:/PG/GFFproject/Content/Arena/Meshes/SM_Wall05.uasset" 6158
"C:/Users/kbc12306156/AppData/Local/UnrealEngine/Common/DerivedDataCache/Buckets/StaticMesh/d9/71/a2dabf6e412786658a3199bc85cc46b2e022.udd" 6159
"C:/PG/GFFproject/Content/Arena/Meshes/SM_WoodPlank01.uasset" 6160
"C:/Users/kbc12306156/AppData/Local/UnrealEngine/Common/DerivedDataCache/Buckets/StaticMesh/00/f1/9fa7d9b744dd68e68adaa4e1d78cfdd8cd1d.udd" 6161
"C:/PG/GFFproject/Content/Arena/Meshes/SM_WoodPlank02.uasset" 6162
"C:/Users/kbc12306156/AppData/Local/UnrealEngine/Common/DerivedDataCache/Buckets/LegacyDIST/db/78/8c556f002f80b090ccd09982cae1faec53f3.udd" 6163
"C:/Users/kbc12306156/AppData/Local/UnrealEngine/Common/DerivedDataCache/Buckets/StaticMesh/bd/1b/b153960db728670b4021380dd137844375bd.udd" 6164
"C:/PG/GFFproject/Content/Arena/Meshes/SM_WoodPlank05.uasset" 6165
"C:/Users/kbc12306156/AppData/Local/UnrealEngine/Common/DerivedDataCache/Buckets/LegacyDIST/42/95/47feea5742785917b948bc991b2333bc01ef.udd" 6166
"C:/Users/kbc12306156/AppData/Local/UnrealEngine/Common/DerivedDataCache/Buckets/LegacyCARD/8a/74/7fb1f40b52cebc71f47f0b5c06cbfb9fcea7.udd" 6167
"C:/Users/kbc12306156/AppData/Local/UnrealEngine/Common/DerivedDataCache/Buckets/LegacyDIST/b8/59/3f51c89a63b42b8550dfeb6eaf366a8045cb.udd" 6168
"C:/Users/kbc12306156/AppData/Local/UnrealEngine/Common/DerivedDataCache/Buckets/StaticMesh/9a/e1/8840de61e20ecfdeaca5860e22fe55fe4f68.udd" 6169
"C:/PG/GFFproject/Content/Arena/Meshes/SM_WoodPlank07.uasset" 6170
"C:/Users/kbc12306156/AppData/Local/UnrealEngine/Common/DerivedDataCache/Buckets/LegacyDIST/6f/8a/f0e4abbb7b046a7fd4b49dfe20fce072bbb6.udd" 6171
"C:/Users/kbc12306156/AppData/Local/UnrealEngine/Common/DerivedDataCache/Buckets/LegacyCARD/39/bc/66527b2745df17333c2cba7e19226ba3a284.udd" 6172
"C:/Users/kbc12306156/AppData/Local/UnrealEngine/Common/DerivedDataCache/Buckets/LegacyCARD/fa/ba/55ca442ddef3fae95412bca68483481cebc7.udd" 6173
"C:/Users/kbc12306156/AppData/Local/UnrealEngine/Common/DerivedDataCache/Buckets/LegacyNavCollision/16/ee/9743ce1749d17549ca88178626d151263d7d.udd" 6174
"C:/Users/kbc12306156/AppData/Local/UnrealEngine/Common/DerivedDataCache/Buckets/LegacyCARD/d8/bf/2ea99dd7dc439a2a73697aafedec964da7c9.udd" 6175
"C:/Users/kbc12306156/AppData/Local/UnrealEngine/Common/DerivedDataCache/Buckets/StaticMesh/30/d1/e3c5e0772b8979e46be15548d86c6926777a.udd" 6176
"C:/PG/GFFproject/Content/Arena/Meshes/SM_WoodPlank08.uasset" 6177
"C:/Users/kbc12306156/AppData/Local/UnrealEngine/Common/DerivedDataCache/Buckets/LegacyDIST/fa/45/b53c49a04c8a5845f1c4d01c7c01b1335454.udd" 6178
"C:/Users/kbc12306156/AppData/Local/UnrealEngine/Common/DerivedDataCache/Buckets/LegacyChaosGeometryData/32/44/be71b9ad0b8c4b299d651fda83c31ebcff0c.udd" 6179
"C:/Users/kbc12306156/AppData/Local/UnrealEngine/Common/DerivedDataCache/Buckets/LegacyChaosGeometryData/03/fe/96ef57378ab31503a57b01383863b9b91f27.udd" 6180
"C:/Users/kbc12306156/AppData/Local/UnrealEngine/Common/DerivedDataCache/Buckets/LegacyCARD/10/7b/c3172ec36cb88ba2dd2616ff834c493cc820.udd" 6181
"C:/Users/kbc12306156/AppData/Local/UnrealEngine/Common/DerivedDataCache/Buckets/StaticMesh/24/ec/da85936a2c4749e5f54c438f1cef868b4bef.udd" 6182
"C:/PG/GFFproject/Content/Arena/Meshes/SM_WoodPlank09.uasset" 6183
"C:/Users/kbc12306156/AppData/Local/UnrealEngine/Common/DerivedDataCache/Buckets/LegacyNavCollision/6f/e2/730d77347207957a863489f9c9494de5c49a.udd" 6184
"C:/Users/kbc12306156/AppData/Local/UnrealEngine/Common/DerivedDataCache/Buckets/LegacyDIST/ce/7c/2aa0eb199d2ba777be38e4d2d520c56ba091.udd" 6185
"C:/Users/kbc12306156/AppData/Local/UnrealEngine/Common/DerivedDataCache/Buckets/LegacyCARD/52/7f/42e05525f5011828a24d0b10896a39f2b8c2.udd" 6186
"C:/Users/kbc12306156/AppData/Local/UnrealEngine/Common/DerivedDataCache/Buckets/StaticMesh/eb/eb/0a75c160f95e4785b5e052fc89382f48fccc.udd" 6187
"C:/Users/kbc12306156/AppData/Local/UnrealEngine/Common/DerivedDataCache/Buckets/LegacyNavCollision/e3/c2/afd98802881388682a4dc0c8ffc3427a6f2e.udd" 6188
"C:/PG/GFFproject/Content/RadicalMike/Mesh/SM_RadicalBuster.uasset" 6189
"C:/Users/kbc12306156/AppData/Local/UnrealEngine/Common/DerivedDataCache/Buckets/LegacyNavCollision/1f/77/c79de4b222d5b9166a1c6ad5b8b5797a3622.udd" 6190
"C:/Users/kbc12306156/AppData/Local/UnrealEngine/Common/DerivedDataCache/Buckets/LegacyDIST/c3/00/e2d6da9ef77cf8ad1b5ddb861231b5b95bf2.udd" 6191
"C:/Users/kbc12306156/AppData/Local/UnrealEngine/Common/DerivedDataCache/Buckets/LegacyNavCollision/55/e8/df26b0c2f3c918526323d8c53e55b7cf1786.udd" 6192
"C:/Users/kbc12306156/AppData/Local/UnrealEngine/Common/DerivedDataCache/Buckets/StaticMesh/f8/6c/11f5f8b0136294f2e198503051c347cce48d.udd" 6193
"C:/PG/GFFproject/Content/RadicalMike/Mesh/SM_PowerPod.uasset" 6194
"C:/Users/kbc12306156/AppData/Local/UnrealEngine/Common/DerivedDataCache/Buckets/LegacyCARD/4f/14/f166abd2f78f984de6b287f4e3f3c1436026.udd" 6195
"C:/Users/kbc12306156/AppData/Local/UnrealEngine/Common/DerivedDataCache/Buckets/LegacyNavCollision/10/95/7c96cd33c713e9b3c771d883336cec4b7753.udd" 6196
"C:/Users/kbc12306156/AppData/Local/UnrealEngine/Common/DerivedDataCache/Buckets/LegacyDIST/7f/2a/e3705155730cdeaabb0121619decd327af84.udd" 6197
"C:/Users/kbc12306156/AppData/Local/UnrealEngine/Common/DerivedDataCache/Buckets/StaticMesh/dc/86/d067e5a1c8dd2ec09a80acead7b494c64a9e.udd" 6198
"C:/PG/GFFproject/Content/RadicalMike/Mesh/SKM_MegaMikeZ.uasset" 6199
"C:/Users/kbc12306156/AppData/Local/UnrealEngine/Common/DerivedDataCache/Buckets/LegacyCARD/28/13/383033fe86e364a43c0436451bd577456275.udd" 6200
"C:/Users/kbc12306156/AppData/Local/UnrealEngine/Common/DerivedDataCache/Buckets/LegacyChaosGeometryData/ab/c0/391edfab350f2f60f66e1daa571725979d14.udd" 6201
"C:/Users/kbc12306156/AppData/Local/UnrealEngine/Common/DerivedDataCache/Buckets/LegacyDIST/ca/72/f3c0b7d64a003481a03e8cea30773ce70845.udd" 6202
"C:/Users/kbc12306156/AppData/Local/UnrealEngine/Common/DerivedDataCache/Buckets/StaticMesh/db/48/8447751c38221781239ee4082942c8c1032c.udd" 6203
"C:/PG/GFFproject/Content/Realistic_Starter_VFX_Pack_Vol2/DemoRoom/Materials/M_DemoWall_Inst_NamePlate.uasset" 6204
"C:/Users/kbc12306156/AppData/Local/UnrealEngine/Common/DerivedDataCache/Buckets/LegacyCARD/42/ab/e4c727d90a2689f0ffdb5584a926854ad316.udd" 6205
"C:/Users/kbc12306156/AppData/Local/UnrealEngine/Common/DerivedDataCache/Buckets/LegacyDIST/96/e5/7893df72c09188c9cf4e76f4867233aa89cb.udd" 6206
"C:/Users/kbc12306156/AppData/Local/UnrealEngine/Common/DerivedDataCache/Buckets/LegacyNavCollision/01/06/9c25233f7cc990fe5314a6a8ad1f38b85521.udd" 6207
"C:/Users/kbc12306156/AppData/Local/UnrealEngine/Common/DerivedDataCache/Buckets/StaticMesh/8a/95/e7e6c08f5464caf9ca5bfe07e6314e2d8a3a.udd" 6208
"C:/Users/kbc12306156/AppData/Local/UnrealEngine/Common/DerivedDataCache/Buckets/LegacyDIST/3e/7a/12695438cc131c0505244c65a77d0945e8d4.udd" 6209
"C:/Users/kbc12306156/AppData/Local/UnrealEngine/Common/DerivedDataCache/Buckets/LegacyNavCollision/30/68/ed6fc6e01349c4971bef84d1bc49edd0186a.udd" 6210
"C:/Users/kbc12306156/AppData/Local/UnrealEngine/Common/DerivedDataCache/Buckets/LegacyCARD/3c/49/52677049b28ed7f7b52754ed357859fa974c.udd" 6211
"C:/Users/kbc12306156/AppData/Local/UnrealEngine/Common/DerivedDataCache/Buckets/LegacyCARD/f1/1f/4ab7daae6aa58ee0211651781021642771a0.udd" 6212
"C:/Users/kbc12306156/AppData/Local/UnrealEngine/Common/DerivedDataCache/Buckets/LegacyChaosGeometryData/a8/6a/a0e79caf7c780c412acb7e024c51ee45832c.udd" 6213
"C:/Users/kbc12306156/AppData/Local/UnrealEngine/Common/DerivedDataCache/Buckets/StaticMesh/e5/14/61afbd210e9a03c9674b60e5a70505b5352b.udd" 6214
"C:/PG/GFFproject/Content/Arena/Meshes/SM_Wood01.uasset" 6215
"C:/Users/kbc12306156/AppData/Local/UnrealEngine/Common/DerivedDataCache/Content/1d/bc/8aac3b903757b375ef5ed57528c5e0f65e8c.udd" 6216
"C:/Users/kbc12306156/AppData/Local/UnrealEngine/Common/DerivedDataCache/Buckets/LegacyNavCollision/fb/db/5930b77d96614207fd35f3bf2c94c2b82b01.udd" 6217
"C:/Users/kbc12306156/AppData/Local/UnrealEngine/Common/DerivedDataCache/Buckets/StaticMesh/57/32/ed4a569aaac073440c1430f12a808fb8351c.udd" 6218
"C:/PG/GFFproject/Content/Arena/Meshes/SM_WoodPole01.uasset" 6219
"C:/Users/kbc12306156/AppData/Local/UnrealEngine/Common/DerivedDataCache/Buckets/LegacyNavCollision/da/cf/b1c70aad2a4c32db3ebecaea9601c5538d84.udd" 6220
"C:/Users/kbc12306156/AppData/Local/UnrealEngine/Common/DerivedDataCache/Buckets/LegacyDIST/15/37/944f37a418221d08cb8a2a4bc3e669279fd9.udd" 6221
"C:/Users/kbc12306156/AppData/Local/UnrealEngine/Common/DerivedDataCache/Buckets/StaticMesh/e7/1c/928d463f4deb68d11e0ca03155a6c34083c8.udd" 6222
"C:/Users/kbc12306156/AppData/Local/UnrealEngine/Common/DerivedDataCache/Buckets/LegacyCARD/02/1c/500b1c3cf561b7c62143b60be0268c5b5d2f.udd" 6223
"C:/PG/GFFproject/Content/Arena/Meshes/SM_WoodPole03.uasset" 6224
"C:/Users/kbc12306156/AppData/Local/UnrealEngine/Common/DerivedDataCache/Buckets/LegacyDIST/f4/df/1b0e5554a0455754df8c4ec25319b9cec49c.udd" 6225
"C:/Users/kbc12306156/AppData/Local/UnrealEngine/Common/DerivedDataCache/Buckets/LegacyNavCollision/32/76/a64321f526ed30147f8b2c9e51e779fcca17.udd" 6226
"C:/Users/kbc12306156/AppData/Local/UnrealEngine/Common/DerivedDataCache/Buckets/StaticMesh/52/9e/30b2ca480ce20626e3fce838de40e1ebf9b9.udd" 6227
"C:/PG/GFFproject/Content/Arena/Meshes/SM_WoodPole04.uasset" 6228
"C:/Users/kbc12306156/AppData/Local/UnrealEngine/Common/DerivedDataCache/Buckets/LegacyCARD/d1/62/711fe81e0efa6d8461dd059711380f3f37b1.udd" 6229
"C:/Users/kbc12306156/AppData/Local/UnrealEngine/Common/DerivedDataCache/Buckets/LegacyDIST/92/bd/99bcfb80d3004db83caaca466eb7c188ebb1.udd" 6230
"C:/Users/kbc12306156/AppData/Local/UnrealEngine/Common/DerivedDataCache/Buckets/LegacyChaosGeometryData/8c/99/8744a0120121e5fdc9cd42232a9d8177ef76.udd" 6231
"C:/Users/kbc12306156/AppData/Local/UnrealEngine/Common/DerivedDataCache/Buckets/LegacyCARD/7f/f9/dc6b4079b8bea38d22f80c170a7b8f66634e.udd" 6232
"C:/Users/kbc12306156/AppData/Local/UnrealEngine/Common/DerivedDataCache/Buckets/LegacyDIST/4c/bc/21ff8f45ff4eb38548926bc9103f77068e9f.udd" 6233
"C:/Users/kbc12306156/AppData/Local/UnrealEngine/Common/DerivedDataCache/Buckets/LegacyCARD/35/a1/0c93d77cff9c891687738427c8c3ce2d810d.udd" 6234
"C:/Users/kbc12306156/AppData/Local/UnrealEngine/Common/DerivedDataCache/Buckets/StaticMesh/aa/8b/9469380818084dd717e451629c4031c96f40.udd" 6235
"C:/Users/kbc12306156/AppData/Local/UnrealEngine/Common/DerivedDataCache/Buckets/LegacyChaosGeometryData/f7/8d/6495924f2061c1f04d5e136f06681de10826.udd" 6236
"../../../../../../PG/GFFproject/Content/Arena/Meshes/SM_Wall06.uasset" 6237
"../../../../../../PG/GFFproject/Content/Arena/Meshes/SM_MainBuilding01.uasset" 6238
"../../../../../../PG/GFFproject/Content/Arena/Meshes/SM_Roof01.uasset" 6239
"C:/Users/kbc12306156/AppData/Local/UnrealEngine/Common/DerivedDataCache/Buckets/LegacyDIST/ad/e5/5e136a9fe728b793bff1e6d7e05a71c3f8c9.udd" 6240
"../../../../../../PG/GFFproject/Content/Arena/Meshes/SM_Wall02.uasset" 6241
"C:/Users/kbc12306156/AppData/Local/UnrealEngine/Common/DerivedDataCache/Buckets/LegacyNavCollision/cc/1e/899ea953c6b9b6d3e50ac7ca31e4e1a267fc.udd" 6242
"../../../../../../PG/GFFproject/Content/Arena/Meshes/SM_Wall04.uasset" 6243
"C:/Users/kbc12306156/AppData/Local/UnrealEngine/Common/DerivedDataCache/Buckets/LegacyCARD/b3/16/58e825f5ae0fb209502bb2d3f347e706022a.udd" 6244
"../../../../../../PG/GFFproject/Content/Arena/Meshes/SM_Door01.uasset" 6245
"../../../../../../PG/GFFproject/Content/Arena/Meshes/SM_Door01Part03.uasset" 6246
"../../../../../../PG/GFFproject/Content/Arena/Meshes/SM_Door01Part04.uasset" 6247
"../../../../../../PG/GFFproject/Content/Arena/Meshes/SM_Door01Frame01.uasset" 6248
"../../../../../../PG/GFFproject/Content/Arena/Meshes/SM_FabricCover01.uasset" 6249
"../../../../../../PG/GFFproject/Content/Arena/Meshes/SM_FabricCover02.uasset" 6250
"../../../../../../PG/GFFproject/Content/Arena/Meshes/SM_FabricCover03.uasset" 6251
"C:/Users/kbc12306156/AppData/Local/UnrealEngine/Common/DerivedDataCache/Buckets/LegacyNavCollision/c7/79/4b1ea9ed3226edf54dafd2cdef99d285c7e2.udd" 6252
"C:/Users/kbc12306156/AppData/Local/UnrealEngine/Common/DerivedDataCache/Buckets/LegacyNavCollision/6e/1c/e31d4cc17dd1d6c98ebb2f208256a0c59111.udd" 6253
"../../../../../../PG/GFFproject/Content/Arena/Meshes/SM_FabricCover04.uasset" 6254
"../../../../../../PG/GFFproject/Content/Arena/Meshes/SM_LargeBlock04.uasset" 6255
"../../../../../../PG/GFFproject/Content/Arena/Meshes/SM_Skeleton04.uasset" 6256
"../../../../../../PG/GFFproject/Content/Arena/Meshes/SM_Skeleton05.uasset" 6257
"C:/Users/kbc12306156/AppData/Local/UnrealEngine/Common/DerivedDataCache/Buckets/LegacyNavCollision/ea/71/721b30185fe5c441af97bd6b0f40c1dc147a.udd" 6258
"../../../../../../PG/GFFproject/Content/Arena/Meshes/SM_Skull02.uasset" 6259
"C:/Users/kbc12306156/AppData/Local/UnrealEngine/Common/DerivedDataCache/Buckets/LegacyNavCollision/af/a8/097463d1c28e42d55127c0cb20b562760551.udd" 6260
"../../../../../../PG/GFFproject/Content/Arena/Meshes/SM_Skeleton01.uasset" 6261
"../../../../../../PG/GFFproject/Content/Arena/Meshes/SM_Wall05.uasset" 6262
"C:/PG/GFFproject/Content/Arena/Meshes/SM_Rope02.uasset" 6263
"C:/Users/kbc12306156/AppData/Local/UnrealEngine/Common/DerivedDataCache/Buckets/StaticMesh/aa/0b/d63c543d4628cade27412fcf9f76d6f5ad92.udd" 6264
"C:/PG/GFFproject/Content/Arena/Meshes/SM_Wood05.uasset" 6265
"C:/Users/kbc12306156/AppData/Local/UnrealEngine/Common/DerivedDataCache/Buckets/LegacyDIST/16/cb/23d287079b4fd0355b337651b68923f91f0f.udd" 6266
"C:/Users/kbc12306156/AppData/Local/UnrealEngine/Common/DerivedDataCache/Buckets/LegacyCARD/10/6f/203bb7ed7cf35c85a2ebd8b7e07328c292dd.udd" 6267
"C:/Users/kbc12306156/AppData/Local/UnrealEngine/Common/DerivedDataCache/Buckets/LegacyNavCollision/67/69/5a591dd3e6bdfd7b3d8efae1471f0ec4c559.udd" 6268
"C:/Users/kbc12306156/AppData/Local/UnrealEngine/Common/DerivedDataCache/Buckets/StaticMesh/2f/e3/c2536dff679d8f0d825fdca9b1878e7f831c.udd" 6269
"C:/PG/GFFproject/Content/Arena/Meshes/SM_WoodPole02.uasset" 6270
"C:/Users/kbc12306156/AppData/Local/UnrealEngine/Common/DerivedDataCache/Buckets/LegacyDIST/95/96/bc182349a61ce1eda82cbf5b028544e799e1.udd" 6271
"C:/Users/kbc12306156/AppData/Local/UnrealEngine/Common/DerivedDataCache/Buckets/LegacyCARD/44/8a/730fee9cdf784632559f3e8e5921f50b4bf2.udd" 6272
"C:/Users/kbc12306156/AppData/Local/UnrealEngine/Common/DerivedDataCache/Buckets/LegacyNavCollision/24/ba/e0889f9e8e2ebe5d103770a7943a9f169b31.udd" 6273
"C:/Users/kbc12306156/AppData/Local/UnrealEngine/Common/DerivedDataCache/Buckets/StaticMesh/0b/4e/84ca9184efaec33fe2eca775b3804a124ff0.udd" 6274
"C:/PG/GFFproject/Content/Arena/Meshes/SM_Wood03.uasset" 6275
"C:/Users/kbc12306156/AppData/Local/UnrealEngine/Common/DerivedDataCache/Buckets/LegacyDIST/b1/d5/1c295585deffe8481a9351fcf85b7198c50f.udd" 6276
"C:/Users/kbc12306156/AppData/Local/UnrealEngine/Common/DerivedDataCache/Buckets/LegacyCARD/f6/ea/c635e535be60e003c32bfc284d6296b68a9b.udd" 6277
"C:/Users/kbc12306156/AppData/Local/UnrealEngine/Common/DerivedDataCache/Buckets/LegacyNavCollision/5f/e2/a1cdb67dc8750e100055389f5daa7808a234.udd" 6278
"C:/Users/kbc12306156/AppData/Local/UnrealEngine/Common/DerivedDataCache/Buckets/StaticMesh/f9/79/933c77ee6153ca4349bc9a1bc29568af9d97.udd" 6279
"C:/PG/GFFproject/Content/Arena/Meshes/SM_Rope03.uasset" 6280
"C:/Users/kbc12306156/AppData/Local/UnrealEngine/Common/DerivedDataCache/Buckets/LegacyDIST/1c/62/f1c08ba588b31c40fdedfd582b9b5d2d5dc2.udd" 6281
"C:/Users/kbc12306156/AppData/Local/UnrealEngine/Common/DerivedDataCache/Buckets/LegacyCARD/a6/91/eb850979ab637ae750c7ddf8fdd5e5ee4fe1.udd" 6282
"C:/Users/kbc12306156/AppData/Local/UnrealEngine/Common/DerivedDataCache/Buckets/StaticMesh/a4/4e/db6a925199f633cc9b60f52b50403f48dfb3.udd" 6283
"C:/PG/GFFproject/Content/Arena/Meshes/SM_FlagPole01.uasset" 6284
"C:/Users/kbc12306156/AppData/Local/UnrealEngine/Common/DerivedDataCache/Buckets/LegacyNavCollision/1a/78/ea7df863331a82ea5ef95b2067e70a966071.udd" 6285
"C:/Users/kbc12306156/AppData/Local/UnrealEngine/Common/DerivedDataCache/Buckets/LegacyDIST/24/f3/04354255ec775dc4a81938780c5f76dbf4e3.udd" 6286
"C:/Users/kbc12306156/AppData/Local/UnrealEngine/Common/DerivedDataCache/Buckets/LegacyCARD/bb/b7/be99cd1aa639acf1d03c8f6ab700274463df.udd" 6287
"C:/Users/kbc12306156/AppData/Local/UnrealEngine/Common/DerivedDataCache/Buckets/StaticMesh/32/32/43b9e216a1e6b0b3f3ad9a0743e3c1a8dc25.udd" 6288
"C:/PG/GFFproject/Content/Arena/Meshes/SM_Rope01.uasset" 6289
"C:/Users/kbc12306156/AppData/Local/UnrealEngine/Common/DerivedDataCache/Buckets/LegacyNavCollision/d0/3e/91cd60adab557267ce67e253ba5a5caaf854.udd" 6290
"C:/Users/kbc12306156/AppData/Local/UnrealEngine/Common/DerivedDataCache/Buckets/LegacyDIST/70/ef/3d0b5009d4c03d329b6507ac56f44eff01d7.udd" 6291
"C:/Users/kbc12306156/AppData/Local/UnrealEngine/Common/DerivedDataCache/Buckets/LegacyCARD/7c/62/bfc2f6be88da32ac1d740d7d8a8c9e31b50a.udd" 6292
"C:/Users/kbc12306156/AppData/Local/UnrealEngine/Common/DerivedDataCache/Buckets/StaticMesh/7e/8a/1d41128577aa15f4068896694483c5724135.udd" 6293
"C:/Users/kbc12306156/AppData/Local/UnrealEngine/Common/DerivedDataCache/Buckets/LegacyNavCollision/b9/f5/2ce909b9e95e0a8f9e25a557346faf807646.udd" 6294
"C:/PG/GFFproject/Content/Realistic_Starter_VFX_Pack_Vol2/Particles/Hit/P_Concrete.uasset" 6295
"C:/Users/kbc12306156/AppData/Local/UnrealEngine/Common/DerivedDataCache/Buckets/LegacyDIST/ec/5f/ee3e1b4a48a11df1f2d78157c2bbad75f80c.udd" 6296
"C:/Users/kbc12306156/AppData/Local/UnrealEngine/Common/DerivedDataCache/Buckets/LegacyCARD/7d/4f/b915da0c98dec3a27b12a414e4a5ecd68cb7.udd" 6297
"C:/PG/GFFproject/Content/Realistic_Starter_VFX_Pack_Vol2/Particles/Explosion/P_Explosion_Big_A.uasset" 6298
"C:/Users/kbc12306156/AppData/Local/UnrealEngine/Common/DerivedDataCache/Buckets/StaticMesh/f4/a7/e11dab3c46b801ddf2499ef806e6f9996c3e.udd" 6299
"C:/Users/kbc12306156/AppData/Local/UnrealEngine/Common/DerivedDataCache/Buckets/LegacyDIST/4d/07/180a1c5eebff3961281a345885f0f9abb493.udd" 6300
"C:/Users/kbc12306156/AppData/Local/UnrealEngine/Common/DerivedDataCache/Buckets/LegacyCARD/b9/21/52d9ba794a5bc16bf45c601ec3a32c953fdd.udd" 6301
"C:/Users/kbc12306156/AppData/Local/UnrealEngine/Common/DerivedDataCache/Buckets/LegacyNavCollision/eb/54/57e0dfda2eb66c0830e05482a87de25c54d7.udd" 6302
"C:/Users/kbc12306156/AppData/Local/UnrealEngine/Common/DerivedDataCache/Buckets/LegacyNavCollision/2c/43/a89db6150fde60f5238e0b2268cb9435d536.udd" 6303
"C:/Users/kbc12306156/AppData/Local/UnrealEngine/Common/DerivedDataCache/Buckets/LegacySKELETALMESH/5e/01/413f1e1917bc321cc307560c00dcee3906b5.udd" 6304
"C:/PG/GFFproject/Content/EnemyBos/Enemy_Attack/BP_BomEfect.uasset" 6305
"C:/Users/kbc12306156/AppData/Local/UnrealEngine/Common/DerivedDataCache/Content/ad/7b/3c9741780a0a1bd5b03493fcb346b39bd5d5.udd" 6306
"C:/PG/GFFproject/Content/Vefects/Free_Fire/Shared/Particles/NS_Fire_Small_Smoke.uasset" 6307
"C:/Users/kbc12306156/AppData/Local/UnrealEngine/Common/DerivedDataCache/Buckets/LegacySKELETALMESH/cf/87/03e399efeb097ede1271ba88a236b5a791e8.udd" 6308
"../../../../../../PG/GFFproject/Content/Arena/Meshes/SkeletalMeshes/SK_FabricFlag01.uasset" 6309
"C:/PG/GFFproject/Content/Vefects/Free_Fire/Shared/Particles/NS_Fire_Big_Smoke.uasset" 6310
"C:/Users/kbc12306156/AppData/Local/UnrealEngine/Common/DerivedDataCache/Buckets/StaticMesh/79/73/5f890e3e28fc02e677a02ddc19f9124f430d.udd" 6311
"../../../Engine/Content/OpenWorldTemplate/LandscapeMaterial/M_ProcGrid.uasset" 6312
"C:/Users/kbc12306156/AppData/Local/UnrealEngine/Common/DerivedDataCache/Buckets/LegacyDIST/f6/ba/518f59ad7be9d54ed54f0582fde5d9be8329.udd" 6313
"C:/Users/kbc12306156/AppData/Local/UnrealEngine/Common/DerivedDataCache/Buckets/LegacyCARD/df/d1/a53b5d00a0ae7fb53dc49c635b25ffe831e6.udd" 6314
"C:/Users/kbc12306156/AppData/Local/UnrealEngine/Common/DerivedDataCache/Buckets/LegacyNavCollision/a9/8c/39e73a65a74a31dce234858aa7e636d5c6b9.udd" 6315
"C:/PG/GFFproject/Content/Arena/Materials/M_GroundMasterBlend.uasset" 6316
"C:/Users/kbc12306156/AppData/Local/UnrealEngine/Common/DerivedDataCache/Buckets/StaticMesh/7a/fd/4c6d1306fa7aec7f674749aff65180db1165.udd" 6317
"C:/Users/kbc12306156/AppData/Local/UnrealEngine/Common/DerivedDataCache/Buckets/LegacyDIST/c4/16/9882d69ce6bf34e7adf21e3a5f23ef67b081.udd" 6318
"C:/Users/kbc12306156/AppData/Local/UnrealEngine/Common/DerivedDataCache/Buckets/LegacyCARD/6b/04/8ddbccf2803c41c394740d4b577a0b164b12.udd" 6319
"C:/Users/kbc12306156/AppData/Local/UnrealEngine/Common/DerivedDataCache/Buckets/StaticMesh/27/40/cc6c0f3b1dca804288054f3117b75bb5ff56.udd" 6320
"C:/PG/GFFproject/Content/ThirdPerson/Blueprints/BP_charging_NS.uasset" 6321
"C:/Users/kbc12306156/AppData/Local/UnrealEngine/Common/DerivedDataCache/Buckets/LegacyDIST/af/cb/36542f0e73161dc9c4885c60729353ef46be.udd" 6322
"C:/Users/kbc12306156/AppData/Local/UnrealEngine/Common/DerivedDataCache/Buckets/LegacyCARD/49/14/1469a913a6a0e47faa704175c11986013ab2.udd" 6323
"C:/Users/kbc12306156/AppData/Local/UnrealEngine/Common/DerivedDataCache/Buckets/LegacyNavCollision/24/51/7adbc54832ff00877abd02be6c9dc7486186.udd" 6324
"C:/Users/kbc12306156/AppData/Local/UnrealEngine/Common/DerivedDataCache/Buckets/StaticMesh/04/ac/a3e7dcd262f1d401cd81f3e532b7d4aafe1d.udd" 6325
"../../../Engine/Plugins/Interchange/Runtime/Content/gltf/M_Transmission.uasset" 6326
"C:/Users/kbc12306156/AppData/Local/UnrealEngine/Common/DerivedDataCache/Buckets/LegacyDIST/f1/84/f014ce367c6badbd9d94e97e4e51da8a57d4.udd" 6327
"C:/Users/kbc12306156/AppData/Local/UnrealEngine/Common/DerivedDataCache/Buckets/LegacyCARD/c3/3b/fd7ecd061ec0245735d96d86b30a5c6ca2b4.udd" 6328
"C:/Users/kbc12306156/AppData/Local/UnrealEngine/Common/DerivedDataCache/Buckets/StaticMesh/ef/d9/827ffe8e04e4c9600850b5b656d5f162f7d0.udd" 6329
"../../../../../../PG/GFFproject/Content/Arena/Meshes/SM_WoodPlank01.uasset" 6330
"../../../../../../PG/GFFproject/Content/Arena/Meshes/SM_WoodPlank02.uasset" 6331
"../../../../../../PG/GFFproject/Content/Arena/Meshes/SM_WoodPlank05.uasset" 6332
"C:/Users/kbc12306156/AppData/Local/UnrealEngine/Common/DerivedDataCache/Buckets/LegacyDIST/c2/1a/9ed6d9d291ff74f0c6b1aa9e50547e6dfdc5.udd" 6333
"../../../../../../PG/GFFproject/Content/Arena/Meshes/SM_WoodPlank07.uasset" 6334
"C:/Users/kbc12306156/AppData/Local/UnrealEngine/Common/DerivedDataCache/Buckets/LegacyNavCollision/33/40/5620ce181f5f4a66879eef682cd9079d6681.udd" 6335
"../../../../../../PG/GFFproject/Content/Arena/Meshes/SM_WoodPlank08.uasset" 6336
"C:/Users/kbc12306156/AppData/Local/UnrealEngine/Common/DerivedDataCache/Buckets/LegacyCARD/4e/42/c0eaf322330a19a550a71c6cfafaea0ec673.udd" 6337
"../../../../../../PG/GFFproject/Content/Arena/Meshes/SM_WoodPlank09.uasset" 6338
"../../../../../../PG/GFFproject/Content/RadicalMike/Mesh/SM_RadicalBuster.uasset" 6339
"C:/Users/kbc12306156/AppData/Local/UnrealEngine/Common/DerivedDataCache/Buckets/LegacyNavCollision/ed/ba/b96d65855c4ac8be095408bf5a152c5b7a1a.udd" 6340
"../../../../../../PG/GFFproject/Content/RadicalMike/Mesh/SM_PowerPod.uasset" 6341
"../../../../../../PG/GFFproject/Content/Arena/Meshes/SM_Wood01.uasset" 6342
"../../../../../../PG/GFFproject/Content/Arena/Meshes/SM_WoodPole01.uasset" 6343
"../../../../../../PG/GFFproject/Content/Arena/Meshes/SM_WoodPole03.uasset" 6344
"../../../../../../PG/GFFproject/Content/Arena/Meshes/SM_WoodPole04.uasset" 6345
"../../../../../../PG/GFFproject/Content/RadicalMike/Mesh/SKM_MegaMikeZ.uasset" 6346
"C:/Users/kbc12306156/AppData/Local/UnrealEngine/Common/DerivedDataCache/Buckets/LegacyNavCollision/a3/fa/90a38cf22476d66acac8b3812d61aa427d3a.udd" 6347
"../../../../../../PG/GFFproject/Content/Arena/Meshes/SM_Rope02.uasset" 6348
"../../../Engine/Plugins/Interchange/Runtime/Content/gltf/M_Sheen.uasset" 6349
"C:/Users/kbc12306156/AppData/Local/UnrealEngine/Common/DerivedDataCache/Buckets/StaticMesh/a5/7f/e997ce8ee26ebc2480c5345917edfcef4e49.udd" 6350
"../../../Engine/Plugins/Interchange/Runtime/Content/gltf/M_Translucent.uasset" 6351
"C:/Users/kbc12306156/AppData/Local/UnrealEngine/Common/DerivedDataCache/Buckets/LegacyDIST/e2/e8/33d96e1394d872f4b1d656088f538cb5c134.udd" 6352
"C:/Users/kbc12306156/AppData/Local/UnrealEngine/Common/DerivedDataCache/Buckets/LegacyCARD/85/a4/f1e0db76844f3194f67b3a9f687fc3deeff6.udd" 6353
"C:/Users/kbc12306156/AppData/Local/UnrealEngine/Common/DerivedDataCache/Buckets/LegacyNavCollision/57/70/1ff1c486d3b0661fc8e67dcf5d9d904742ab.udd" 6354
"C:/Users/kbc12306156/AppData/Local/UnrealEngine/Common/DerivedDataCache/Buckets/StaticMesh/8c/c2/61cbaa0132e789ac3574cc43210a0521e162.udd" 6355
"../../../Engine/Plugins/Interchange/Runtime/Content/gltf/M_Opaque.uasset" 6356
"C:/Users/kbc12306156/AppData/Local/UnrealEngine/Common/DerivedDataCache/Buckets/LegacyDIST/06/56/d1c7326092c469faa82751a5a5e68dbdbf06.udd" 6357
"C:/Users/kbc12306156/AppData/Local/UnrealEngine/Common/DerivedDataCache/Buckets/LegacyCARD/f5/ce/d92123723fe0f3ebbde44980b73b4ac9abdf.udd" 6358
"C:/Users/kbc12306156/AppData/Local/UnrealEngine/Common/DerivedDataCache/Buckets/StaticMesh/0e/a4/62105db1faa884c2d07c940a05790e57a04b.udd" 6359
"C:/Users/kbc12306156/AppData/Local/UnrealEngine/Common/DerivedDataCache/Buckets/LegacyDIST/65/bf/3b087843fff0d04637f183b9aae542f2e4f5.udd" 6360
"../../../Engine/Plugins/Interchange/Runtime/Content/gltf/MaterialInstances_MR/MI_Opaque_Unlit_TS.uasset" 6361
"C:/Users/kbc12306156/AppData/Local/UnrealEngine/Common/DerivedDataCache/Buckets/LegacyCARD/5a/d8/8461f8405ef2ce52354c2b77160cc433c2d1.udd" 6362
"C:/Users/kbc12306156/AppData/Local/UnrealEngine/Common/DerivedDataCache/Buckets/LegacyNavCollision/c6/34/a782bc53bb93212a48ede4c5d793e3cebf9a.udd" 6363
"C:/Users/kbc12306156/AppData/Local/UnrealEngine/Common/DerivedDataCache/Buckets/LegacyNavCollision/bf/c1/6a89ad8f445d5c0e60f7561f9e330162c075.udd" 6364
"C:/Users/kbc12306156/AppData/Local/UnrealEngine/Common/DerivedDataCache/Buckets/StaticMesh/ad/8d/15a6bffad07e8b443dd49b615c26c7b777d0.udd" 6365
"../../../Engine/Plugins/Interchange/Runtime/Content/gltf/MaterialInstances_MR/MI_Opaque_Unlit.uasset" 6366
"C:/Users/kbc12306156/AppData/Local/UnrealEngine/Common/DerivedDataCache/Buckets/LegacyDIST/73/26/b2365a114b16fe2ef680752054cd0a630a1e.udd" 6367
"C:/Users/kbc12306156/AppData/Local/UnrealEngine/Common/DerivedDataCache/Buckets/LegacyCARD/9e/ab/2c39b31011d349b007678638ed2e877074e1.udd" 6368
"C:/Users/kbc12306156/AppData/Local/UnrealEngine/Common/DerivedDataCache/Buckets/StaticMesh/22/3a/29264cb6588b8f01b564d6ec1bbb1078d354.udd" 6369
"C:/Users/kbc12306156/AppData/Local/UnrealEngine/Common/DerivedDataCache/Buckets/LegacyNavCollision/55/7a/8e9f07020913eea248b9fe8a897197a0bab3.udd" 6370
"C:/PG/GFFproject/Content/MegaMagicVFXBundle/VFX/MagicAuraVFX/VFX/MagicalBarrier/Systems/N_MagicalBarrier.uasset" 6371
"C:/Users/kbc12306156/AppData/Local/UnrealEngine/Common/DerivedDataCache/Buckets/StaticMesh/8c/d0/85a5b760453f26df217ffc9f52aa37379897.udd" 6372
"C:/PG/GFFproject/Content/MegaMagicVFXBundle/VFX/MagicAuraVFX/VFX/LightningField/Systems/N_LightningField.uasset" 6373
"C:/Users/kbc12306156/AppData/Local/UnrealEngine/Common/DerivedDataCache/Buckets/LegacyDIST/a9/2a/2de48d7db4a8f1b56cfe27afb103bb6f7448.udd" 6374
"C:/Users/kbc12306156/AppData/Local/UnrealEngine/Common/DerivedDataCache/Buckets/LegacyDIST/e6/e9/b143a7af56627e89ab831cb3f24eb51f0549.udd" 6375
"C:/Users/kbc12306156/AppData/Local/UnrealEngine/Common/DerivedDataCache/Buckets/LegacyCARD/ee/48/2f0ffbe23f9cc9346c45c7e61f678a081f22.udd" 6376
"C:/Users/kbc12306156/AppData/Local/UnrealEngine/Common/DerivedDataCache/Buckets/LegacyCARD/c3/3d/46549c9c81b2a0397e3b99d30e90b9b2b905.udd" 6377
"C:/Users/kbc12306156/AppData/Local/UnrealEngine/Common/DerivedDataCache/Buckets/LegacyChaosGeometryData/51/d8/e80144c4eafb07ac34ae29fa8b0533ed94c1.udd" 6378
"C:/Users/kbc12306156/AppData/Local/UnrealEngine/Common/DerivedDataCache/Buckets/LegacyNavCollision/1d/2a/d16114a321c106852403922b2f6ab3151253.udd" 6379
"C:/Users/kbc12306156/AppData/Local/UnrealEngine/Common/DerivedDataCache/Buckets/LegacyNavCollision/61/87/4708bae5a2222daba31e2d69f51f93b5181a.udd" 6380
"C:/PG/GFFproject/Content/Arena/Meshes/SM_WallFabric01.uasset" 6381
"C:/PG/GFFproject/Content/Arena/Meshes/SM_WallFabric02.uasset" 6382
"C:/PG/GFFproject/Content/ThirdPerson/Blueprints/BP_Tutorial_action.uasset" 6383
"../../../../../../PG/GFFproject/Content/Vefects/Free_Fire/Shared/Particles/NE_FireFlame.uasset" 6384
"../../Plugins/FX/Niagara/Content/DynamicInputs/UniformRange/V2/RandomRangeVector.uasset" 6385
"../../Plugins/FX/Niagara/Content/DynamicInputs/ValueFromCurve/ColorFromCurve.uasset" 6386
"../../Plugins/FX/Niagara/Content/Modules/Spawn/Location/V2/SphereLocation.uasset" 6387
"../../Plugins/FX/Niagara/Content/Functions/Localspace/PositionToVector.uasset" 6388
"../../Plugins/FX/Niagara/Content/Functions/ChannelMasks/SelectV4Channel.uasset" 6389
"../../Plugins/FX/Niagara/Content/Enums/ENiagaraVector4_Channels.uasset" 6390
"../../Plugins/FX/Niagara/Content/Functions/V2/CalculateRandomPointInSphere.uasset" 6391
"../../Plugins/FX/Niagara/Content/Modules/Spawn/Velocity/AddVelocity.uasset" 6392
"../../Plugins/FX/Niagara/Content/Functions/V2/CalculateRandomUnitVector.uasset" 6393
"../../Plugins/FX/Niagara/Content/Functions/V2/DistanceBasedFalloff.uasset" 6394
"../../Plugins/FX/Niagara/Content/Functions/NormalizeDistanceRange.uasset" 6395
"../../Plugins/FX/Niagara/Content/Enums/Utility/ENiagara_VelocityMode.uasset" 6396
"../../Plugins/FX/Niagara/Content/Modules/Update/Color/Color.uasset" 6397
"../../Plugins/FX/Niagara/Content/Modules/Update/Material/DynamicMaterialParameters.uasset" 6398
"../../../../../../PG/GFFproject/Content/Vefects/Free_Fire/Shared/Particles/NE_Heat.uasset" 6399
"../../Plugins/FX/Niagara/Content/DynamicInputs/UniformRange/V2/RandomRangeFloat.uasset" 6400
"../../Plugins/FX/Niagara/Content/Modules/Spawn/Velocity/AddVelocityFromPoint.uasset" 6401
"../../Plugins/FX/Niagara/Content/Functions/DistanceBasedFalloff.uasset" 6402
"../../Plugins/FX/Niagara/Content/Functions/RandomVector.uasset" 6403
"../../Plugins/FX/Niagara/Content/Functions/RandomUnitVector.uasset" 6404
"../../../../../../PG/GFFproject/Content/Vefects/Free_Fire/Shared/Particles/NE_Lights.uasset" 6405
"../../../../../../PG/GFFproject/Content/Vefects/Free_Fire/Shared/Particles/NE_Smokes.uasset" 6406
"../../Plugins/FX/Niagara/Content/DynamicInputs/ValueFromCurve/VectorFromCurve.uasset" 6407
"../../Plugins/FX/Niagara/Content/Modules/Update/Velocity/ScaleVelocity.uasset" 6408
"../../Plugins/FX/Niagara/Content/Functions/Localspace/TransformOffset.uasset" 6409
"../../../../../../PG/GFFproject/Content/Vefects/Free_Fire/Shared/Particles/NE_Sparkles.uasset" 6410
"../../Plugins/FX/Niagara/Content/DynamicInputs/UniformRange/V2/RandomRangeInt.uasset" 6411
"../../Plugins/FX/Niagara/Content/Modules/Update/Forces/GravityForce.uasset" 6412
"C:/Users/kbc12306156/AppData/Local/UnrealEngine/Common/DerivedDataCache/Buckets/BulkDataList/c3/94/633bc03818ab5e08fbb7e16374389021cfaf.udd" 6413
"C:/Users/kbc12306156/AppData/Local/UnrealEngine/Common/DerivedDataCache/Buckets/BulkDataList/43/64/38a639a5f4f8da2da3ca7b2ed62e897cce37.udd" 6414
"C:/Users/kbc12306156/AppData/Local/UnrealEngine/Common/DerivedDataCache/Buckets/BulkDataList/05/04/dcb0314ef221d3d7bb109b8396169d4dfb3b.udd" 6415
"C:/Users/kbc12306156/AppData/Local/UnrealEngine/Common/DerivedDataCache/Buckets/BulkDataList/c5/80/625e2cc707a6d42a7331f946791481bdf193.udd" 6416
"C:/Users/kbc12306156/AppData/Local/UnrealEngine/Common/DerivedDataCache/Buckets/BulkDataList/95/30/d30f537363b95568488f01f9358ac188fd20.udd" 6417
"C:/Users/kbc12306156/AppData/Local/UnrealEngine/Common/DerivedDataCache/Buckets/BulkDataList/dc/cd/71c0ffb84b7e8474d81e17b1a0cbcf50d249.udd" 6418
"../../../Engine/Plugins/FX/Niagara/Shaders/Private/NiagaraDataInterfaceCurveTemplate.ush" 6419
"C:/Users/kbc12306156/AppData/Local/UnrealEngine/Common/DerivedDataCache/Buckets/LegacyNiagaraScriptDerivedData/dc/4a/d893b09487abddc4b3ce0ce9d40f596a528b.udd" 6420
"C:/Users/kbc12306156/AppData/Local/UnrealEngine/Common/DerivedDataCache/Buckets/LegacyNiagaraScriptDerivedData/02/50/a05bdbbc5e7196b0c313423fda62ffbff899.udd" 6421
"C:/Users/kbc12306156/AppData/Local/UnrealEngine/Common/DerivedDataCache/Buckets/LegacyNiagaraScriptDerivedData/1a/f4/b820431b51fcba8aab26ed8531bba07a5bc4.udd" 6422
"C:/Users/kbc12306156/AppData/Local/UnrealEngine/Common/DerivedDataCache/Buckets/LegacyNiagaraScriptDerivedData/57/1b/574a32753ad01fde88d78a77c5c8a899047d.udd" 6423
"C:/Users/kbc12306156/AppData/Local/UnrealEngine/Common/DerivedDataCache/Buckets/LegacyNiagaraScriptDerivedData/e9/bd/d7a80105cf12966f563347fe6e0cbf2d9d8f.udd" 6424
"C:/Users/kbc12306156/AppData/Local/UnrealEngine/Common/DerivedDataCache/Buckets/LegacyNiagaraScriptDerivedData/16/0b/8bafa9d9119eadde89631269e3dd20e6617d.udd" 6425
"C:/Users/kbc12306156/AppData/Local/UnrealEngine/Common/DerivedDataCache/Buckets/LegacyNiagaraScriptDerivedData/ef/bb/c3a7f0de125262c07759f136d8c567a3fb17.udd" 6426
"C:/Users/kbc12306156/AppData/Local/UnrealEngine/Common/DerivedDataCache/Buckets/LegacyNiagaraScriptDerivedData/d3/a4/bd3020c6e225de2997e8bf130571ab326504.udd" 6427
"C:/Users/kbc12306156/AppData/Local/UnrealEngine/Common/DerivedDataCache/Buckets/LegacyNiagaraScriptDerivedData/cc/61/1647b639dac309963e946bf7ce6b2efcb462.udd" 6428
"C:/Users/kbc12306156/AppData/Local/UnrealEngine/Common/DerivedDataCache/Buckets/LegacyNiagaraScriptDerivedData/f9/f1/39d6e64c1dc1656a2dea2eb2489e4feb4c63.udd" 6429
"C:/PG/GFFproject/Content/Map/gameover.umap" 6430
"C:/Users/kbc12306156/AppData/Local/UnrealEngine/Common/DerivedDataCache/Buckets/LegacyNiagaraScriptDerivedData/42/35/f523266605c3057cab99e35fef4035476276.udd" 6431
"C:/Users/kbc12306156/AppData/Local/UnrealEngine/Common/DerivedDataCache/Buckets/LegacyNiagaraScriptDerivedData/b4/f1/c23e1250fd017442154ced49c1f80093f7d9.udd" 6432
"C:/Users/kbc12306156/AppData/Local/UnrealEngine/Common/DerivedDataCache/Buckets/LegacyNiagaraScriptDerivedData/81/55/e4df3ada82c7a72e6a611385a4f6b32413b5.udd" 6433
"C:/Users/kbc12306156/AppData/Local/UnrealEngine/Common/DerivedDataCache/Buckets/LegacyNiagaraScriptDerivedData/90/64/604e2af5e97377f52dd0475856264f184657.udd" 6434
"C:/Users/kbc12306156/AppData/Local/UnrealEngine/Common/DerivedDataCache/Buckets/LegacyNiagaraScriptDerivedData/df/1e/15319e81ab23386a4273e74d17d1d6f64905.udd" 6435
"C:/Users/kbc12306156/AppData/Local/UnrealEngine/Common/DerivedDataCache/Buckets/LegacyNiagaraScriptDerivedData/67/5f/4cccfecd4ecbda27e5d13e2caf4c0f2af2ba.udd" 6436
"../../Plugins/FX/Niagara/Content/Modules/Update/Lifetime/KillParticles.uasset" 6437
"../../Plugins/FX/Niagara/Content/Modules/Update/Utility/Timeline.uasset" 6438
"../../Plugins/FX/Niagara/Content/Enums/Utility/ENiagara_TimelineAuthority.uasset" 6439
"../../Plugins/FX/Niagara/Content/Enums/Utility/ENiagara_TImelineMode.uasset" 6440
"../../Plugins/FX/Niagara/Content/Enums/Utility/ENiagara_TimelineOutput.uasset" 6441
"../../Plugins/FX/Niagara/Content/Enums/Utility/ENiagara_TimelineOutputMode.uasset" 6442
"C:/Users/kbc12306156/AppData/Local/UnrealEngine/Common/DerivedDataCache/Buckets/BulkDataList/d3/69/95911bb754cabb5798a47ecc31eb4f3167db.udd" 6443
"C:/Users/kbc12306156/AppData/Local/UnrealEngine/Common/DerivedDataCache/Buckets/LegacyNiagaraScriptDerivedData/0e/7f/051704343382b0f6ac6e11d28852d7aecd74.udd" 6444
"C:/Users/kbc12306156/AppData/Local/UnrealEngine/Common/DerivedDataCache/Buckets/LegacyNiagaraScriptDerivedData/14/26/e717382114a073cc78fc8ec9999d39c5c92d.udd" 6445
"C:/Users/kbc12306156/AppData/Local/UnrealEngine/Common/DerivedDataCache/Buckets/LegacyNiagaraScriptDerivedData/3a/db/df9be231559cc508849023cf61e14f9bedef.udd" 6446
"C:/Users/kbc12306156/AppData/Local/UnrealEngine/Common/DerivedDataCache/Buckets/LegacyNiagaraScriptDerivedData/fb/0a/69ed97cd38790680939a4885b1b3152cffbb.udd" 6447
"C:/PG/GFFproject/Content/Map/gameclear.umap" 6448
"C:/Users/kbc12306156/AppData/Local/UnrealEngine/Common/DerivedDataCache/Buckets/LegacyNiagaraScriptDerivedData/d3/4c/9c198c3297499b7845e1e3906841ba2732d4.udd" 6449
"C:/Users/kbc12306156/AppData/Local/UnrealEngine/Common/DerivedDataCache/Buckets/LegacyNiagaraScriptDerivedData/7b/d4/b5954b77b4ee8d4a74ca9d4a8a4961a3686b.udd" 6450
"C:/Users/kbc12306156/AppData/Local/UnrealEngine/Common/DerivedDataCache/Buckets/LegacyNiagaraScriptDerivedData/de/74/9a4d61708d036bcd66759f085dbe0f4762e3.udd" 6451
"C:/Users/kbc12306156/AppData/Local/UnrealEngine/Common/DerivedDataCache/Buckets/LegacyNiagaraScriptDerivedData/03/17/93a4ca7ef217ba9cc5803b840f16f996d96f.udd" 6452
"C:/Users/kbc12306156/AppData/Local/UnrealEngine/Common/DerivedDataCache/Buckets/LegacyNiagaraScriptDerivedData/67/1d/83d716d317443c9a2beeea1546b4084685dd.udd" 6453
"C:/Users/kbc12306156/AppData/Local/UnrealEngine/Common/DerivedDataCache/Buckets/LegacyNiagaraScriptDerivedData/60/67/d6e5a787a0fd98ff46ad0d2237633f2dfef6.udd" 6454
"C:/Users/kbc12306156/AppData/Local/UnrealEngine/Common/DerivedDataCache/Buckets/LegacyNiagaraScriptDerivedData/68/c7/e3fe8e92784a992e0d089df7f913752cf040.udd" 6455
"C:/Users/kbc12306156/AppData/Local/UnrealEngine/Common/DerivedDataCache/Buckets/LegacyNiagaraScriptDerivedData/74/8f/e9308f1bd7490344b775f70e77f657b2c7c8.udd" 6456
"C:/Users/kbc12306156/AppData/Local/UnrealEngine/Common/DerivedDataCache/Buckets/LegacyNiagaraScriptDerivedData/36/a0/11ed770f03673eb9f6bf8fb039d675641343.udd" 6457
"C:/Users/kbc12306156/AppData/Local/UnrealEngine/Common/DerivedDataCache/Buckets/LegacyNiagaraScriptDerivedData/a2/f1/18f94b4bf1b157bf93a04ab4b294d25daf1f.udd" 6458
"C:/Users/kbc12306156/AppData/Local/UnrealEngine/Common/DerivedDataCache/Buckets/LegacyNiagaraScriptDerivedData/8a/ba/6e6ce104e0d870b26e4e4991de27bd990bc8.udd" 6459
"C:/PG/GFFproject/Content/Realistic_Starter_VFX_Pack_Vol2/DemoRoom/Materials/M_DemoWall_Inst_BaseFloor_Inst.uasset" 6460
"C:/Users/kbc12306156/AppData/Local/UnrealEngine/Common/DerivedDataCache/Buckets/LegacyNiagaraScriptDerivedData/9a/13/912ef30d93527c1308b25b81500b6a941790.udd" 6461
"C:/Users/kbc12306156/AppData/Local/UnrealEngine/Common/DerivedDataCache/Buckets/LegacyNiagaraScriptDerivedData/ee/66/3a58af6247d8f1b61ed495fb9c07816ab171.udd" 6462
"C:/Users/kbc12306156/AppData/Local/UnrealEngine/Common/DerivedDataCache/Buckets/LegacyNiagaraScriptDerivedData/4f/af/2abdd7a770f918d8c3b8bf43281ee0b4e0d2.udd" 6463
"C:/Users/kbc12306156/AppData/Local/UnrealEngine/Common/DerivedDataCache/Buckets/LegacyNiagaraScriptDerivedData/72/a7/584f3016ffb3c0675dbf905d118b9376a2cc.udd" 6464
"C:/Users/kbc12306156/AppData/Local/UnrealEngine/Common/DerivedDataCache/Buckets/LegacyNiagaraScriptDerivedData/c5/4c/277c6f24ce9b8cca27aa23f4c03eb7da2ef1.udd" 6465
"C:/PG/GFFproject/Content/Arena/Sequences/Flythrough.uasset" 6466
"C:/PG/GFFproject/Content/EnemyBos/Enemy_Attack/BP_AttackTest.uasset" 6467
"C:/PG/GFFproject/Content/ThirdPerson/Blueprints/BP_torch.uasset" 6468
"../../../../../../PG/GFFproject/Content/Arena/Meshes/SM_Wood05.uasset" 6469
"../../../../../../PG/GFFproject/Content/Arena/Meshes/SM_WoodPole02.uasset" 6470
"../../../../../../PG/GFFproject/Content/Arena/Meshes/SM_Wood03.uasset" 6471
"../../../../../../PG/GFFproject/Content/Arena/Meshes/SM_Rope03.uasset" 6472
"../../../../../../PG/GFFproject/Content/Arena/Meshes/SM_FlagPole01.uasset" 6473
"../../../../../../PG/GFFproject/Content/Arena/Meshes/SM_Rope01.uasset" 6474
"C:/Users/kbc12306156/AppData/Local/UnrealEngine/Common/DerivedDataCache/Buckets/LegacyTEXTURE/94/81/c3e1669cfa6d65edd8f4657ddfc7ee56b4db.udd" 6475
"C:/Users/kbc12306156/AppData/Local/UnrealEngine/Common/DerivedDataCache/Buckets/LegacyTEXTURE/a7/7c/24e62e46989a725b910519b5bd45d88380a6.udd" 6476
"C:/Users/kbc12306156/AppData/Local/UnrealEngine/Common/DerivedDataCache/Buckets/LegacyTEXTURE/7e/65/de6f291b1a61223937579569b325326cd505.udd" 6477
"C:/Users/kbc12306156/AppData/Local/UnrealEngine/Common/DerivedDataCache/Buckets/LegacyTEXTURE/62/b1/905b31be3012a6de94cc6bab73bf3032a4ca.udd" 6478
"../../../Engine/Content/OpenWorldTemplate/LandscapeMaterial/MI_ProcGrid.uasset" 6479
"C:/PG/GFFproject/Content/Arena/Materials/MI_GroundBlend02.uasset" 6480
"../../../Engine/Plugins/Interchange/Runtime/Content/gltf/MaterialInstances_MR/MI_Transmission_TS.uasset" 6481
"../../../Engine/Plugins/Interchange/Runtime/Content/gltf/MaterialInstances_MR/MI_Transmission.uasset" 6482
"../../../Engine/Plugins/Interchange/Runtime/Content/gltf/MaterialInstances_SG/MI_Transmission_TS.uasset" 6483
"../../Plugins/FX/Niagara/Content/DynamicInputs/Angles/Cosine.uasset" 6484
"../../Plugins/FX/Niagara/Content/DynamicInputs/Angles/Sine.uasset" 6485
"../../Plugins/FX/Niagara/Content/DynamicInputs/TypeConversions/MakeVector.uasset" 6486
"../../Plugins/FX/Niagara/Content/DynamicInputs/TypeConversions/MakeVectorFromLinearColorRGB.uasset" 6487
"../../Plugins/FX/Niagara/Content/DynamicInputs/UniformRange/V3/RandomRangeLinearColor.uasset" 6488
"../../Plugins/FX/Niagara/Content/Modules/Update/Color/ScaleColor.uasset" 6489
"../../Plugins/FX/Niagara/Content/Enums/ENiagaraScaleColorMode.uasset" 6490
"../../Plugins/FX/Niagara/Content/Modules/Update/Forces/V2/CurlNoiseForce.uasset" 6491
"../../Plugins/FX/Niagara/Content/Functions/V2/ConeMask.uasset" 6492
"../../Plugins/FX/Niagara/Content/Functions/FindAngleBetweenVectors.uasset" 6493
"../../Plugins/FX/Niagara/Content/Enums/ENiagaraCurlNoiseQuality.uasset" 6494
"../../Plugins/FX/Niagara/Content/VectorFields/Assets/TilingCurl16.uasset" 6495
"../../Plugins/FX/Niagara/Content/VectorFields/Assets/TilingCurl64.uasset" 6496
"C:/Users/kbc12306156/AppData/Local/UnrealEngine/Common/DerivedDataCache/Buckets/BulkDataList/16/e9/1f9d7f32c4eb4d55f14103f2c086866933e2.udd" 6497
"C:/Users/kbc12306156/AppData/Local/UnrealEngine/Common/DerivedDataCache/Buckets/LegacyNiagaraScriptDerivedData/b5/33/58878d8f721360e64da0dc0d762af8b10f42.udd" 6498
"C:/Users/kbc12306156/AppData/Local/UnrealEngine/Common/DerivedDataCache/Buckets/LegacyNiagaraScriptDerivedData/16/23/3a77535344ec56b80e3f50192fe5a5e684d0.udd" 6499
"C:/Users/kbc12306156/AppData/Local/UnrealEngine/Common/DerivedDataCache/Buckets/LegacyNiagaraScriptDerivedData/b3/19/8140f62b28ec892630ef512a81b6d7c57852.udd" 6500
"C:/Users/kbc12306156/AppData/Local/UnrealEngine/Common/DerivedDataCache/Buckets/LegacyNiagaraScriptDerivedData/fa/49/8e20a3b336b219c24203590bbaf9d47ed92a.udd" 6501
"../../../Engine/Plugins/Interchange/Runtime/Content/gltf/MaterialInstances_SG/MI_Transmission.uasset" 6502
"C:/Users/kbc12306156/AppData/Local/UnrealEngine/Common/DerivedDataCache/Buckets/LegacyNiagaraScriptDerivedData/c5/87/2ab96338d9380571d0b04320b65ec04f1af1.udd" 6503
"C:/Users/kbc12306156/AppData/Local/UnrealEngine/Common/DerivedDataCache/Buckets/LegacyNiagaraScriptDerivedData/a9/e9/438c1cd357cfe092a6b023a7f1e7764f1614.udd" 6504
"C:/Users/kbc12306156/AppData/Local/UnrealEngine/Common/DerivedDataCache/Buckets/LegacyNiagaraScriptDerivedData/3a/c8/227883c6092a150053a4a2583ffe7bd0a349.udd" 6505
"C:/Users/kbc12306156/AppData/Local/UnrealEngine/Common/DerivedDataCache/Buckets/LegacyNiagaraScriptDerivedData/8d/d1/dea443158cdf5d889abf7f20678887e5bacc.udd" 6506
"../../Plugins/FX/Niagara/Content/DynamicInputs/TypeConversions/Vector2DFromFloat.uasset" 6507
"../../Plugins/FX/Niagara/Content/Modules/AttributeReader/SampleParticlesFromOtherEmitter.uasset" 6508
"../../Plugins/FX/Niagara/Content/Functions/RandomRangeInteger.uasset" 6509
"../../Plugins/FX/Niagara/Content/Enums/ENiagara_DirectReadApplicationMode.uasset" 6510
"../../Plugins/FX/Niagara/Content/Enums/ENiagara_DirectReadParticleIDSampling.uasset" 6511
"../../Plugins/FX/Niagara/Content/Enums/ENiagara_DirectReadSamplingMode.uasset" 6512
"../../Plugins/FX/Niagara/Content/Enums/ENiagara_EmitterLocSamplingMode.uasset" 6513
"../../Plugins/FX/Niagara/Content/Enums/ENiagara_LifetimeInheritanceOptions.uasset" 6514
"../../Plugins/FX/Niagara/Content/Modules/AttributeReader/SpawnParticlesFromOtherEmitter.uasset" 6515
"../../Plugins/FX/Niagara/Content/Modules/Collision/Collision.uasset" 6516
"../../Plugins/FX/Niagara/Content/Functions/CalculateMeshRadius.uasset" 6517
"../../Plugins/FX/Niagara/Content/Enums/ENiagaraCalculateRadiusOptions.uasset" 6518
"../../Plugins/FX/Niagara/Content/Functions/CalculateRadiusFromSpriteSize.uasset" 6519
"../../Plugins/FX/Niagara/Content/Functions/Helpers/DoOnce_fn.uasset" 6520
"../../Plugins/FX/Niagara/Content/Functions/ProjectVectorOnPlane.uasset" 6521
"../../Plugins/FX/Niagara/Content/Modules/Collision/CollisionQueryAndResponse.uasset" 6522
"../../Plugins/FX/Niagara/Content/Functions/Collision/PlaneSphereCollisionDetection.uasset" 6523
"../../Plugins/FX/Niagara/Content/Functions/Collision/RandomizeCollisionNormals.uasset" 6524
"../../Plugins/FX/Niagara/Content/Functions/ReflectVector.uasset" 6525
"../../Plugins/FX/Niagara/Content/Functions/Textures/CalculateA_VolumeTexturesDistanceFieldGradient.uasset" 6526
"../../Plugins/FX/Niagara/Content/Enums/ENiagara_Float4Channel.uasset" 6527
"../../Plugins/FX/Niagara/Content/Modules/Collision/NiagaraDistanceFieldCollisions.uasset" 6528
"../../Plugins/FX/Niagara/Content/Modules/Collision/SceneDepthTest.uasset" 6529
"../../Plugins/FX/Niagara/Content/Enums/ENiagara_CPUCollisionType.uasset" 6530
"../../Plugins/FX/Niagara/Content/Enums/ENiagara_GPUCollisionType.uasset" 6531
"../../Plugins/FX/Niagara/Content/Enums/ENiagaraFrictionMergeType.uasset" 6532
"../../Plugins/FX/Niagara/Content/Enums/ENiagaraRestitutionMergeType.uasset" 6533
"../../Plugins/FX/Niagara/Content/Enums/ENiagaraCollisionRadiusOptions.uasset" 6534
"../../Plugins/FX/Niagara/Content/Modules/Events/GenerateCollisionEvent.uasset" 6535
"../../Plugins/FX/Niagara/Content/Functions/Helpers/SetBoolByTimer.uasset" 6536
"../../Plugins/FX/Niagara/Content/DefaultAssets/Structs/CollisionEvent.uasset" 6537
"../../Plugins/FX/Niagara/Content/Modules/Events/ReceiveCollisionEvent.uasset" 6538
"../../Plugins/FX/Niagara/Content/Modules/Spawn/Location/TorusLocation.uasset" 6539
"../../Plugins/FX/Niagara/Content/Functions/RandomRange.uasset" 6540
"../../Plugins/FX/Niagara/Content/Enums/ENiagaraTorusMode.uasset" 6541
"../../Plugins/FX/Niagara/Content/Modules/Update/Orientation/AlignSpriteToMeshOrientation.uasset" 6542
"../../Plugins/FX/Niagara/Content/Modules/Update/Position/JitterPosition.uasset" 6543
"../../Plugins/FX/Niagara/Content/Modules/Update/Velocity/VortexVelocity.uasset" 6544
"C:/Users/kbc12306156/AppData/Local/UnrealEngine/Common/DerivedDataCache/Buckets/BulkDataList/d1/75/ff2d56a1944626c0beb34cf3bf4a2c006136.udd" 6545
"C:/Users/kbc12306156/AppData/Local/UnrealEngine/Common/DerivedDataCache/Buckets/LegacyNiagaraScriptDerivedData/c5/10/e12cfaf22f77a58a652146d9b4252ec85a30.udd" 6546
"C:/Users/kbc12306156/AppData/Local/UnrealEngine/Common/DerivedDataCache/Buckets/LegacyNiagaraScriptDerivedData/00/9b/19c265a9d12d1d93fdc12145a054f4dbfc8d.udd" 6547
"C:/Users/kbc12306156/AppData/Local/UnrealEngine/Common/DerivedDataCache/Buckets/LegacyNiagaraScriptDerivedData/f1/78/2575b2d029f49b2b88d58dc2d638e7086807.udd" 6548
"C:/Users/kbc12306156/AppData/Local/UnrealEngine/Common/DerivedDataCache/Buckets/LegacyNiagaraScriptDerivedData/9c/07/b785db20557c5abcbdb7a9cb244863807967.udd" 6549
"C:/Users/kbc12306156/AppData/Local/UnrealEngine/Common/DerivedDataCache/Buckets/LegacyNiagaraScriptDerivedData/00/c7/fb36c14fc279636ea48fe671644b4fd4ef90.udd" 6550
"C:/Users/kbc12306156/AppData/Local/UnrealEngine/Common/DerivedDataCache/Buckets/LegacyNiagaraScriptDerivedData/ac/2c/f2609f426383401a515b88645175d37081fb.udd" 6551
"C:/Users/kbc12306156/AppData/Local/UnrealEngine/Common/DerivedDataCache/Buckets/LegacyNiagaraScriptDerivedData/2c/d8/4bedff6ddc170ccc49dffea7998184430702.udd" 6552
"C:/Users/kbc12306156/AppData/Local/UnrealEngine/Common/DerivedDataCache/Buckets/LegacyNiagaraScriptDerivedData/94/7d/6806187244c2638384f2669c83244d5bfd4f.udd" 6553
"C:/Users/kbc12306156/AppData/Local/UnrealEngine/Common/DerivedDataCache/Buckets/LegacyNiagaraScriptDerivedData/05/89/421fddde2b7ef4b74167b369a1fcab20b6ea.udd" 6554
"C:/Users/kbc12306156/AppData/Local/UnrealEngine/Common/DerivedDataCache/Buckets/LegacyNiagaraScriptDerivedData/ba/a9/38839c0cabd4e1b6d675a22d89ead100423a.udd" 6555
"C:/Users/kbc12306156/AppData/Local/UnrealEngine/Common/DerivedDataCache/Buckets/LegacyNiagaraScriptDerivedData/35/1d/6defe7389da5f726af300b71e7564ab32d06.udd" 6556
"C:/Users/kbc12306156/AppData/Local/UnrealEngine/Common/DerivedDataCache/Buckets/LegacyNiagaraScriptDerivedData/45/f6/2f743b4ca87e5c720f8704b3a05f98139764.udd" 6557
"../../../Engine/Plugins/Interchange/Runtime/Content/gltf/MaterialInstances_MR/MI_Opaque_Sheen_TS.uasset" 6558
"C:/Users/kbc12306156/AppData/Local/UnrealEngine/Common/DerivedDataCache/Buckets/LegacyNiagaraScriptDerivedData/66/f0/c60e735b0de9bfedbf6e26ef9b5c66ae91f4.udd" 6559
"C:/Users/kbc12306156/AppData/Local/UnrealEngine/Common/DerivedDataCache/Buckets/LegacyNiagaraScriptDerivedData/78/a6/6dbf29d43daff3329356261d2eaa711a17ad.udd" 6560
"C:/Users/kbc12306156/AppData/Local/UnrealEngine/Common/DerivedDataCache/Buckets/LegacyNiagaraScriptDerivedData/ab/8d/63b061cced8639fa4c6ce3a2a23559bcadc6.udd" 6561
"C:/Users/kbc12306156/AppData/Local/UnrealEngine/Common/DerivedDataCache/Buckets/LegacyNiagaraScriptDerivedData/49/f9/b2398f18b47604c7484d551dc92b21846d03.udd" 6562
"C:/Users/kbc12306156/AppData/Local/UnrealEngine/Common/DerivedDataCache/Buckets/LegacyNiagaraScriptDerivedData/06/a4/25a9fb6ff1e542a79c126d7472c0e280c0b5.udd" 6563
"C:/Users/kbc12306156/AppData/Local/UnrealEngine/Common/DerivedDataCache/Buckets/LegacyNiagaraScriptDerivedData/90/5e/659efa8385a3b62d07428700dbee36f54ba8.udd" 6564
"C:/Users/kbc12306156/AppData/Local/UnrealEngine/Common/DerivedDataCache/Buckets/StaticMesh/27/26/ee804d9db2b9531190bdddce4e9b97fbb06f.udd" 6565
"../../../Engine/Plugins/Interchange/Runtime/Content/gltf/MaterialInstances_MR/MI_Opaque_Sheen.uasset" 6566
"C:/Users/kbc12306156/AppData/Local/UnrealEngine/Common/DerivedDataCache/Buckets/LegacyDIST/69/c6/779fbe8d7832d06c046ca74270e491984d06.udd" 6567
"C:/Users/kbc12306156/AppData/Local/UnrealEngine/Common/DerivedDataCache/Buckets/LegacyCARD/33/78/ff2adbfedd690e595c436818ec328fe10973.udd" 6568
"C:/Users/kbc12306156/AppData/Local/UnrealEngine/Common/DerivedDataCache/Buckets/StaticMesh/ce/fd/51561ab195e911107c3e7f22771defd61bd6.udd" 6569
"../../../Engine/Plugins/Interchange/Runtime/Content/gltf/MaterialInstances_SG/MI_Opaque_Sheen_TS.uasset" 6570
"C:/Users/kbc12306156/AppData/Local/UnrealEngine/Common/DerivedDataCache/Buckets/LegacyDIST/66/4f/b7a87107137704996fbab1ff08e2a8ea771b.udd" 6571
"C:/Users/kbc12306156/AppData/Local/UnrealEngine/Common/DerivedDataCache/Buckets/LegacyCARD/4b/e6/11768cc8c0d3018df5aee5678c2b9b6f7fd2.udd" 6572
"C:/Users/kbc12306156/AppData/Local/UnrealEngine/Common/DerivedDataCache/Buckets/LegacyChaosGeometryData/bf/67/471f285e1ad2d0a1112ccf86adb13b2a1776.udd" 6573
"C:/Users/kbc12306156/AppData/Local/UnrealEngine/Common/DerivedDataCache/Buckets/LegacyNavCollision/d6/6b/84138a94cb4baa2b51eb9babdc7f3c230fc5.udd" 6574
"C:/Users/kbc12306156/AppData/Local/UnrealEngine/Common/DerivedDataCache/Buckets/LegacyNavCollision/a6/96/6202be166c3f9a1954c048c8d142f91dc6fd.udd" 6575
"../../../Engine/Plugins/Interchange/Runtime/Content/gltf/MaterialInstances_SG/MI_Opaque_Sheen.uasset" 6576
"../../../../../../PG/GFFproject/Content/Map/gameover.umap" 6577
"../../../Engine/Plugins/Interchange/Runtime/Content/gltf/MaterialInstances_MR/MI_Translucent_TS.uasset" 6578
"../../../../../../PG/GFFproject/Content/Map/gameclear.umap" 6579
"../../../Engine/Plugins/Interchange/Runtime/Content/gltf/MaterialInstances_MR/MI_Translucent_ClearCoat_TS.uasset" 6580
"../../../Engine/Plugins/Interchange/Runtime/Content/gltf/MaterialInstances_MR/MI_Translucent_ClearCoat.uasset" 6581
"../../../Engine/Plugins/Interchange/Runtime/Content/gltf/MaterialInstances_MR/MI_Translucent.uasset" 6582
"../../../Engine/Plugins/Interchange/Runtime/Content/gltf/MaterialInstances_SG/MI_Translucent_TS.uasset" 6583
"../../../Engine/Plugins/Interchange/Runtime/Content/gltf/MaterialInstances_SG/MI_Translucent_ClearCoat_TS.uasset" 6584
"../../../../../../PG/GFFproject/Content/Arena/Meshes/SM_WallFabric01.uasset" 6585
"../../../../../../PG/GFFproject/Content/Arena/Meshes/SM_WallFabric02.uasset" 6586
"C:/Users/kbc12306156/AppData/Local/UnrealEngine/Common/DerivedDataCache/Buckets/LegacyTEXTURE/e4/65/6126454f523d489fb2c69cb7418a58d9336a.udd" 6587
"C:/Users/kbc12306156/AppData/Local/UnrealEngine/Common/DerivedDataCache/Buckets/LegacyTEXTURE/46/ea/6a5ec48eccbdc183b54d58c77e5ff8ca4765.udd" 6588
"C:/Users/kbc12306156/AppData/Local/UnrealEngine/Common/DerivedDataCache/Buckets/LegacyTEXTURE/28/80/3a28627d035160c2984b7184460fbf73c10c.udd" 6589
"C:/Users/kbc12306156/AppData/Local/UnrealEngine/Common/DerivedDataCache/Buckets/LegacyTEXTURE/1d/b7/30d5496e92c274c5572a1e0a3f4e8a4bdd36.udd" 6590
"C:/Users/kbc12306156/AppData/Local/UnrealEngine/Common/DerivedDataCache/Buckets/LegacyTEXTURE/eb/6c/ca09bae1c42a4d50b74552ae034cc3432782.udd" 6591
"C:/Users/kbc12306156/AppData/Local/UnrealEngine/Common/DerivedDataCache/Buckets/LegacyTEXTURE/64/88/89f85654abc827bf43d63e56321b229d4367.udd" 6592
"C:/Users/kbc12306156/AppData/Local/UnrealEngine/Common/DerivedDataCache/Buckets/LegacyTEXTURE/45/ef/0e2ede752b40fcae813922efd076416cb471.udd" 6593
"C:/Users/kbc12306156/AppData/Local/UnrealEngine/Common/DerivedDataCache/Buckets/LegacyTEXTURE/64/31/369b93c1e331231bbb927e233bbdab56cd49.udd" 6594
"../../../Engine/Content/EditorResources/EmptyActor.uasset" 6595
"C:/Users/kbc12306156/AppData/Local/UnrealEngine/Common/DerivedDataCache/Buckets/BulkDataList/62/37/2ca5132adaab2dc6b756da0268a31e24474a.udd" 6596
"../../../Engine/Content/EditorResources/LightIcons/S_LightError.uasset" 6597
"C:/Users/kbc12306156/AppData/Local/UnrealEngine/Common/DerivedDataCache/Buckets/BulkDataList/3a/4d/bf31635322370b18db3f292a5049f0c148f1.udd" 6598
"../../../Engine/Plugins/Interchange/Runtime/Content/gltf/MaterialInstances_SG/MI_Translucent_ClearCoat.uasset" 6599
"../../../Engine/Plugins/Interchange/Runtime/Content/gltf/MaterialInstances_SG/MI_Translucent.uasset" 6600
"../../../Engine/Plugins/Interchange/Runtime/Content/gltf/MaterialInstances_MR/MI_Opaque_TS.uasset" 6601
"../../../Engine/Plugins/Interchange/Runtime/Content/gltf/MaterialInstances_MR/MI_Opaque_ClearCoat_TS.uasset" 6602
"../../../Engine/Plugins/Interchange/Runtime/Content/gltf/MaterialInstances_MR/MI_Opaque_ClearCoat.uasset" 6603
"../../../Engine/Plugins/Interchange/Runtime/Content/gltf/MaterialInstances_MR/MI_Opaque.uasset" 6604
"../../../Engine/Plugins/Interchange/Runtime/Content/gltf/MaterialInstances_SG/MI_Opaque_TS.uasset" 6605
"../../../Engine/Plugins/Interchange/Runtime/Content/gltf/MaterialInstances_SG/MI_Opaque_ClearCoat_TS.uasset" 6606
"../../../Engine/Plugins/Interchange/Runtime/Content/gltf/MaterialInstances_SG/MI_Opaque_ClearCoat.uasset" 6607
"../../../Engine/Plugins/Interchange/Runtime/Content/gltf/MaterialInstances_SG/MI_Opaque.uasset" 6608
"C:/PG/GFFproject/Content/Realistic_Starter_VFX_Pack_Vol2/DemoRoom/Meshes/SM_BaseRoom.uasset" 6609
"C:/PG/GFFproject/Content/EnemyBos/Enemy_Attack/BP_EnemyAttack.uasset" 6610
"C:/PG/GFFproject/Content/Map/Title.umap" 6611
"../../../Engine/Content/EngineSounds/Submixes/MasterEQSubmixDefault.uasset" 6612
"../../../Engine/Content/EngineSounds/Submixes/MasterSubmixDefault.uasset" 6613
"../../../Engine/Content/EngineSounds/Submixes/MasterReverbSubmixDefault.uasset" 6614
"C:/PG/GFFproject/Content/ThirdPerson/Blueprints/BP_ThirdPersonCharacter.uasset" 6615
"C:/PG/GFFproject/Content/EnemyBos/BP_EnemyBos.uasset" 6616
"C:/PG/GFFproject/Content/EnemyBos/BP_EnemyController.uasset" 6617
"C:/PG/GFFproject/Content/EnemyBos/BT?EnemyBos.uasset" 6618
"C:/PG/GFFproject/Content/MonsterForSurvivalGame/Animation/PBR/Beholder/Beholder_Attack01_ANIM.uasset" 6619
"C:/PG/GFFproject/Content/EnemyBos/AMO_HitBoxBosEnemy.uasset" 6620
"C:/PG/GFFproject/Content/MonsterForSurvivalGame/Animation/PBR/Beholder/Beholder_Attack02RPT_ANIM.uasset" 6621
"C:/PG/GFFproject/Content/MonsterForSurvivalGame/Animation/PBR/Beholder/Beholder_Attack02ST_ANIM.uasset" 6622
"C:/PG/GFFproject/Content/MonsterForSurvivalGame/Animation/PBR/Beholder/Beholder_Attack03_ANIM.uasset" 6623
"C:/PG/GFFproject/Content/EnemyBos/EnemyBosAnimBP.uasset" 6624
"C:/Users/kbc12306156/AppData/Local/UnrealEngine/Common/DerivedDataCache/Buckets/StaticMesh/13/41/c4ab689d91743682b20a76a44971a4b3d611.udd" 6625
"C:/PG/GFFproject/Content/EnemyBos/EnemyBos22/EnemyBos22.uasset" 6626
"C:/Users/kbc12306156/AppData/Local/UnrealEngine/Common/DerivedDataCache/Buckets/LegacyDIST/ba/bf/d14f0b9e4a169effda0ddac5a0a5b8888bef.udd" 6627
"C:/Users/kbc12306156/AppData/Local/UnrealEngine/Common/DerivedDataCache/Buckets/LegacyCARD/34/14/97601d68fa7a097eac63c49943bf89a5c8ef.udd" 6628
"C:/Users/kbc12306156/AppData/Local/UnrealEngine/Common/DerivedDataCache/Buckets/LegacyChaosGeometryData/8c/fd/1380684c6c1bbec383c05ce2778e9ad4ead9.udd" 6629
"C:/PG/GFFproject/Content/EnemyBos/EnemyBos33/EnemyBos33.uasset" 6630
"C:/Users/kbc12306156/AppData/Local/UnrealEngine/Common/DerivedDataCache/Buckets/LegacyNavCollision/70/49/828deb96cecf587fa4a00caafbd7fa9e16f1.udd" 6631
"../../../../../../PG/GFFproject/Content/Map/Title.umap" 6632
"C:/PG/GFFproject/Content/ThirdPerson/Blueprints/BP_Tutorial_Enemy.uasset" 6633
"C:/PG/GFFproject/Content/EnemyBos/EnemyBosU.uasset" 6634
"C:/PG/GFFproject/Content/RadicalMike/ABP_player.uasset" 6635
"C:/PG/GFFproject/Content/Arena/Blueprints/DamageFeild1.uasset" 6636
"../../../../../../PG/GFFproject/Content/RadicalMike/ABP_player.uasset" 6637
"../../../../../../PG/GFFproject/Content/EnemyBos/EnemyBos22/BP_EnemyController22.uasset" 6638
"../../../../../../PG/GFFproject/Content/EnemyBos/EnemyBos22/BT?EnemyBos22.uasset" 6639
"../../../../../../PG/GFFproject/Content/MonsterForSurvivalGame/Animation/PBR/Slime/Slime_Attack01_ANIM.uasset" 6640
"../../../../../../PG/GFFproject/Content/EnemyBos/EnemyBos22/AMO_HitBoxBosEnemy22.uasset" 6641
"../../../../../../PG/GFFproject/Content/EnemyBos/EnemyBos33/BP_EnemyController33.uasset" 6642
"../../../../../../PG/GFFproject/Content/EnemyBos/EnemyBos33/BT_EnemyBos33.uasset" 6643
"../../../../../../PG/GFFproject/Content/MonsterForSurvivalGame/Animation/PBR/Swarm08/Swarm08_Attack_Anim.uasset" 6644
"../../../../../../PG/GFFproject/Content/EnemyBos/EnemyBos33/AMO_HitBoxBosEnemy33.uasset" 6645
"../../../../../../PG/GFFproject/Content/EnemyBos/EnemyBosU.uasset" 6646
"../../../../../../PG/GFFproject/Content/Arena/Blueprints/DamageFeild1.uasset" 6647
"../../../../../../PG/GFFproject/Content/MonsterForSurvivalGame/Animation/PBR/Slime/Slime_Attack02_ANIM.uasset" 6648
"C:/Users/kbc12306156/AppData/Local/UnrealEngine/Common/DerivedDataCache/Buckets/LegacyAnimSeq/47/ea/f6d67366f7c6515e1e7e4e3cb7b28832be07.udd" 6649
"C:/Users/kbc12306156/AppData/Local/UnrealEngine/Common/DerivedDataCache/Buckets/LegacyAnimSeq/f9/4f/eb9069cd797c3dee49305e4c698d65126143.udd" 6650
"C:/Users/kbc12306156/AppData/Local/UnrealEngine/Common/DerivedDataCache/Buckets/LegacyAnimSeq/87/33/4af2f137c1293148d778cd6e9c2f6098e872.udd" 6651
"C:/Users/kbc12306156/AppData/Local/UnrealEngine/Common/DerivedDataCache/Buckets/LegacyAnimSeq/87/05/16a90ef329723d77ed689a4c55d9fe7bfaae.udd" 6652
"../../../../../../PG/GFFproject/Content/Realistic_Starter_VFX_Pack_Vol2/DemoRoom/Meshes/SM_BaseRoom.uasset" 6653
"C:/Users/kbc12306156/AppData/Local/UnrealEngine/Common/DerivedDataCache/Buckets/LegacyAnimSeq/11/c3/4c979bc034c63b1f8e1ea8dbd6add5b5c176.udd" 6654
"C:/Users/kbc12306156/AppData/Local/UnrealEngine/Common/DerivedDataCache/Buckets/LegacyAnimSeq/1a/19/d839fb7cfc64ec7cb2d42033b0179146d36a.udd" 6655
"C:/Users/kbc12306156/AppData/Local/UnrealEngine/Common/DerivedDataCache/Buckets/LegacyAnimSeq/b9/33/3dd05ffb81d556d08859ae3cec55b8b32449.udd" 6656
"C:/PG/GFFproject/Content/ThirdPerson/Blueprints/BP_ThirdPersonGameMode.uasset" 6657
"C:/PG/GFFproject/Content/Item/BP_Random.uasset" 6658
"C:/PG/GFFproject/Content/ThirdPerson/Blueprints/BP_gate.uasset" 6659
"C:/PG/GFFproject/Content/Item/BP_Double_Attack.uasset" 6660
"C:/PG/GFFproject/Content/ThirdPerson/Blueprints/BP_gate1.uasset" 6661
"C:/PG/GFFproject/Content/ThirdPerson/Blueprints/die_Feild.uasset" 6662
"C:/PG/GFFproject/Content/ThirdPerson/Blueprints/die_Feild1.uasset" 6663
"C:/PG/GFFproject/Content/Map/player_Test3.umap" 6664
"C:/PG/GFFproject/Content/Map/TutorialMap.umap" 6665
"C:/PG/GFFproject/Content/Map/player_Test.umap" 6666
"C:/PG/GFFproject/Content/Tutorial/WBP_Tutorial.uasset" 6667
"C:/PG/GFFproject/Content/Tutorial/WBP_Tutorial_mission.uasset" 6668
"C:/PG/GFFproject/Content/Map/Tutorialmm.umap" 6669
"C:/PG/GFFproject/Content/Map/Loading.umap" 6670
"C:/PG/GFFproject/Content/UI/WBP_EnemyLife.uasset" 6671
"C:/PG/GFFproject/Content/Arena/Blueprints/DamageFeild.uasset" 6672
"C:/PG/GFFproject/Content/Arena/Maps/Demonstration.umap" 6673
"C:/PG/GFFproject/Content/UI/WBP_EnemyLife_3.uasset" 6674
"C:/PG/GFFproject/Content/UI/WBP_EnemyLife_2.uasset" 6675
"C:/PG/GFFproject/Content/Map/MainMap4.umap" 6676
"C:/PG/GFFproject/Content/Map/MainMap3.umap" 6677
"../../../../../../PG/GFFproject/Content/Map/Loading.umap" 6678
"../../../../../../PG/GFFproject/Content/Map/player_Test3.umap" 6679
"../../../../../../PG/GFFproject/Content/Map/player_Test.umap" 6680
"../../../../../../PG/GFFproject/Content/Map/TutorialMap.umap" 6681
"../../../../../../PG/GFFproject/Content/Map/Tutorialmm.umap" 6682
"../../../../../../PG/GFFproject/Content/Arena/Maps/Demonstration.umap" 6683
"../../../../../../PG/GFFproject/Content/Map/MainMap4.umap" 6684
"../../../../../../PG/GFFproject/Content/Map/MainMap3.umap" 6685
"../../../Engine/Content/EditorMaterials/Cloth/CameraLitDoubleSided.uasset" 6686
"../../../Engine/Content/EditorMaterials/WidgetVertexColorMaterial.uasset" 6687
"C:/Users/kbc12306156/AppData/Local/UnrealEngine/Common/DerivedDataCache/Buckets/MaterialShaderMap/8b/05/9939ba1d7d6a8f02a1134f2db5877c82ee10.udd" 6688
"C:/Users/kbc12306156/AppData/Local/UnrealEngine/Common/DerivedDataCache/Buckets/MaterialShaderMap/a5/cc/968ae7cf4a2ca03abfa144b5bf92d522ef5f.udd" 6689
"C:/Users/kbc12306156/AppData/Local/UnrealEngine/Common/DerivedDataCache/Buckets/MaterialShaderMap/00/5d/20093a1b51504ffdc9ae727c5a3961d1dade.udd" 6690
"C:/Users/kbc12306156/AppData/Local/UnrealEngine/Common/DerivedDataCache/Buckets/MaterialShaderMap/c8/07/86d4486b7c1e332582d2658075f8e252c82d.udd" 6691
